Source,Target,Type,timeset,Weight
1,2,Undirected,,1
1,3,Undirected,,1
1,4,Undirected,,1
1,5,Undirected,,1
1,6,Undirected,,1
1,7,Undirected,,1
1,8,Undirected,,1
1,10,Undirected,,1
1,12,Undirected,,1
1,13,Undirected,,1
1,14,Undirected,,1
1,18,Undirected,,1
1,20,Undirected,,1
1,21,Undirected,,1
1,23,Undirected,,1
1,24,Undirected,,1
1,25,Undirected,,1
1,30,Undirected,,1
1,31,Undirected,,1
1,32,Undirected,,1
1,33,Undirected,,1
1,34,Undirected,,1
1,35,Undirected,,1
1,36,Undirected,,1
1,37,Undirected,,1
1,38,Undirected,,1
1,40,Undirected,,1
1,41,Undirected,,1
1,42,Undirected,,1
1,43,Undirected,,1
1,44,Undirected,,1
1,50,Undirected,,1
1,51,Undirected,,1
1,53,Undirected,,1
1,54,Undirected,,1
1,63,Undirected,,1
1,64,Undirected,,1
1,65,Undirected,,1
1,74,Undirected,,1
1,75,Undirected,,1
1,80,Undirected,,1
1,82,Undirected,,1
1,83,Undirected,,1
1,90,Undirected,,1
1,91,Undirected,,1
1,95,Undirected,,1
1,100,Undirected,,1
1,101,Undirected,,1
1,102,Undirected,,1
1,103,Undirected,,1
1,104,Undirected,,1
1,106,Undirected,,1
1,108,Undirected,,1
1,109,Undirected,,1
1,111,Undirected,,1
1,113,Undirected,,1
1,114,Undirected,,1
1,117,Undirected,,1
1,126,Undirected,,1
1,127,Undirected,,1
1,132,Undirected,,1
1,133,Undirected,,1
1,137,Undirected,,1
1,138,Undirected,,1
1,139,Undirected,,1
1,141,Undirected,,1
1,144,Undirected,,1
1,147,Undirected,,1
1,148,Undirected,,1
1,151,Undirected,,1
1,152,Undirected,,1
1,153,Undirected,,1
1,154,Undirected,,1
1,155,Undirected,,1
1,156,Undirected,,1
1,157,Undirected,,1
1,158,Undirected,,1
1,159,Undirected,,1
1,161,Undirected,,1
1,163,Undirected,,1
2,3,Undirected,,1
2,4,Undirected,,1
2,5,Undirected,,1
2,6,Undirected,,1
2,7,Undirected,,1
2,8,Undirected,,1
2,10,Undirected,,1
2,12,Undirected,,1
2,13,Undirected,,1
2,14,Undirected,,1
2,18,Undirected,,1
2,20,Undirected,,1
2,23,Undirected,,1
2,24,Undirected,,1
2,28,Undirected,,1
2,29,Undirected,,1
2,30,Undirected,,1
2,31,Undirected,,1
2,32,Undirected,,1
2,33,Undirected,,1
2,34,Undirected,,1
2,35,Undirected,,1
2,36,Undirected,,1
2,37,Undirected,,1
2,38,Undirected,,1
2,40,Undirected,,1
2,41,Undirected,,1
2,42,Undirected,,1
2,43,Undirected,,1
2,44,Undirected,,1
2,47,Undirected,,1
2,48,Undirected,,1
2,50,Undirected,,1
2,51,Undirected,,1
2,52,Undirected,,1
2,53,Undirected,,1
2,54,Undirected,,1
2,57,Undirected,,1
2,64,Undirected,,1
2,65,Undirected,,1
2,66,Undirected,,1
2,74,Undirected,,1
2,75,Undirected,,1
2,76,Undirected,,1
2,77,Undirected,,1
2,80,Undirected,,1
2,81,Undirected,,1
2,82,Undirected,,1
2,83,Undirected,,1
2,90,Undirected,,1
2,91,Undirected,,1
2,94,Undirected,,1
2,95,Undirected,,1
2,97,Undirected,,1
2,100,Undirected,,1
2,101,Undirected,,1
2,102,Undirected,,1
2,103,Undirected,,1
2,106,Undirected,,1
2,108,Undirected,,1
2,109,Undirected,,1
2,111,Undirected,,1
2,112,Undirected,,1
2,113,Undirected,,1
2,116,Undirected,,1
2,117,Undirected,,1
2,119,Undirected,,1
2,126,Undirected,,1
2,127,Undirected,,1
2,132,Undirected,,1
2,133,Undirected,,1
2,136,Undirected,,1
2,137,Undirected,,1
2,138,Undirected,,1
2,139,Undirected,,1
2,140,Undirected,,1
2,141,Undirected,,1
2,144,Undirected,,1
2,146,Undirected,,1
2,147,Undirected,,1
2,148,Undirected,,1
2,150,Undirected,,1
2,151,Undirected,,1
2,152,Undirected,,1
2,153,Undirected,,1
2,154,Undirected,,1
2,155,Undirected,,1
2,156,Undirected,,1
2,157,Undirected,,1
2,158,Undirected,,1
2,159,Undirected,,1
2,161,Undirected,,1
2,163,Undirected,,1
2,164,Undirected,,1
3,4,Undirected,,1
3,5,Undirected,,1
3,7,Undirected,,1
3,8,Undirected,,1
3,10,Undirected,,1
3,11,Undirected,,1
3,13,Undirected,,1
3,23,Undirected,,1
3,24,Undirected,,1
3,33,Undirected,,1
3,36,Undirected,,1
3,40,Undirected,,1
3,42,Undirected,,1
3,44,Undirected,,1
3,47,Undirected,,1
3,48,Undirected,,1
3,52,Undirected,,1
3,53,Undirected,,1
3,54,Undirected,,1
3,57,Undirected,,1
3,58,Undirected,,1
3,60,Undirected,,1
3,66,Undirected,,1
3,67,Undirected,,1
3,72,Undirected,,1
3,74,Undirected,,1
3,75,Undirected,,1
3,76,Undirected,,1
3,77,Undirected,,1
3,80,Undirected,,1
3,82,Undirected,,1
3,83,Undirected,,1
3,88,Undirected,,1
3,94,Undirected,,1
3,95,Undirected,,1
3,96,Undirected,,1
3,97,Undirected,,1
3,100,Undirected,,1
3,101,Undirected,,1
3,102,Undirected,,1
3,103,Undirected,,1
3,105,Undirected,,1
3,106,Undirected,,1
3,108,Undirected,,1
3,115,Undirected,,1
3,116,Undirected,,1
3,126,Undirected,,1
3,131,Undirected,,1
3,133,Undirected,,1
3,136,Undirected,,1
3,139,Undirected,,1
3,140,Undirected,,1
3,144,Undirected,,1
3,146,Undirected,,1
3,147,Undirected,,1
3,148,Undirected,,1
3,152,Undirected,,1
3,153,Undirected,,1
3,155,Undirected,,1
3,156,Undirected,,1
3,157,Undirected,,1
3,161,Undirected,,1
3,163,Undirected,,1
3,164,Undirected,,1
4,7,Undirected,,1
4,8,Undirected,,1
4,10,Undirected,,1
4,11,Undirected,,1
4,22,Undirected,,1
4,24,Undirected,,1
4,33,Undirected,,1
4,35,Undirected,,1
4,36,Undirected,,1
4,42,Undirected,,1
4,47,Undirected,,1
4,48,Undirected,,1
4,53,Undirected,,1
4,54,Undirected,,1
4,58,Undirected,,1
4,62,Undirected,,1
4,63,Undirected,,1
4,66,Undirected,,1
4,67,Undirected,,1
4,74,Undirected,,1
4,75,Undirected,,1
4,76,Undirected,,1
4,78,Undirected,,1
4,79,Undirected,,1
4,80,Undirected,,1
4,81,Undirected,,1
4,82,Undirected,,1
4,83,Undirected,,1
4,85,Undirected,,1
4,88,Undirected,,1
4,89,Undirected,,1
4,92,Undirected,,1
4,93,Undirected,,1
4,94,Undirected,,1
4,95,Undirected,,1
4,97,Undirected,,1
4,102,Undirected,,1
4,103,Undirected,,1
4,126,Undirected,,1
4,137,Undirected,,1
4,139,Undirected,,1
4,140,Undirected,,1
4,142,Undirected,,1
4,143,Undirected,,1
4,144,Undirected,,1
4,145,Undirected,,1
4,146,Undirected,,1
4,147,Undirected,,1
4,149,Undirected,,1
4,150,Undirected,,1
4,154,Undirected,,1
4,155,Undirected,,1
4,156,Undirected,,1
4,157,Undirected,,1
4,164,Undirected,,1
5,6,Undirected,,1
5,7,Undirected,,1
5,8,Undirected,,1
5,13,Undirected,,1
5,14,Undirected,,1
5,18,Undirected,,1
5,20,Undirected,,1
5,23,Undirected,,1
5,24,Undirected,,1
5,28,Undirected,,1
5,30,Undirected,,1
5,31,Undirected,,1
5,32,Undirected,,1
5,33,Undirected,,1
5,34,Undirected,,1
5,36,Undirected,,1
5,38,Undirected,,1
5,39,Undirected,,1
5,49,Undirected,,1
5,50,Undirected,,1
5,51,Undirected,,1
5,52,Undirected,,1
5,53,Undirected,,1
5,54,Undirected,,1
5,64,Undirected,,1
5,70,Undirected,,1
5,71,Undirected,,1
5,76,Undirected,,1
5,77,Undirected,,1
5,82,Undirected,,1
5,83,Undirected,,1
5,92,Undirected,,1
5,93,Undirected,,1
5,94,Undirected,,1
5,95,Undirected,,1
5,98,Undirected,,1
5,100,Undirected,,1
5,101,Undirected,,1
5,102,Undirected,,1
5,103,Undirected,,1
5,104,Undirected,,1
5,105,Undirected,,1
5,107,Undirected,,1
5,109,Undirected,,1
5,114,Undirected,,1
5,115,Undirected,,1
5,119,Undirected,,1
5,125,Undirected,,1
5,129,Undirected,,1
5,139,Undirected,,1
5,144,Undirected,,1
5,147,Undirected,,1
5,148,Undirected,,1
5,151,Undirected,,1
5,152,Undirected,,1
5,155,Undirected,,1
5,157,Undirected,,1
5,158,Undirected,,1
6,7,Undirected,,1
6,8,Undirected,,1
6,13,Undirected,,1
6,14,Undirected,,1
6,18,Undirected,,1
6,20,Undirected,,1
6,23,Undirected,,1
6,24,Undirected,,1
6,28,Undirected,,1
6,30,Undirected,,1
6,31,Undirected,,1
6,32,Undirected,,1
6,33,Undirected,,1
6,34,Undirected,,1
6,36,Undirected,,1
6,42,Undirected,,1
6,49,Undirected,,1
6,50,Undirected,,1
6,51,Undirected,,1
6,52,Undirected,,1
6,53,Undirected,,1
6,54,Undirected,,1
6,59,Undirected,,1
6,64,Undirected,,1
6,70,Undirected,,1
6,71,Undirected,,1
6,76,Undirected,,1
6,77,Undirected,,1
6,82,Undirected,,1
6,83,Undirected,,1
6,92,Undirected,,1
6,93,Undirected,,1
6,95,Undirected,,1
6,98,Undirected,,1
6,100,Undirected,,1
6,101,Undirected,,1
6,102,Undirected,,1
6,103,Undirected,,1
6,104,Undirected,,1
6,105,Undirected,,1
6,106,Undirected,,1
6,107,Undirected,,1
6,109,Undirected,,1
6,110,Undirected,,1
6,114,Undirected,,1
6,115,Undirected,,1
6,118,Undirected,,1
6,119,Undirected,,1
6,125,Undirected,,1
6,129,Undirected,,1
6,139,Undirected,,1
6,147,Undirected,,1
6,148,Undirected,,1
6,151,Undirected,,1
6,152,Undirected,,1
6,155,Undirected,,1
6,157,Undirected,,1
6,158,Undirected,,1
7,8,Undirected,,1
7,9,Undirected,,1
7,10,Undirected,,1
7,12,Undirected,,1
7,13,Undirected,,1
7,14,Undirected,,1
7,18,Undirected,,1
7,20,Undirected,,1
7,21,Undirected,,1
7,23,Undirected,,1
7,24,Undirected,,1
7,25,Undirected,,1
7,32,Undirected,,1
7,33,Undirected,,1
7,34,Undirected,,1
7,35,Undirected,,1
7,36,Undirected,,1
7,39,Undirected,,1
7,40,Undirected,,1
7,41,Undirected,,1
7,42,Undirected,,1
7,50,Undirected,,1
7,51,Undirected,,1
7,52,Undirected,,1
7,53,Undirected,,1
7,54,Undirected,,1
7,77,Undirected,,1
7,80,Undirected,,1
7,81,Undirected,,1
7,82,Undirected,,1
7,83,Undirected,,1
7,91,Undirected,,1
7,92,Undirected,,1
7,93,Undirected,,1
7,94,Undirected,,1
7,95,Undirected,,1
7,100,Undirected,,1
7,101,Undirected,,1
7,102,Undirected,,1
7,103,Undirected,,1
7,105,Undirected,,1
7,107,Undirected,,1
7,110,Undirected,,1
7,113,Undirected,,1
7,114,Undirected,,1
7,115,Undirected,,1
7,119,Undirected,,1
7,123,Undirected,,1
7,124,Undirected,,1
7,127,Undirected,,1
7,130,Undirected,,1
7,139,Undirected,,1
7,142,Undirected,,1
7,144,Undirected,,1
7,146,Undirected,,1
7,147,Undirected,,1
7,148,Undirected,,1
7,151,Undirected,,1
7,152,Undirected,,1
7,153,Undirected,,1
7,154,Undirected,,1
7,155,Undirected,,1
7,156,Undirected,,1
7,157,Undirected,,1
7,158,Undirected,,1
7,159,Undirected,,1
7,161,Undirected,,1
8,10,Undirected,,1
8,11,Undirected,,1
8,13,Undirected,,1
8,14,Undirected,,1
8,18,Undirected,,1
8,20,Undirected,,1
8,23,Undirected,,1
8,24,Undirected,,1
8,25,Undirected,,1
8,28,Undirected,,1
8,30,Undirected,,1
8,31,Undirected,,1
8,32,Undirected,,1
8,33,Undirected,,1
8,34,Undirected,,1
8,35,Undirected,,1
8,36,Undirected,,1
8,37,Undirected,,1
8,40,Undirected,,1
8,41,Undirected,,1
8,42,Undirected,,1
8,44,Undirected,,1
8,48,Undirected,,1
8,49,Undirected,,1
8,50,Undirected,,1
8,51,Undirected,,1
8,52,Undirected,,1
8,53,Undirected,,1
8,54,Undirected,,1
8,58,Undirected,,1
8,59,Undirected,,1
8,64,Undirected,,1
8,77,Undirected,,1
8,80,Undirected,,1
8,82,Undirected,,1
8,83,Undirected,,1
8,92,Undirected,,1
8,95,Undirected,,1
8,97,Undirected,,1
8,100,Undirected,,1
8,101,Undirected,,1
8,102,Undirected,,1
8,103,Undirected,,1
8,104,Undirected,,1
8,105,Undirected,,1
8,106,Undirected,,1
8,107,Undirected,,1
8,108,Undirected,,1
8,110,Undirected,,1
8,111,Undirected,,1
8,113,Undirected,,1
8,114,Undirected,,1
8,118,Undirected,,1
8,119,Undirected,,1
8,126,Undirected,,1
8,127,Undirected,,1
8,132,Undirected,,1
8,137,Undirected,,1
8,138,Undirected,,1
8,139,Undirected,,1
8,140,Undirected,,1
8,142,Undirected,,1
8,143,Undirected,,1
8,144,Undirected,,1
8,146,Undirected,,1
8,147,Undirected,,1
8,148,Undirected,,1
8,151,Undirected,,1
8,152,Undirected,,1
8,153,Undirected,,1
8,154,Undirected,,1
8,155,Undirected,,1
8,156,Undirected,,1
8,157,Undirected,,1
8,158,Undirected,,1
8,159,Undirected,,1
8,161,Undirected,,1
9,10,Undirected,,1
9,11,Undirected,,1
9,18,Undirected,,1
9,19,Undirected,,1
9,20,Undirected,,1
9,23,Undirected,,1
9,24,Undirected,,1
9,30,Undirected,,1
9,39,Undirected,,1
9,40,Undirected,,1
9,43,Undirected,,1
9,45,Undirected,,1
9,56,Undirected,,1
9,57,Undirected,,1
9,71,Undirected,,1
9,76,Undirected,,1
9,77,Undirected,,1
9,79,Undirected,,1
9,80,Undirected,,1
9,81,Undirected,,1
9,82,Undirected,,1
9,87,Undirected,,1
9,92,Undirected,,1
9,93,Undirected,,1
9,94,Undirected,,1
9,95,Undirected,,1
9,96,Undirected,,1
9,99,Undirected,,1
9,101,Undirected,,1
9,102,Undirected,,1
9,105,Undirected,,1
9,122,Undirected,,1
9,124,Undirected,,1
9,129,Undirected,,1
9,132,Undirected,,1
9,133,Undirected,,1
9,136,Undirected,,1
9,138,Undirected,,1
9,145,Undirected,,1
9,147,Undirected,,1
9,150,Undirected,,1
9,159,Undirected,,1
9,160,Undirected,,1
9,161,Undirected,,1
9,162,Undirected,,1
10,12,Undirected,,1
10,13,Undirected,,1
10,14,Undirected,,1
10,18,Undirected,,1
10,19,Undirected,,1
10,20,Undirected,,1
10,22,Undirected,,1
10,23,Undirected,,1
10,24,Undirected,,1
10,25,Undirected,,1
10,33,Undirected,,1
10,34,Undirected,,1
10,35,Undirected,,1
10,36,Undirected,,1
10,37,Undirected,,1
10,38,Undirected,,1
10,40,Undirected,,1
10,41,Undirected,,1
10,42,Undirected,,1
10,44,Undirected,,1
10,46,Undirected,,1
10,49,Undirected,,1
10,53,Undirected,,1
10,54,Undirected,,1
10,56,Undirected,,1
10,57,Undirected,,1
10,60,Undirected,,1
10,61,Undirected,,1
10,63,Undirected,,1
10,64,Undirected,,1
10,72,Undirected,,1
10,73,Undirected,,1
10,77,Undirected,,1
10,80,Undirected,,1
10,82,Undirected,,1
10,86,Undirected,,1
10,90,Undirected,,1
10,91,Undirected,,1
10,93,Undirected,,1
10,94,Undirected,,1
10,95,Undirected,,1
10,97,Undirected,,1
10,100,Undirected,,1
10,101,Undirected,,1
10,102,Undirected,,1
10,110,Undirected,,1
10,111,Undirected,,1
10,112,Undirected,,1
10,113,Undirected,,1
10,114,Undirected,,1
10,119,Undirected,,1
10,123,Undirected,,1
10,124,Undirected,,1
10,126,Undirected,,1
10,127,Undirected,,1
10,133,Undirected,,1
10,136,Undirected,,1
10,137,Undirected,,1
10,138,Undirected,,1
10,141,Undirected,,1
10,142,Undirected,,1
10,144,Undirected,,1
10,146,Undirected,,1
10,147,Undirected,,1
10,148,Undirected,,1
10,150,Undirected,,1
10,153,Undirected,,1
10,154,Undirected,,1
10,155,Undirected,,1
10,156,Undirected,,1
10,157,Undirected,,1
10,158,Undirected,,1
10,159,Undirected,,1
10,160,Undirected,,1
10,161,Undirected,,1
11,12,Undirected,,1
11,35,Undirected,,1
11,37,Undirected,,1
11,41,Undirected,,1
11,42,Undirected,,1
11,43,Undirected,,1
11,47,Undirected,,1
11,48,Undirected,,1
11,49,Undirected,,1
11,58,Undirected,,1
11,66,Undirected,,1
11,67,Undirected,,1
11,76,Undirected,,1
11,77,Undirected,,1
11,81,Undirected,,1
11,88,Undirected,,1
11,118,Undirected,,1
11,119,Undirected,,1
11,138,Undirected,,1
11,140,Undirected,,1
11,143,Undirected,,1
11,145,Undirected,,1
11,146,Undirected,,1
11,149,Undirected,,1
11,154,Undirected,,1
11,159,Undirected,,1
11,160,Undirected,,1
11,162,Undirected,,1
11,163,Undirected,,1
12,26,Undirected,,1
12,33,Undirected,,1
12,35,Undirected,,1
12,36,Undirected,,1
12,37,Undirected,,1
12,38,Undirected,,1
12,44,Undirected,,1
12,47,Undirected,,1
12,48,Undirected,,1
12,49,Undirected,,1
12,55,Undirected,,1
12,58,Undirected,,1
12,59,Undirected,,1
12,67,Undirected,,1
12,72,Undirected,,1
12,73,Undirected,,1
12,80,Undirected,,1
12,88,Undirected,,1
12,89,Undirected,,1
12,93,Undirected,,1
12,113,Undirected,,1
12,127,Undirected,,1
12,130,Undirected,,1
12,137,Undirected,,1
12,138,Undirected,,1
12,140,Undirected,,1
12,153,Undirected,,1
12,154,Undirected,,1
12,156,Undirected,,1
12,157,Undirected,,1
12,159,Undirected,,1
12,160,Undirected,,1
12,162,Undirected,,1
13,14,Undirected,,1
13,18,Undirected,,1
13,20,Undirected,,1
13,25,Undirected,,1
13,26,Undirected,,1
13,30,Undirected,,1
13,33,Undirected,,1
13,34,Undirected,,1
13,35,Undirected,,1
13,36,Undirected,,1
13,37,Undirected,,1
13,40,Undirected,,1
13,42,Undirected,,1
13,46,Undirected,,1
13,50,Undirected,,1
13,51,Undirected,,1
13,53,Undirected,,1
13,54,Undirected,,1
13,57,Undirected,,1
13,64,Undirected,,1
13,77,Undirected,,1
13,79,Undirected,,1
13,82,Undirected,,1
13,83,Undirected,,1
13,92,Undirected,,1
13,93,Undirected,,1
13,94,Undirected,,1
13,95,Undirected,,1
13,97,Undirected,,1
13,100,Undirected,,1
13,101,Undirected,,1
13,105,Undirected,,1
13,107,Undirected,,1
13,113,Undirected,,1
13,115,Undirected,,1
13,119,Undirected,,1
13,126,Undirected,,1
13,127,Undirected,,1
13,131,Undirected,,1
13,133,Undirected,,1
13,136,Undirected,,1
13,137,Undirected,,1
13,138,Undirected,,1
13,139,Undirected,,1
13,142,Undirected,,1
13,144,Undirected,,1
13,147,Undirected,,1
13,148,Undirected,,1
13,151,Undirected,,1
13,152,Undirected,,1
13,153,Undirected,,1
13,154,Undirected,,1
13,155,Undirected,,1
13,156,Undirected,,1
13,157,Undirected,,1
13,158,Undirected,,1
13,159,Undirected,,1
13,160,Undirected,,1
14,18,Undirected,,1
14,20,Undirected,,1
14,21,Undirected,,1
14,25,Undirected,,1
14,26,Undirected,,1
14,30,Undirected,,1
14,33,Undirected,,1
14,34,Undirected,,1
14,35,Undirected,,1
14,36,Undirected,,1
14,37,Undirected,,1
14,38,Undirected,,1
14,44,Undirected,,1
14,46,Undirected,,1
14,50,Undirected,,1
14,51,Undirected,,1
14,53,Undirected,,1
14,54,Undirected,,1
14,57,Undirected,,1
14,64,Undirected,,1
14,65,Undirected,,1
14,69,Undirected,,1
14,79,Undirected,,1
14,81,Undirected,,1
14,95,Undirected,,1
14,100,Undirected,,1
14,101,Undirected,,1
14,107,Undirected,,1
14,111,Undirected,,1
14,112,Undirected,,1
14,113,Undirected,,1
14,115,Undirected,,1
14,126,Undirected,,1
14,127,Undirected,,1
14,136,Undirected,,1
14,137,Undirected,,1
14,138,Undirected,,1
14,139,Undirected,,1
14,142,Undirected,,1
14,143,Undirected,,1
14,144,Undirected,,1
14,147,Undirected,,1
14,148,Undirected,,1
14,149,Undirected,,1
14,151,Undirected,,1
14,152,Undirected,,1
14,153,Undirected,,1
14,154,Undirected,,1
14,155,Undirected,,1
14,156,Undirected,,1
14,157,Undirected,,1
14,158,Undirected,,1
14,164,Undirected,,1
15,16,Undirected,,1
15,17,Undirected,,1
15,18,Undirected,,1
15,20,Undirected,,1
15,21,Undirected,,1
15,22,Undirected,,1
15,23,Undirected,,1
15,24,Undirected,,1
15,25,Undirected,,1
15,26,Undirected,,1
15,27,Undirected,,1
15,28,Undirected,,1
15,35,Undirected,,1
15,36,Undirected,,1
15,39,Undirected,,1
15,42,Undirected,,1
15,61,Undirected,,1
15,62,Undirected,,1
15,63,Undirected,,1
15,65,Undirected,,1
15,68,Undirected,,1
15,69,Undirected,,1
15,71,Undirected,,1
15,74,Undirected,,1
15,75,Undirected,,1
15,77,Undirected,,1
15,78,Undirected,,1
15,79,Undirected,,1
15,84,Undirected,,1
15,86,Undirected,,1
15,89,Undirected,,1
15,91,Undirected,,1
15,96,Undirected,,1
15,97,Undirected,,1
15,98,Undirected,,1
15,100,Undirected,,1
15,101,Undirected,,1
15,104,Undirected,,1
15,105,Undirected,,1
15,107,Undirected,,1
15,108,Undirected,,1
15,115,Undirected,,1
15,116,Undirected,,1
15,117,Undirected,,1
15,122,Undirected,,1
15,135,Undirected,,1
15,138,Undirected,,1
15,139,Undirected,,1
15,144,Undirected,,1
15,145,Undirected,,1
15,161,Undirected,,1
15,162,Undirected,,1
15,164,Undirected,,1
16,17,Undirected,,1
16,18,Undirected,,1
16,19,Undirected,,1
16,20,Undirected,,1
16,21,Undirected,,1
16,22,Undirected,,1
16,23,Undirected,,1
16,24,Undirected,,1
16,26,Undirected,,1
16,27,Undirected,,1
16,28,Undirected,,1
16,35,Undirected,,1
16,36,Undirected,,1
16,37,Undirected,,1
16,41,Undirected,,1
16,42,Undirected,,1
16,55,Undirected,,1
16,61,Undirected,,1
16,62,Undirected,,1
16,63,Undirected,,1
16,65,Undirected,,1
16,76,Undirected,,1
16,77,Undirected,,1
16,78,Undirected,,1
16,79,Undirected,,1
16,83,Undirected,,1
16,84,Undirected,,1
16,85,Undirected,,1
16,86,Undirected,,1
16,94,Undirected,,1
16,98,Undirected,,1
16,100,Undirected,,1
16,101,Undirected,,1
16,104,Undirected,,1
16,105,Undirected,,1
16,108,Undirected,,1
16,122,Undirected,,1
16,138,Undirected,,1
16,139,Undirected,,1
16,144,Undirected,,1
16,145,Undirected,,1
16,152,Undirected,,1
16,159,Undirected,,1
16,161,Undirected,,1
16,164,Undirected,,1
17,18,Undirected,,1
17,19,Undirected,,1
17,20,Undirected,,1
17,22,Undirected,,1
17,23,Undirected,,1
17,24,Undirected,,1
17,28,Undirected,,1
17,34,Undirected,,1
17,37,Undirected,,1
17,41,Undirected,,1
17,42,Undirected,,1
17,49,Undirected,,1
17,50,Undirected,,1
17,51,Undirected,,1
17,52,Undirected,,1
17,55,Undirected,,1
17,60,Undirected,,1
17,61,Undirected,,1
17,72,Undirected,,1
17,73,Undirected,,1
17,78,Undirected,,1
17,79,Undirected,,1
17,81,Undirected,,1
17,82,Undirected,,1
17,83,Undirected,,1
17,84,Undirected,,1
17,85,Undirected,,1
17,86,Undirected,,1
17,87,Undirected,,1
17,90,Undirected,,1
17,103,Undirected,,1
17,104,Undirected,,1
17,108,Undirected,,1
17,109,Undirected,,1
17,111,Undirected,,1
17,113,Undirected,,1
17,114,Undirected,,1
17,117,Undirected,,1
17,122,Undirected,,1
17,126,Undirected,,1
17,137,Undirected,,1
17,138,Undirected,,1
17,144,Undirected,,1
17,145,Undirected,,1
17,149,Undirected,,1
17,159,Undirected,,1
17,161,Undirected,,1
17,162,Undirected,,1
17,164,Undirected,,1
18,19,Undirected,,1
18,20,Undirected,,1
18,22,Undirected,,1
18,23,Undirected,,1
18,24,Undirected,,1
18,27,Undirected,,1
18,28,Undirected,,1
18,29,Undirected,,1
18,30,Undirected,,1
18,31,Undirected,,1
18,33,Undirected,,1
18,34,Undirected,,1
18,37,Undirected,,1
18,40,Undirected,,1
18,41,Undirected,,1
18,42,Undirected,,1
18,53,Undirected,,1
18,57,Undirected,,1
18,60,Undirected,,1
18,61,Undirected,,1
18,62,Undirected,,1
18,64,Undirected,,1
18,65,Undirected,,1
18,71,Undirected,,1
18,72,Undirected,,1
18,73,Undirected,,1
18,77,Undirected,,1
18,78,Undirected,,1
18,79,Undirected,,1
18,81,Undirected,,1
18,83,Undirected,,1
18,84,Undirected,,1
18,85,Undirected,,1
18,86,Undirected,,1
18,87,Undirected,,1
18,92,Undirected,,1
18,100,Undirected,,1
18,101,Undirected,,1
18,102,Undirected,,1
18,107,Undirected,,1
18,108,Undirected,,1
18,111,Undirected,,1
18,113,Undirected,,1
18,114,Undirected,,1
18,116,Undirected,,1
18,126,Undirected,,1
18,127,Undirected,,1
18,136,Undirected,,1
18,137,Undirected,,1
18,138,Undirected,,1
18,141,Undirected,,1
18,142,Undirected,,1
18,143,Undirected,,1
18,145,Undirected,,1
18,151,Undirected,,1
18,153,Undirected,,1
18,154,Undirected,,1
18,155,Undirected,,1
18,156,Undirected,,1
18,157,Undirected,,1
18,159,Undirected,,1
18,161,Undirected,,1
18,163,Undirected,,1
18,164,Undirected,,1
19,20,Undirected,,1
19,22,Undirected,,1
19,23,Undirected,,1
19,24,Undirected,,1
19,26,Undirected,,1
19,39,Undirected,,1
19,40,Undirected,,1
19,41,Undirected,,1
19,42,Undirected,,1
19,45,Undirected,,1
19,46,Undirected,,1
19,49,Undirected,,1
19,52,Undirected,,1
19,55,Undirected,,1
19,56,Undirected,,1
19,57,Undirected,,1
19,60,Undirected,,1
19,61,Undirected,,1
19,68,Undirected,,1
19,72,Undirected,,1
19,80,Undirected,,1
19,81,Undirected,,1
19,83,Undirected,,1
19,85,Undirected,,1
19,86,Undirected,,1
19,87,Undirected,,1
19,90,Undirected,,1
19,91,Undirected,,1
19,93,Undirected,,1
19,95,Undirected,,1
19,103,Undirected,,1
19,104,Undirected,,1
19,113,Undirected,,1
19,114,Undirected,,1
19,116,Undirected,,1
19,117,Undirected,,1
19,121,Undirected,,1
19,132,Undirected,,1
19,136,Undirected,,1
19,141,Undirected,,1
19,144,Undirected,,1
19,149,Undirected,,1
19,159,Undirected,,1
19,160,Undirected,,1
19,161,Undirected,,1
19,162,Undirected,,1
20,22,Undirected,,1
20,23,Undirected,,1
20,24,Undirected,,1
20,27,Undirected,,1
20,28,Undirected,,1
20,29,Undirected,,1
20,30,Undirected,,1
20,31,Undirected,,1
20,33,Undirected,,1
20,34,Undirected,,1
20,36,Undirected,,1
20,37,Undirected,,1
20,39,Undirected,,1
20,40,Undirected,,1
20,41,Undirected,,1
20,42,Undirected,,1
20,50,Undirected,,1
20,51,Undirected,,1
20,53,Undirected,,1
20,55,Undirected,,1
20,56,Undirected,,1
20,57,Undirected,,1
20,60,Undirected,,1
20,61,Undirected,,1
20,64,Undirected,,1
20,65,Undirected,,1
20,71,Undirected,,1
20,72,Undirected,,1
20,77,Undirected,,1
20,78,Undirected,,1
20,79,Undirected,,1
20,81,Undirected,,1
20,84,Undirected,,1
20,85,Undirected,,1
20,86,Undirected,,1
20,87,Undirected,,1
20,92,Undirected,,1
20,93,Undirected,,1
20,95,Undirected,,1
20,96,Undirected,,1
20,98,Undirected,,1
20,100,Undirected,,1
20,101,Undirected,,1
20,102,Undirected,,1
20,107,Undirected,,1
20,108,Undirected,,1
20,111,Undirected,,1
20,113,Undirected,,1
20,114,Undirected,,1
20,121,Undirected,,1
20,126,Undirected,,1
20,127,Undirected,,1
20,136,Undirected,,1
20,137,Undirected,,1
20,138,Undirected,,1
20,142,Undirected,,1
20,145,Undirected,,1
20,147,Undirected,,1
20,151,Undirected,,1
20,153,Undirected,,1
20,154,Undirected,,1
20,155,Undirected,,1
20,156,Undirected,,1
20,157,Undirected,,1
20,159,Undirected,,1
20,160,Undirected,,1
20,161,Undirected,,1
20,162,Undirected,,1
20,163,Undirected,,1
21,22,Undirected,,1
21,23,Undirected,,1
21,24,Undirected,,1
21,25,Undirected,,1
21,26,Undirected,,1
21,27,Undirected,,1
21,28,Undirected,,1
21,31,Undirected,,1
21,35,Undirected,,1
21,36,Undirected,,1
21,41,Undirected,,1
21,42,Undirected,,1
21,45,Undirected,,1
21,46,Undirected,,1
21,51,Undirected,,1
21,61,Undirected,,1
21,62,Undirected,,1
21,63,Undirected,,1
21,64,Undirected,,1
21,65,Undirected,,1
21,77,Undirected,,1
21,79,Undirected,,1
21,92,Undirected,,1
21,96,Undirected,,1
21,97,Undirected,,1
21,98,Undirected,,1
21,99,Undirected,,1
21,100,Undirected,,1
21,101,Undirected,,1
21,104,Undirected,,1
21,105,Undirected,,1
21,107,Undirected,,1
21,111,Undirected,,1
21,112,Undirected,,1
21,113,Undirected,,1
21,126,Undirected,,1
21,133,Undirected,,1
21,139,Undirected,,1
21,144,Undirected,,1
21,146,Undirected,,1
21,147,Undirected,,1
21,148,Undirected,,1
21,153,Undirected,,1
21,154,Undirected,,1
21,157,Undirected,,1
21,161,Undirected,,1
21,162,Undirected,,1
21,164,Undirected,,1
22,23,Undirected,,1
22,24,Undirected,,1
22,28,Undirected,,1
22,38,Undirected,,1
22,41,Undirected,,1
22,42,Undirected,,1
22,45,Undirected,,1
22,49,Undirected,,1
22,55,Undirected,,1
22,56,Undirected,,1
22,60,Undirected,,1
22,61,Undirected,,1
22,65,Undirected,,1
22,72,Undirected,,1
22,77,Undirected,,1
22,92,Undirected,,1
22,93,Undirected,,1
22,94,Undirected,,1
22,95,Undirected,,1
22,96,Undirected,,1
22,97,Undirected,,1
22,100,Undirected,,1
22,101,Undirected,,1
22,105,Undirected,,1
22,113,Undirected,,1
22,114,Undirected,,1
22,118,Undirected,,1
22,120,Undirected,,1
22,123,Undirected,,1
22,124,Undirected,,1
22,127,Undirected,,1
22,133,Undirected,,1
22,135,Undirected,,1
22,144,Undirected,,1
22,146,Undirected,,1
22,148,Undirected,,1
22,150,Undirected,,1
22,152,Undirected,,1
22,156,Undirected,,1
22,159,Undirected,,1
22,161,Undirected,,1
22,162,Undirected,,1
22,164,Undirected,,1
23,24,Undirected,,1
23,25,Undirected,,1
23,26,Undirected,,1
23,27,Undirected,,1
23,28,Undirected,,1
23,32,Undirected,,1
23,35,Undirected,,1
23,39,Undirected,,1
23,40,Undirected,,1
23,41,Undirected,,1
23,42,Undirected,,1
23,43,Undirected,,1
23,45,Undirected,,1
23,47,Undirected,,1
23,52,Undirected,,1
23,53,Undirected,,1
23,60,Undirected,,1
23,61,Undirected,,1
23,62,Undirected,,1
23,63,Undirected,,1
23,69,Undirected,,1
23,70,Undirected,,1
23,71,Undirected,,1
23,72,Undirected,,1
23,73,Undirected,,1
23,77,Undirected,,1
23,79,Undirected,,1
23,82,Undirected,,1
23,84,Undirected,,1
23,85,Undirected,,1
23,86,Undirected,,1
23,87,Undirected,,1
23,90,Undirected,,1
23,91,Undirected,,1
23,92,Undirected,,1
23,93,Undirected,,1
23,95,Undirected,,1
23,96,Undirected,,1
23,97,Undirected,,1
23,98,Undirected,,1
23,102,Undirected,,1
23,103,Undirected,,1
23,104,Undirected,,1
23,105,Undirected,,1
23,108,Undirected,,1
23,117,Undirected,,1
23,118,Undirected,,1
23,119,Undirected,,1
23,127,Undirected,,1
23,133,Undirected,,1
23,138,Undirected,,1
23,141,Undirected,,1
23,142,Undirected,,1
23,145,Undirected,,1
23,146,Undirected,,1
23,147,Undirected,,1
23,155,Undirected,,1
23,156,Undirected,,1
23,157,Undirected,,1
23,159,Undirected,,1
23,161,Undirected,,1
23,162,Undirected,,1
23,164,Undirected,,1
24,26,Undirected,,1
24,28,Undirected,,1
24,33,Undirected,,1
24,37,Undirected,,1
24,40,Undirected,,1
24,41,Undirected,,1
24,42,Undirected,,1
24,52,Undirected,,1
24,53,Undirected,,1
24,54,Undirected,,1
24,55,Undirected,,1
24,56,Undirected,,1
24,60,Undirected,,1
24,61,Undirected,,1
24,64,Undirected,,1
24,72,Undirected,,1
24,73,Undirected,,1
24,77,Undirected,,1
24,79,Undirected,,1
24,84,Undirected,,1
24,85,Undirected,,1
24,86,Undirected,,1
24,87,Undirected,,1
24,92,Undirected,,1
24,94,Undirected,,1
24,95,Undirected,,1
24,96,Undirected,,1
24,105,Undirected,,1
24,108,Undirected,,1
24,110,Undirected,,1
24,111,Undirected,,1
24,113,Undirected,,1
24,114,Undirected,,1
24,118,Undirected,,1
24,124,Undirected,,1
24,126,Undirected,,1
24,127,Undirected,,1
24,133,Undirected,,1
24,136,Undirected,,1
24,137,Undirected,,1
24,138,Undirected,,1
24,142,Undirected,,1
24,143,Undirected,,1
24,146,Undirected,,1
24,150,Undirected,,1
24,152,Undirected,,1
24,153,Undirected,,1
24,154,Undirected,,1
24,155,Undirected,,1
24,156,Undirected,,1
24,157,Undirected,,1
24,158,Undirected,,1
24,159,Undirected,,1
24,161,Undirected,,1
24,162,Undirected,,1
24,163,Undirected,,1
24,164,Undirected,,1
25,26,Undirected,,1
25,27,Undirected,,1
25,28,Undirected,,1
25,30,Undirected,,1
25,31,Undirected,,1
25,33,Undirected,,1
25,34,Undirected,,1
25,35,Undirected,,1
25,36,Undirected,,1
25,37,Undirected,,1
25,39,Undirected,,1
25,45,Undirected,,1
25,46,Undirected,,1
25,50,Undirected,,1
25,51,Undirected,,1
25,53,Undirected,,1
25,54,Undirected,,1
25,63,Undirected,,1
25,64,Undirected,,1
25,65,Undirected,,1
25,69,Undirected,,1
25,70,Undirected,,1
25,71,Undirected,,1
25,78,Undirected,,1
25,96,Undirected,,1
25,97,Undirected,,1
25,98,Undirected,,1
25,100,Undirected,,1
25,101,Undirected,,1
25,106,Undirected,,1
25,111,Undirected,,1
25,112,Undirected,,1
25,113,Undirected,,1
25,114,Undirected,,1
25,126,Undirected,,1
25,130,Undirected,,1
25,134,Undirected,,1
25,137,Undirected,,1
25,138,Undirected,,1
25,139,Undirected,,1
25,142,Undirected,,1
25,143,Undirected,,1
25,144,Undirected,,1
25,148,Undirected,,1
25,150,Undirected,,1
25,151,Undirected,,1
25,153,Undirected,,1
25,154,Undirected,,1
25,157,Undirected,,1
25,161,Undirected,,1
25,162,Undirected,,1
26,27,Undirected,,1
26,28,Undirected,,1
26,32,Undirected,,1
26,33,Undirected,,1
26,34,Undirected,,1
26,35,Undirected,,1
26,38,Undirected,,1
26,39,Undirected,,1
26,40,Undirected,,1
26,43,Undirected,,1
26,46,Undirected,,1
26,54,Undirected,,1
26,57,Undirected,,1
26,60,Undirected,,1
26,61,Undirected,,1
26,62,Undirected,,1
26,63,Undirected,,1
26,65,Undirected,,1
26,70,Undirected,,1
26,78,Undirected,,1
26,79,Undirected,,1
26,80,Undirected,,1
26,81,Undirected,,1
26,90,Undirected,,1
26,100,Undirected,,1
26,108,Undirected,,1
26,125,Undirected,,1
26,134,Undirected,,1
26,135,Undirected,,1
26,138,Undirected,,1
26,139,Undirected,,1
26,141,Undirected,,1
26,142,Undirected,,1
26,144,Undirected,,1
26,148,Undirected,,1
26,151,Undirected,,1
26,158,Undirected,,1
26,161,Undirected,,1
26,162,Undirected,,1
27,28,Undirected,,1
27,29,Undirected,,1
27,31,Undirected,,1
27,39,Undirected,,1
27,40,Undirected,,1
27,42,Undirected,,1
27,62,Undirected,,1
27,63,Undirected,,1
27,68,Undirected,,1
27,69,Undirected,,1
27,70,Undirected,,1
27,71,Undirected,,1
27,72,Undirected,,1
27,79,Undirected,,1
27,80,Undirected,,1
27,81,Undirected,,1
27,87,Undirected,,1
27,96,Undirected,,1
27,98,Undirected,,1
27,103,Undirected,,1
27,104,Undirected,,1
27,105,Undirected,,1
27,106,Undirected,,1
27,107,Undirected,,1
27,108,Undirected,,1
27,110,Undirected,,1
27,112,Undirected,,1
27,114,Undirected,,1
27,115,Undirected,,1
27,116,Undirected,,1
27,118,Undirected,,1
27,121,Undirected,,1
27,122,Undirected,,1
27,125,Undirected,,1
27,128,Undirected,,1
27,129,Undirected,,1
27,134,Undirected,,1
27,135,Undirected,,1
27,138,Undirected,,1
27,144,Undirected,,1
27,145,Undirected,,1
27,161,Undirected,,1
27,163,Undirected,,1
27,164,Undirected,,1
28,29,Undirected,,1
28,31,Undirected,,1
28,32,Undirected,,1
28,35,Undirected,,1
28,39,Undirected,,1
28,40,Undirected,,1
28,41,Undirected,,1
28,42,Undirected,,1
28,45,Undirected,,1
28,46,Undirected,,1
28,62,Undirected,,1
28,63,Undirected,,1
28,67,Undirected,,1
28,68,Undirected,,1
28,69,Undirected,,1
28,70,Undirected,,1
28,71,Undirected,,1
28,77,Undirected,,1
28,78,Undirected,,1
28,79,Undirected,,1
28,80,Undirected,,1
28,85,Undirected,,1
28,86,Undirected,,1
28,87,Undirected,,1
28,92,Undirected,,1
28,93,Undirected,,1
28,96,Undirected,,1
28,98,Undirected,,1
28,102,Undirected,,1
28,104,Undirected,,1
28,105,Undirected,,1
28,108,Undirected,,1
28,115,Undirected,,1
28,116,Undirected,,1
28,122,Undirected,,1
28,128,Undirected,,1
28,138,Undirected,,1
28,144,Undirected,,1
28,145,Undirected,,1
28,155,Undirected,,1
28,159,Undirected,,1
28,161,Undirected,,1
28,162,Undirected,,1
28,163,Undirected,,1
28,164,Undirected,,1
29,30,Undirected,,1
29,31,Undirected,,1
29,34,Undirected,,1
29,40,Undirected,,1
29,42,Undirected,,1
29,50,Undirected,,1
29,61,Undirected,,1
29,64,Undirected,,1
29,65,Undirected,,1
29,70,Undirected,,1
29,71,Undirected,,1
29,78,Undirected,,1
29,80,Undirected,,1
29,85,Undirected,,1
29,87,Undirected,,1
29,94,Undirected,,1
29,100,Undirected,,1
29,101,Undirected,,1
29,108,Undirected,,1
29,111,Undirected,,1
29,112,Undirected,,1
29,113,Undirected,,1
29,116,Undirected,,1
29,120,Undirected,,1
29,122,Undirected,,1
29,126,Undirected,,1
29,127,Undirected,,1
29,128,Undirected,,1
29,130,Undirected,,1
29,137,Undirected,,1
29,138,Undirected,,1
29,139,Undirected,,1
29,155,Undirected,,1
29,161,Undirected,,1
29,163,Undirected,,1
30,31,Undirected,,1
30,32,Undirected,,1
30,33,Undirected,,1
30,34,Undirected,,1
30,36,Undirected,,1
30,39,Undirected,,1
30,40,Undirected,,1
30,45,Undirected,,1
30,50,Undirected,,1
30,51,Undirected,,1
30,56,Undirected,,1
30,57,Undirected,,1
30,64,Undirected,,1
30,65,Undirected,,1
30,69,Undirected,,1
30,70,Undirected,,1
30,71,Undirected,,1
30,79,Undirected,,1
30,80,Undirected,,1
30,81,Undirected,,1
30,82,Undirected,,1
30,85,Undirected,,1
30,90,Undirected,,1
30,91,Undirected,,1
30,94,Undirected,,1
30,95,Undirected,,1
30,100,Undirected,,1
30,101,Undirected,,1
30,106,Undirected,,1
30,110,Undirected,,1
30,111,Undirected,,1
30,112,Undirected,,1
30,113,Undirected,,1
30,131,Undirected,,1
30,136,Undirected,,1
30,137,Undirected,,1
30,139,Undirected,,1
30,141,Undirected,,1
30,147,Undirected,,1
30,148,Undirected,,1
30,151,Undirected,,1
30,153,Undirected,,1
30,155,Undirected,,1
30,157,Undirected,,1
30,163,Undirected,,1
31,32,Undirected,,1
31,36,Undirected,,1
31,40,Undirected,,1
31,43,Undirected,,1
31,50,Undirected,,1
31,51,Undirected,,1
31,64,Undirected,,1
31,65,Undirected,,1
31,70,Undirected,,1
31,71,Undirected,,1
31,74,Undirected,,1
31,78,Undirected,,1
31,85,Undirected,,1
31,91,Undirected,,1
31,97,Undirected,,1
31,100,Undirected,,1
31,101,Undirected,,1
31,102,Undirected,,1
31,103,Undirected,,1
31,106,Undirected,,1
31,111,Undirected,,1
31,112,Undirected,,1
31,113,Undirected,,1
31,116,Undirected,,1
31,126,Undirected,,1
31,132,Undirected,,1
31,141,Undirected,,1
31,147,Undirected,,1
31,148,Undirected,,1
31,153,Undirected,,1
31,155,Undirected,,1
31,157,Undirected,,1
31,163,Undirected,,1
32,36,Undirected,,1
32,37,Undirected,,1
32,39,Undirected,,1
32,45,Undirected,,1
32,46,Undirected,,1
32,49,Undirected,,1
32,50,Undirected,,1
32,51,Undirected,,1
32,53,Undirected,,1
32,61,Undirected,,1
32,62,Undirected,,1
32,70,Undirected,,1
32,71,Undirected,,1
32,72,Undirected,,1
32,73,Undirected,,1
32,74,Undirected,,1
32,75,Undirected,,1
32,82,Undirected,,1
32,83,Undirected,,1
32,90,Undirected,,1
32,91,Undirected,,1
32,92,Undirected,,1
32,93,Undirected,,1
32,95,Undirected,,1
32,96,Undirected,,1
32,98,Undirected,,1
32,101,Undirected,,1
32,102,Undirected,,1
32,103,Undirected,,1
32,104,Undirected,,1
32,106,Undirected,,1
32,130,Undirected,,1
32,141,Undirected,,1
32,142,Undirected,,1
32,143,Undirected,,1
32,144,Undirected,,1
32,147,Undirected,,1
32,148,Undirected,,1
32,151,Undirected,,1
32,155,Undirected,,1
32,157,Undirected,,1
33,34,Undirected,,1
33,35,Undirected,,1
33,36,Undirected,,1
33,37,Undirected,,1
33,40,Undirected,,1
33,42,Undirected,,1
33,44,Undirected,,1
33,47,Undirected,,1
33,48,Undirected,,1
33,50,Undirected,,1
33,51,Undirected,,1
33,53,Undirected,,1
33,54,Undirected,,1
33,56,Undirected,,1
33,57,Undirected,,1
33,64,Undirected,,1
33,65,Undirected,,1
33,66,Undirected,,1
33,77,Undirected,,1
33,78,Undirected,,1
33,83,Undirected,,1
33,87,Undirected,,1
33,92,Undirected,,1
33,93,Undirected,,1
33,94,Undirected,,1
33,95,Undirected,,1
33,97,Undirected,,1
33,100,Undirected,,1
33,101,Undirected,,1
33,105,Undirected,,1
33,107,Undirected,,1
33,111,Undirected,,1
33,112,Undirected,,1
33,113,Undirected,,1
33,126,Undirected,,1
33,127,Undirected,,1
33,133,Undirected,,1
33,135,Undirected,,1
33,136,Undirected,,1
33,137,Undirected,,1
33,138,Undirected,,1
33,139,Undirected,,1
33,140,Undirected,,1
33,142,Undirected,,1
33,144,Undirected,,1
33,146,Undirected,,1
33,147,Undirected,,1
33,148,Undirected,,1
33,151,Undirected,,1
33,152,Undirected,,1
33,153,Undirected,,1
33,154,Undirected,,1
33,155,Undirected,,1
33,156,Undirected,,1
33,157,Undirected,,1
33,159,Undirected,,1
33,160,Undirected,,1
34,35,Undirected,,1
34,36,Undirected,,1
34,37,Undirected,,1
34,38,Undirected,,1
34,40,Undirected,,1
34,44,Undirected,,1
34,46,Undirected,,1
34,50,Undirected,,1
34,51,Undirected,,1
34,53,Undirected,,1
34,57,Undirected,,1
34,61,Undirected,,1
34,64,Undirected,,1
34,65,Undirected,,1
34,66,Undirected,,1
34,74,Undirected,,1
34,78,Undirected,,1
34,79,Undirected,,1
34,81,Undirected,,1
34,85,Undirected,,1
34,87,Undirected,,1
34,90,Undirected,,1
34,91,Undirected,,1
34,94,Undirected,,1
34,95,Undirected,,1
34,97,Undirected,,1
34,100,Undirected,,1
34,101,Undirected,,1
34,107,Undirected,,1
34,111,Undirected,,1
34,112,Undirected,,1
34,113,Undirected,,1
34,114,Undirected,,1
34,115,Undirected,,1
34,126,Undirected,,1
34,127,Undirected,,1
34,136,Undirected,,1
34,137,Undirected,,1
34,138,Undirected,,1
34,139,Undirected,,1
34,140,Undirected,,1
34,141,Undirected,,1
34,142,Undirected,,1
34,143,Undirected,,1
34,144,Undirected,,1
34,147,Undirected,,1
34,148,Undirected,,1
34,149,Undirected,,1
34,151,Undirected,,1
34,152,Undirected,,1
34,153,Undirected,,1
34,154,Undirected,,1
34,155,Undirected,,1
34,156,Undirected,,1
34,157,Undirected,,1
34,159,Undirected,,1
34,160,Undirected,,1
35,36,Undirected,,1
35,37,Undirected,,1
35,43,Undirected,,1
35,44,Undirected,,1
35,50,Undirected,,1
35,51,Undirected,,1
35,53,Undirected,,1
35,54,Undirected,,1
35,62,Undirected,,1
35,63,Undirected,,1
35,64,Undirected,,1
35,74,Undirected,,1
35,75,Undirected,,1
35,76,Undirected,,1
35,79,Undirected,,1
35,80,Undirected,,1
35,84,Undirected,,1
35,85,Undirected,,1
35,91,Undirected,,1
35,94,Undirected,,1
35,95,Undirected,,1
35,98,Undirected,,1
35,100,Undirected,,1
35,101,Undirected,,1
35,113,Undirected,,1
35,126,Undirected,,1
35,127,Undirected,,1
35,137,Undirected,,1
35,138,Undirected,,1
35,139,Undirected,,1
35,144,Undirected,,1
35,145,Undirected,,1
35,147,Undirected,,1
35,148,Undirected,,1
35,150,Undirected,,1
35,151,Undirected,,1
35,152,Undirected,,1
35,153,Undirected,,1
35,154,Undirected,,1
35,155,Undirected,,1
35,156,Undirected,,1
35,157,Undirected,,1
35,160,Undirected,,1
35,162,Undirected,,1
36,37,Undirected,,1
36,38,Undirected,,1
36,40,Undirected,,1
36,43,Undirected,,1
36,44,Undirected,,1
36,50,Undirected,,1
36,51,Undirected,,1
36,52,Undirected,,1
36,53,Undirected,,1
36,54,Undirected,,1
36,62,Undirected,,1
36,63,Undirected,,1
36,64,Undirected,,1
36,65,Undirected,,1
36,74,Undirected,,1
36,75,Undirected,,1
36,80,Undirected,,1
36,81,Undirected,,1
36,82,Undirected,,1
36,83,Undirected,,1
36,91,Undirected,,1
36,94,Undirected,,1
36,95,Undirected,,1
36,100,Undirected,,1
36,101,Undirected,,1
36,102,Undirected,,1
36,103,Undirected,,1
36,107,Undirected,,1
36,111,Undirected,,1
36,112,Undirected,,1
36,113,Undirected,,1
36,114,Undirected,,1
36,119,Undirected,,1
36,126,Undirected,,1
36,127,Undirected,,1
36,135,Undirected,,1
36,137,Undirected,,1
36,139,Undirected,,1
36,141,Undirected,,1
36,144,Undirected,,1
36,147,Undirected,,1
36,148,Undirected,,1
36,151,Undirected,,1
36,153,Undirected,,1
36,154,Undirected,,1
36,155,Undirected,,1
36,156,Undirected,,1
36,157,Undirected,,1
36,158,Undirected,,1
37,43,Undirected,,1
37,44,Undirected,,1
37,53,Undirected,,1
37,54,Undirected,,1
37,70,Undirected,,1
37,77,Undirected,,1
37,78,Undirected,,1
37,82,Undirected,,1
37,109,Undirected,,1
37,113,Undirected,,1
37,114,Undirected,,1
37,126,Undirected,,1
37,135,Undirected,,1
37,137,Undirected,,1
37,138,Undirected,,1
37,144,Undirected,,1
37,146,Undirected,,1
37,147,Undirected,,1
37,148,Undirected,,1
37,149,Undirected,,1
37,151,Undirected,,1
37,152,Undirected,,1
37,153,Undirected,,1
37,154,Undirected,,1
37,155,Undirected,,1
37,156,Undirected,,1
37,157,Undirected,,1
37,158,Undirected,,1
37,159,Undirected,,1
37,162,Undirected,,1
38,40,Undirected,,1
38,44,Undirected,,1
38,49,Undirected,,1
38,50,Undirected,,1
38,52,Undirected,,1
38,64,Undirected,,1
38,65,Undirected,,1
38,68,Undirected,,1
38,74,Undirected,,1
38,77,Undirected,,1
38,82,Undirected,,1
38,83,Undirected,,1
38,84,Undirected,,1
38,85,Undirected,,1
38,90,Undirected,,1
38,104,Undirected,,1
38,105,Undirected,,1
38,111,Undirected,,1
38,112,Undirected,,1
38,118,Undirected,,1
38,125,Undirected,,1
38,129,Undirected,,1
38,137,Undirected,,1
38,138,Undirected,,1
38,141,Undirected,,1
38,149,Undirected,,1
38,153,Undirected,,1
38,154,Undirected,,1
38,155,Undirected,,1
38,156,Undirected,,1
38,157,Undirected,,1
39,40,Undirected,,1
39,41,Undirected,,1
39,45,Undirected,,1
39,56,Undirected,,1
39,60,Undirected,,1
39,61,Undirected,,1
39,70,Undirected,,1
39,71,Undirected,,1
39,76,Undirected,,1
39,77,Undirected,,1
39,80,Undirected,,1
39,81,Undirected,,1
39,82,Undirected,,1
39,90,Undirected,,1
39,91,Undirected,,1
39,92,Undirected,,1
39,94,Undirected,,1
39,96,Undirected,,1
39,117,Undirected,,1
39,121,Undirected,,1
39,122,Undirected,,1
39,134,Undirected,,1
39,135,Undirected,,1
39,141,Undirected,,1
39,145,Undirected,,1
39,149,Undirected,,1
39,150,Undirected,,1
39,154,Undirected,,1
39,160,Undirected,,1
39,161,Undirected,,1
39,162,Undirected,,1
40,41,Undirected,,1
40,42,Undirected,,1
40,44,Undirected,,1
40,45,Undirected,,1
40,53,Undirected,,1
40,54,Undirected,,1
40,56,Undirected,,1
40,57,Undirected,,1
40,60,Undirected,,1
40,61,Undirected,,1
40,64,Undirected,,1
40,65,Undirected,,1
40,77,Undirected,,1
40,85,Undirected,,1
40,86,Undirected,,1
40,87,Undirected,,1
40,90,Undirected,,1
40,91,Undirected,,1
40,95,Undirected,,1
40,97,Undirected,,1
40,100,Undirected,,1
40,101,Undirected,,1
40,108,Undirected,,1
40,111,Undirected,,1
40,112,Undirected,,1
40,113,Undirected,,1
40,117,Undirected,,1
40,126,Undirected,,1
40,127,Undirected,,1
40,136,Undirected,,1
40,137,Undirected,,1
40,138,Undirected,,1
40,141,Undirected,,1
40,147,Undirected,,1
40,148,Undirected,,1
40,149,Undirected,,1
40,153,Undirected,,1
40,154,Undirected,,1
40,155,Undirected,,1
40,156,Undirected,,1
40,157,Undirected,,1
40,158,Undirected,,1
40,159,Undirected,,1
40,161,Undirected,,1
40,162,Undirected,,1
41,42,Undirected,,1
41,49,Undirected,,1
41,53,Undirected,,1
41,56,Undirected,,1
41,61,Undirected,,1
41,67,Undirected,,1
41,72,Undirected,,1
41,73,Undirected,,1
41,111,Undirected,,1
41,113,Undirected,,1
41,114,Undirected,,1
41,120,Undirected,,1
41,127,Undirected,,1
41,133,Undirected,,1
41,135,Undirected,,1
41,156,Undirected,,1
41,157,Undirected,,1
41,158,Undirected,,1
41,159,Undirected,,1
41,161,Undirected,,1
41,162,Undirected,,1
41,163,Undirected,,1
42,52,Undirected,,1
42,53,Undirected,,1
42,54,Undirected,,1
42,56,Undirected,,1
42,61,Undirected,,1
42,64,Undirected,,1
42,69,Undirected,,1
42,72,Undirected,,1
42,73,Undirected,,1
42,77,Undirected,,1
42,81,Undirected,,1
42,84,Undirected,,1
42,86,Undirected,,1
42,89,Undirected,,1
42,92,Undirected,,1
42,95,Undirected,,1
42,96,Undirected,,1
42,97,Undirected,,1
42,102,Undirected,,1
42,103,Undirected,,1
42,105,Undirected,,1
42,108,Undirected,,1
42,111,Undirected,,1
42,113,Undirected,,1
42,114,Undirected,,1
42,116,Undirected,,1
42,118,Undirected,,1
42,126,Undirected,,1
42,127,Undirected,,1
42,133,Undirected,,1
42,137,Undirected,,1
42,138,Undirected,,1
42,142,Undirected,,1
42,143,Undirected,,1
42,146,Undirected,,1
42,152,Undirected,,1
42,153,Undirected,,1
42,154,Undirected,,1
42,155,Undirected,,1
42,156,Undirected,,1
42,157,Undirected,,1
42,158,Undirected,,1
42,159,Undirected,,1
42,161,Undirected,,1
42,162,Undirected,,1
42,164,Undirected,,1
43,44,Undirected,,1
43,46,Undirected,,1
43,49,Undirected,,1
43,52,Undirected,,1
43,59,Undirected,,1
43,69,Undirected,,1
43,73,Undirected,,1
43,74,Undirected,,1
43,75,Undirected,,1
43,79,Undirected,,1
43,85,Undirected,,1
43,89,Undirected,,1
43,90,Undirected,,1
43,91,Undirected,,1
43,96,Undirected,,1
43,100,Undirected,,1
43,101,Undirected,,1
43,102,Undirected,,1
43,104,Undirected,,1
43,105,Undirected,,1
43,107,Undirected,,1
43,111,Undirected,,1
43,112,Undirected,,1
43,119,Undirected,,1
43,123,Undirected,,1
43,126,Undirected,,1
43,134,Undirected,,1
43,135,Undirected,,1
43,136,Undirected,,1
43,141,Undirected,,1
43,142,Undirected,,1
43,143,Undirected,,1
43,145,Undirected,,1
43,153,Undirected,,1
43,154,Undirected,,1
43,155,Undirected,,1
43,156,Undirected,,1
43,157,Undirected,,1
44,46,Undirected,,1
44,49,Undirected,,1
44,52,Undirected,,1
44,57,Undirected,,1
44,59,Undirected,,1
44,61,Undirected,,1
44,74,Undirected,,1
44,76,Undirected,,1
44,80,Undirected,,1
44,95,Undirected,,1
44,104,Undirected,,1
44,105,Undirected,,1
44,109,Undirected,,1
44,111,Undirected,,1
44,112,Undirected,,1
44,113,Undirected,,1
44,118,Undirected,,1
44,126,Undirected,,1
44,134,Undirected,,1
44,136,Undirected,,1
44,137,Undirected,,1
44,138,Undirected,,1
44,141,Undirected,,1
44,142,Undirected,,1
44,143,Undirected,,1
44,147,Undirected,,1
44,149,Undirected,,1
44,153,Undirected,,1
44,154,Undirected,,1
44,155,Undirected,,1
44,156,Undirected,,1
44,157,Undirected,,1
44,158,Undirected,,1
45,46,Undirected,,1
45,49,Undirected,,1
45,56,Undirected,,1
45,61,Undirected,,1
45,69,Undirected,,1
45,70,Undirected,,1
45,71,Undirected,,1
45,73,Undirected,,1
45,74,Undirected,,1
45,75,Undirected,,1
45,80,Undirected,,1
45,82,Undirected,,1
45,90,Undirected,,1
45,91,Undirected,,1
45,92,Undirected,,1
45,93,Undirected,,1
45,94,Undirected,,1
45,95,Undirected,,1
45,96,Undirected,,1
45,97,Undirected,,1
45,99,Undirected,,1
45,128,Undirected,,1
45,131,Undirected,,1
45,134,Undirected,,1
45,136,Undirected,,1
45,141,Undirected,,1
45,142,Undirected,,1
45,143,Undirected,,1
45,156,Undirected,,1
45,158,Undirected,,1
45,160,Undirected,,1
45,161,Undirected,,1
45,162,Undirected,,1
46,62,Undirected,,1
46,63,Undirected,,1
46,69,Undirected,,1
46,70,Undirected,,1
46,71,Undirected,,1
46,72,Undirected,,1
46,73,Undirected,,1
46,74,Undirected,,1
46,75,Undirected,,1
46,77,Undirected,,1
46,79,Undirected,,1
46,80,Undirected,,1
46,89,Undirected,,1
46,90,Undirected,,1
46,91,Undirected,,1
46,93,Undirected,,1
46,94,Undirected,,1
46,96,Undirected,,1
46,98,Undirected,,1
46,101,Undirected,,1
46,102,Undirected,,1
46,107,Undirected,,1
46,110,Undirected,,1
46,115,Undirected,,1
46,121,Undirected,,1
46,122,Undirected,,1
46,123,Undirected,,1
46,134,Undirected,,1
46,137,Undirected,,1
46,141,Undirected,,1
46,142,Undirected,,1
46,143,Undirected,,1
46,145,Undirected,,1
46,156,Undirected,,1
46,162,Undirected,,1
47,48,Undirected,,1
47,52,Undirected,,1
47,55,Undirected,,1
47,57,Undirected,,1
47,58,Undirected,,1
47,59,Undirected,,1
47,66,Undirected,,1
47,67,Undirected,,1
47,72,Undirected,,1
47,73,Undirected,,1
47,74,Undirected,,1
47,75,Undirected,,1
47,76,Undirected,,1
47,82,Undirected,,1
47,88,Undirected,,1
47,89,Undirected,,1
47,90,Undirected,,1
47,91,Undirected,,1
47,92,Undirected,,1
47,93,Undirected,,1
47,94,Undirected,,1
47,95,Undirected,,1
47,97,Undirected,,1
47,119,Undirected,,1
47,124,Undirected,,1
47,126,Undirected,,1
47,131,Undirected,,1
47,135,Undirected,,1
47,136,Undirected,,1
47,140,Undirected,,1
47,146,Undirected,,1
47,147,Undirected,,1
47,148,Undirected,,1
47,155,Undirected,,1
48,49,Undirected,,1
48,52,Undirected,,1
48,55,Undirected,,1
48,57,Undirected,,1
48,58,Undirected,,1
48,59,Undirected,,1
48,60,Undirected,,1
48,66,Undirected,,1
48,67,Undirected,,1
48,69,Undirected,,1
48,72,Undirected,,1
48,73,Undirected,,1
48,74,Undirected,,1
48,75,Undirected,,1
48,82,Undirected,,1
48,88,Undirected,,1
48,89,Undirected,,1
48,91,Undirected,,1
48,94,Undirected,,1
48,95,Undirected,,1
48,97,Undirected,,1
48,103,Undirected,,1
48,110,Undirected,,1
48,119,Undirected,,1
48,124,Undirected,,1
48,127,Undirected,,1
48,130,Undirected,,1
48,131,Undirected,,1
48,135,Undirected,,1
48,136,Undirected,,1
48,140,Undirected,,1
48,146,Undirected,,1
48,147,Undirected,,1
48,148,Undirected,,1
48,155,Undirected,,1
49,50,Undirected,,1
49,51,Undirected,,1
49,52,Undirected,,1
49,56,Undirected,,1
49,57,Undirected,,1
49,60,Undirected,,1
49,61,Undirected,,1
49,76,Undirected,,1
49,83,Undirected,,1
49,87,Undirected,,1
49,90,Undirected,,1
49,102,Undirected,,1
49,103,Undirected,,1
49,104,Undirected,,1
49,105,Undirected,,1
49,111,Undirected,,1
49,112,Undirected,,1
49,113,Undirected,,1
49,125,Undirected,,1
49,126,Undirected,,1
49,129,Undirected,,1
49,133,Undirected,,1
49,134,Undirected,,1
49,135,Undirected,,1
49,136,Undirected,,1
49,137,Undirected,,1
49,141,Undirected,,1
49,143,Undirected,,1
49,144,Undirected,,1
49,147,Undirected,,1
49,148,Undirected,,1
49,149,Undirected,,1
49,157,Undirected,,1
49,159,Undirected,,1
49,160,Undirected,,1
49,161,Undirected,,1
49,162,Undirected,,1
50,51,Undirected,,1
50,52,Undirected,,1
50,53,Undirected,,1
50,54,Undirected,,1
50,60,Undirected,,1
50,64,Undirected,,1
50,70,Undirected,,1
50,71,Undirected,,1
50,77,Undirected,,1
50,82,Undirected,,1
50,83,Undirected,,1
50,92,Undirected,,1
50,93,Undirected,,1
50,94,Undirected,,1
50,95,Undirected,,1
50,100,Undirected,,1
50,101,Undirected,,1
50,102,Undirected,,1
50,103,Undirected,,1
50,104,Undirected,,1
50,105,Undirected,,1
50,107,Undirected,,1
50,109,Undirected,,1
50,115,Undirected,,1
50,118,Undirected,,1
50,119,Undirected,,1
50,122,Undirected,,1
50,125,Undirected,,1
50,127,Undirected,,1
50,139,Undirected,,1
50,144,Undirected,,1
50,147,Undirected,,1
50,148,Undirected,,1
50,151,Undirected,,1
50,152,Undirected,,1
50,155,Undirected,,1
50,157,Undirected,,1
50,164,Undirected,,1
51,52,Undirected,,1
51,53,Undirected,,1
51,54,Undirected,,1
51,63,Undirected,,1
51,64,Undirected,,1
51,65,Undirected,,1
51,70,Undirected,,1
51,77,Undirected,,1
51,82,Undirected,,1
51,83,Undirected,,1
51,95,Undirected,,1
51,100,Undirected,,1
51,101,Undirected,,1
51,103,Undirected,,1
51,107,Undirected,,1
51,113,Undirected,,1
51,114,Undirected,,1
51,115,Undirected,,1
51,127,Undirected,,1
51,139,Undirected,,1
51,144,Undirected,,1
51,147,Undirected,,1
51,148,Undirected,,1
51,151,Undirected,,1
51,152,Undirected,,1
51,153,Undirected,,1
51,154,Undirected,,1
51,155,Undirected,,1
51,156,Undirected,,1
51,157,Undirected,,1
51,158,Undirected,,1
51,164,Undirected,,1
52,53,Undirected,,1
52,54,Undirected,,1
52,58,Undirected,,1
52,59,Undirected,,1
52,60,Undirected,,1
52,61,Undirected,,1
52,66,Undirected,,1
52,77,Undirected,,1
52,81,Undirected,,1
52,82,Undirected,,1
52,83,Undirected,,1
52,85,Undirected,,1
52,88,Undirected,,1
52,90,Undirected,,1
52,92,Undirected,,1
52,100,Undirected,,1
52,101,Undirected,,1
52,102,Undirected,,1
52,103,Undirected,,1
52,104,Undirected,,1
52,105,Undirected,,1
52,107,Undirected,,1
52,110,Undirected,,1
52,112,Undirected,,1
52,118,Undirected,,1
52,119,Undirected,,1
52,121,Undirected,,1
52,123,Undirected,,1
52,124,Undirected,,1
52,125,Undirected,,1
52,129,Undirected,,1
52,130,Undirected,,1
52,134,Undirected,,1
52,135,Undirected,,1
52,139,Undirected,,1
52,140,Undirected,,1
52,141,Undirected,,1
52,143,Undirected,,1
52,144,Undirected,,1
52,147,Undirected,,1
52,148,Undirected,,1
52,149,Undirected,,1
52,151,Undirected,,1
52,155,Undirected,,1
52,157,Undirected,,1
53,54,Undirected,,1
53,55,Undirected,,1
53,62,Undirected,,1
53,63,Undirected,,1
53,75,Undirected,,1
53,77,Undirected,,1
53,80,Undirected,,1
53,81,Undirected,,1
53,82,Undirected,,1
53,83,Undirected,,1
53,91,Undirected,,1
53,92,Undirected,,1
53,93,Undirected,,1
53,94,Undirected,,1
53,95,Undirected,,1
53,97,Undirected,,1
53,100,Undirected,,1
53,101,Undirected,,1
53,102,Undirected,,1
53,103,Undirected,,1
53,105,Undirected,,1
53,107,Undirected,,1
53,113,Undirected,,1
53,118,Undirected,,1
53,119,Undirected,,1
53,123,Undirected,,1
53,124,Undirected,,1
53,125,Undirected,,1
53,126,Undirected,,1
53,127,Undirected,,1
53,133,Undirected,,1
53,134,Undirected,,1
53,135,Undirected,,1
53,138,Undirected,,1
53,139,Undirected,,1
53,140,Undirected,,1
53,144,Undirected,,1
53,146,Undirected,,1
53,147,Undirected,,1
53,148,Undirected,,1
53,151,Undirected,,1
53,152,Undirected,,1
53,153,Undirected,,1
53,154,Undirected,,1
53,155,Undirected,,1
53,156,Undirected,,1
53,157,Undirected,,1
53,158,Undirected,,1
53,159,Undirected,,1
53,161,Undirected,,1
54,55,Undirected,,1
54,56,Undirected,,1
54,62,Undirected,,1
54,63,Undirected,,1
54,75,Undirected,,1
54,76,Undirected,,1
54,80,Undirected,,1
54,81,Undirected,,1
54,82,Undirected,,1
54,83,Undirected,,1
54,85,Undirected,,1
54,95,Undirected,,1
54,97,Undirected,,1
54,103,Undirected,,1
54,113,Undirected,,1
54,126,Undirected,,1
54,127,Undirected,,1
54,133,Undirected,,1
54,134,Undirected,,1
54,135,Undirected,,1
54,139,Undirected,,1
54,144,Undirected,,1
54,145,Undirected,,1
54,147,Undirected,,1
54,148,Undirected,,1
54,150,Undirected,,1
54,152,Undirected,,1
54,153,Undirected,,1
54,154,Undirected,,1
54,155,Undirected,,1
54,156,Undirected,,1
54,157,Undirected,,1
54,158,Undirected,,1
54,163,Undirected,,1
55,56,Undirected,,1
55,58,Undirected,,1
55,59,Undirected,,1
55,65,Undirected,,1
55,66,Undirected,,1
55,67,Undirected,,1
55,69,Undirected,,1
55,73,Undirected,,1
55,75,Undirected,,1
55,84,Undirected,,1
55,88,Undirected,,1
55,89,Undirected,,1
55,110,Undirected,,1
55,124,Undirected,,1
55,133,Undirected,,1
55,140,Undirected,,1
55,144,Undirected,,1
55,146,Undirected,,1
55,148,Undirected,,1
55,152,Undirected,,1
55,155,Undirected,,1
55,161,Undirected,,1
55,162,Undirected,,1
56,57,Undirected,,1
56,60,Undirected,,1
56,61,Undirected,,1
56,71,Undirected,,1
56,77,Undirected,,1
56,79,Undirected,,1
56,80,Undirected,,1
56,81,Undirected,,1
56,82,Undirected,,1
56,87,Undirected,,1
56,92,Undirected,,1
56,94,Undirected,,1
56,95,Undirected,,1
56,96,Undirected,,1
56,105,Undirected,,1
56,111,Undirected,,1
56,115,Undirected,,1
56,120,Undirected,,1
56,121,Undirected,,1
56,126,Undirected,,1
56,132,Undirected,,1
56,133,Undirected,,1
56,134,Undirected,,1
56,136,Undirected,,1
56,138,Undirected,,1
56,150,Undirected,,1
56,152,Undirected,,1
56,158,Undirected,,1
56,159,Undirected,,1
56,160,Undirected,,1
56,161,Undirected,,1
56,162,Undirected,,1
57,58,Undirected,,1
57,59,Undirected,,1
57,66,Undirected,,1
57,67,Undirected,,1
57,72,Undirected,,1
57,73,Undirected,,1
57,74,Undirected,,1
57,75,Undirected,,1
57,77,Undirected,,1
57,80,Undirected,,1
57,81,Undirected,,1
57,82,Undirected,,1
57,86,Undirected,,1
57,87,Undirected,,1
57,88,Undirected,,1
57,89,Undirected,,1
57,94,Undirected,,1
57,95,Undirected,,1
57,99,Undirected,,1
57,106,Undirected,,1
57,111,Undirected,,1
57,112,Undirected,,1
57,121,Undirected,,1
57,126,Undirected,,1
57,130,Undirected,,1
57,131,Undirected,,1
57,132,Undirected,,1
57,133,Undirected,,1
57,134,Undirected,,1
57,136,Undirected,,1
57,137,Undirected,,1
57,138,Undirected,,1
57,139,Undirected,,1
57,140,Undirected,,1
57,146,Undirected,,1
57,147,Undirected,,1
57,149,Undirected,,1
57,151,Undirected,,1
57,155,Undirected,,1
57,158,Undirected,,1
57,160,Undirected,,1
57,161,Undirected,,1
58,59,Undirected,,1
58,66,Undirected,,1
58,67,Undirected,,1
58,69,Undirected,,1
58,72,Undirected,,1
58,73,Undirected,,1
58,75,Undirected,,1
58,82,Undirected,,1
58,86,Undirected,,1
58,88,Undirected,,1
58,89,Undirected,,1
58,94,Undirected,,1
58,110,Undirected,,1
58,119,Undirected,,1
58,130,Undirected,,1
58,131,Undirected,,1
58,132,Undirected,,1
58,136,Undirected,,1
58,140,Undirected,,1
58,142,Undirected,,1
58,146,Undirected,,1
58,155,Undirected,,1
59,66,Undirected,,1
59,67,Undirected,,1
59,69,Undirected,,1
59,72,Undirected,,1
59,73,Undirected,,1
59,75,Undirected,,1
59,82,Undirected,,1
59,84,Undirected,,1
59,86,Undirected,,1
59,88,Undirected,,1
59,89,Undirected,,1
59,92,Undirected,,1
59,94,Undirected,,1
59,95,Undirected,,1
59,103,Undirected,,1
59,110,Undirected,,1
59,124,Undirected,,1
59,131,Undirected,,1
59,136,Undirected,,1
59,140,Undirected,,1
59,142,Undirected,,1
59,145,Undirected,,1
59,155,Undirected,,1
60,61,Undirected,,1
60,66,Undirected,,1
60,67,Undirected,,1
60,72,Undirected,,1
60,73,Undirected,,1
60,82,Undirected,,1
60,83,Undirected,,1
60,84,Undirected,,1
60,85,Undirected,,1
60,86,Undirected,,1
60,87,Undirected,,1
60,90,Undirected,,1
60,100,Undirected,,1
60,101,Undirected,,1
60,103,Undirected,,1
60,104,Undirected,,1
60,105,Undirected,,1
60,113,Undirected,,1
60,114,Undirected,,1
60,115,Undirected,,1
60,117,Undirected,,1
60,127,Undirected,,1
60,132,Undirected,,1
60,135,Undirected,,1
60,140,Undirected,,1
60,141,Undirected,,1
60,144,Undirected,,1
60,148,Undirected,,1
60,149,Undirected,,1
60,159,Undirected,,1
60,160,Undirected,,1
60,161,Undirected,,1
60,162,Undirected,,1
61,64,Undirected,,1
61,72,Undirected,,1
61,73,Undirected,,1
61,79,Undirected,,1
61,83,Undirected,,1
61,84,Undirected,,1
61,85,Undirected,,1
61,86,Undirected,,1
61,87,Undirected,,1
61,90,Undirected,,1
61,91,Undirected,,1
61,95,Undirected,,1
61,101,Undirected,,1
61,103,Undirected,,1
61,104,Undirected,,1
61,105,Undirected,,1
61,109,Undirected,,1
61,111,Undirected,,1
61,112,Undirected,,1
61,113,Undirected,,1
61,114,Undirected,,1
61,115,Undirected,,1
61,117,Undirected,,1
61,126,Undirected,,1
61,127,Undirected,,1
61,133,Undirected,,1
61,135,Undirected,,1
61,136,Undirected,,1
61,137,Undirected,,1
61,138,Undirected,,1
61,141,Undirected,,1
61,144,Undirected,,1
61,149,Undirected,,1
61,156,Undirected,,1
61,159,Undirected,,1
61,160,Undirected,,1
61,161,Undirected,,1
61,162,Undirected,,1
62,63,Undirected,,1
62,68,Undirected,,1
62,70,Undirected,,1
62,71,Undirected,,1
62,72,Undirected,,1
62,73,Undirected,,1
62,76,Undirected,,1
62,77,Undirected,,1
62,78,Undirected,,1
62,79,Undirected,,1
62,80,Undirected,,1
62,81,Undirected,,1
62,96,Undirected,,1
62,98,Undirected,,1
62,104,Undirected,,1
62,105,Undirected,,1
62,107,Undirected,,1
62,108,Undirected,,1
62,110,Undirected,,1
62,115,Undirected,,1
62,116,Undirected,,1
62,118,Undirected,,1
62,123,Undirected,,1
62,144,Undirected,,1
62,145,Undirected,,1
62,160,Undirected,,1
62,164,Undirected,,1
63,65,Undirected,,1
63,68,Undirected,,1
63,71,Undirected,,1
63,73,Undirected,,1
63,75,Undirected,,1
63,76,Undirected,,1
63,78,Undirected,,1
63,79,Undirected,,1
63,80,Undirected,,1
63,81,Undirected,,1
63,85,Undirected,,1
63,92,Undirected,,1
63,96,Undirected,,1
63,98,Undirected,,1
63,99,Undirected,,1
63,100,Undirected,,1
63,101,Undirected,,1
63,104,Undirected,,1
63,105,Undirected,,1
63,107,Undirected,,1
63,108,Undirected,,1
63,115,Undirected,,1
63,126,Undirected,,1
63,127,Undirected,,1
63,144,Undirected,,1
63,147,Undirected,,1
63,148,Undirected,,1
63,153,Undirected,,1
63,154,Undirected,,1
63,156,Undirected,,1
63,164,Undirected,,1
64,65,Undirected,,1
64,69,Undirected,,1
64,72,Undirected,,1
64,76,Undirected,,1
64,84,Undirected,,1
64,85,Undirected,,1
64,90,Undirected,,1
64,91,Undirected,,1
64,100,Undirected,,1
64,101,Undirected,,1
64,106,Undirected,,1
64,110,Undirected,,1
64,111,Undirected,,1
64,112,Undirected,,1
64,113,Undirected,,1
64,114,Undirected,,1
64,118,Undirected,,1
64,126,Undirected,,1
64,127,Undirected,,1
64,137,Undirected,,1
64,138,Undirected,,1
64,139,Undirected,,1
64,141,Undirected,,1
64,147,Undirected,,1
64,148,Undirected,,1
64,150,Undirected,,1
64,151,Undirected,,1
64,153,Undirected,,1
64,154,Undirected,,1
64,155,Undirected,,1
64,156,Undirected,,1
64,157,Undirected,,1
64,161,Undirected,,1
65,67,Undirected,,1
65,73,Undirected,,1
65,78,Undirected,,1
65,85,Undirected,,1
65,87,Undirected,,1
65,91,Undirected,,1
65,93,Undirected,,1
65,96,Undirected,,1
65,97,Undirected,,1
65,99,Undirected,,1
65,100,Undirected,,1
65,101,Undirected,,1
65,111,Undirected,,1
65,112,Undirected,,1
65,113,Undirected,,1
65,116,Undirected,,1
65,126,Undirected,,1
65,134,Undirected,,1
65,137,Undirected,,1
65,138,Undirected,,1
65,139,Undirected,,1
65,141,Undirected,,1
65,143,Undirected,,1
65,144,Undirected,,1
65,147,Undirected,,1
65,148,Undirected,,1
65,151,Undirected,,1
65,153,Undirected,,1
65,157,Undirected,,1
65,163,Undirected,,1
66,67,Undirected,,1
66,72,Undirected,,1
66,73,Undirected,,1
66,74,Undirected,,1
66,75,Undirected,,1
66,76,Undirected,,1
66,82,Undirected,,1
66,83,Undirected,,1
66,85,Undirected,,1
66,88,Undirected,,1
66,89,Undirected,,1
66,90,Undirected,,1
66,91,Undirected,,1
66,92,Undirected,,1
66,93,Undirected,,1
66,94,Undirected,,1
66,95,Undirected,,1
66,96,Undirected,,1
66,97,Undirected,,1
66,105,Undirected,,1
66,114,Undirected,,1
66,115,Undirected,,1
66,127,Undirected,,1
66,128,Undirected,,1
66,135,Undirected,,1
66,136,Undirected,,1
66,139,Undirected,,1
66,140,Undirected,,1
66,143,Undirected,,1
66,145,Undirected,,1
66,146,Undirected,,1
66,147,Undirected,,1
66,148,Undirected,,1
67,72,Undirected,,1
67,73,Undirected,,1
67,74,Undirected,,1
67,75,Undirected,,1
67,76,Undirected,,1
67,78,Undirected,,1
67,79,Undirected,,1
67,82,Undirected,,1
67,83,Undirected,,1
67,85,Undirected,,1
67,88,Undirected,,1
67,89,Undirected,,1
67,91,Undirected,,1
67,94,Undirected,,1
67,95,Undirected,,1
67,97,Undirected,,1
67,103,Undirected,,1
67,114,Undirected,,1
67,127,Undirected,,1
67,131,Undirected,,1
67,136,Undirected,,1
67,140,Undirected,,1
67,142,Undirected,,1
67,143,Undirected,,1
67,145,Undirected,,1
67,146,Undirected,,1
67,147,Undirected,,1
67,159,Undirected,,1
68,69,Undirected,,1
68,70,Undirected,,1
68,72,Undirected,,1
68,78,Undirected,,1
68,80,Undirected,,1
68,91,Undirected,,1
68,94,Undirected,,1
68,98,Undirected,,1
68,99,Undirected,,1
68,104,Undirected,,1
68,107,Undirected,,1
68,108,Undirected,,1
68,110,Undirected,,1
68,112,Undirected,,1
68,114,Undirected,,1
68,115,Undirected,,1
68,116,Undirected,,1
68,118,Undirected,,1
68,119,Undirected,,1
68,121,Undirected,,1
68,123,Undirected,,1
68,124,Undirected,,1
68,125,Undirected,,1
68,128,Undirected,,1
68,129,Undirected,,1
68,131,Undirected,,1
68,134,Undirected,,1
68,141,Undirected,,1
68,164,Undirected,,1
69,70,Undirected,,1
69,80,Undirected,,1
69,83,Undirected,,1
69,84,Undirected,,1
69,88,Undirected,,1
69,89,Undirected,,1
69,92,Undirected,,1
69,93,Undirected,,1
69,96,Undirected,,1
69,97,Undirected,,1
69,98,Undirected,,1
69,104,Undirected,,1
69,110,Undirected,,1
69,114,Undirected,,1
69,115,Undirected,,1
69,116,Undirected,,1
69,118,Undirected,,1
69,121,Undirected,,1
69,124,Undirected,,1
69,125,Undirected,,1
69,128,Undirected,,1
69,129,Undirected,,1
69,130,Undirected,,1
69,133,Undirected,,1
69,142,Undirected,,1
69,143,Undirected,,1
69,151,Undirected,,1
69,162,Undirected,,1
69,164,Undirected,,1
70,71,Undirected,,1
70,72,Undirected,,1
70,80,Undirected,,1
70,82,Undirected,,1
70,88,Undirected,,1
70,90,Undirected,,1
70,91,Undirected,,1
70,92,Undirected,,1
70,93,Undirected,,1
70,104,Undirected,,1
70,108,Undirected,,1
70,116,Undirected,,1
70,121,Undirected,,1
70,122,Undirected,,1
70,128,Undirected,,1
70,129,Undirected,,1
70,134,Undirected,,1
70,135,Undirected,,1
70,139,Undirected,,1
70,141,Undirected,,1
70,148,Undirected,,1
70,150,Undirected,,1
70,162,Undirected,,1
70,163,Undirected,,1
71,72,Undirected,,1
71,73,Undirected,,1
71,76,Undirected,,1
71,79,Undirected,,1
71,80,Undirected,,1
71,81,Undirected,,1
71,82,Undirected,,1
71,84,Undirected,,1
71,87,Undirected,,1
71,90,Undirected,,1
71,91,Undirected,,1
71,92,Undirected,,1
71,93,Undirected,,1
71,94,Undirected,,1
71,96,Undirected,,1
71,98,Undirected,,1
71,101,Undirected,,1
71,104,Undirected,,1
71,105,Undirected,,1
71,121,Undirected,,1
71,122,Undirected,,1
71,131,Undirected,,1
71,134,Undirected,,1
71,139,Undirected,,1
71,141,Undirected,,1
71,143,Undirected,,1
71,145,Undirected,,1
71,150,Undirected,,1
71,151,Undirected,,1
71,154,Undirected,,1
71,156,Undirected,,1
71,158,Undirected,,1
71,162,Undirected,,1
72,73,Undirected,,1
72,74,Undirected,,1
72,75,Undirected,,1
72,78,Undirected,,1
72,79,Undirected,,1
72,82,Undirected,,1
72,83,Undirected,,1
72,84,Undirected,,1
72,85,Undirected,,1
72,88,Undirected,,1
72,89,Undirected,,1
72,103,Undirected,,1
72,106,Undirected,,1
72,107,Undirected,,1
72,113,Undirected,,1
72,114,Undirected,,1
72,115,Undirected,,1
72,116,Undirected,,1
72,118,Undirected,,1
72,119,Undirected,,1
72,123,Undirected,,1
72,127,Undirected,,1
72,133,Undirected,,1
72,134,Undirected,,1
72,136,Undirected,,1
72,138,Undirected,,1
72,140,Undirected,,1
72,142,Undirected,,1
72,143,Undirected,,1
72,156,Undirected,,1
72,158,Undirected,,1
72,159,Undirected,,1
72,161,Undirected,,1
73,74,Undirected,,1
73,75,Undirected,,1
73,82,Undirected,,1
73,84,Undirected,,1
73,85,Undirected,,1
73,86,Undirected,,1
73,88,Undirected,,1
73,89,Undirected,,1
73,91,Undirected,,1
73,98,Undirected,,1
73,99,Undirected,,1
73,107,Undirected,,1
73,113,Undirected,,1
73,114,Undirected,,1
73,115,Undirected,,1
73,123,Undirected,,1
73,127,Undirected,,1
73,131,Undirected,,1
73,133,Undirected,,1
73,134,Undirected,,1
73,136,Undirected,,1
73,138,Undirected,,1
73,140,Undirected,,1
73,142,Undirected,,1
73,143,Undirected,,1
73,156,Undirected,,1
73,158,Undirected,,1
73,159,Undirected,,1
73,161,Undirected,,1
74,75,Undirected,,1
74,76,Undirected,,1
74,79,Undirected,,1
74,82,Undirected,,1
74,84,Undirected,,1
74,88,Undirected,,1
74,90,Undirected,,1
74,91,Undirected,,1
74,94,Undirected,,1
74,95,Undirected,,1
74,100,Undirected,,1
74,101,Undirected,,1
74,104,Undirected,,1
74,105,Undirected,,1
74,106,Undirected,,1
74,107,Undirected,,1
74,111,Undirected,,1
74,112,Undirected,,1
74,113,Undirected,,1
74,126,Undirected,,1
74,128,Undirected,,1
74,134,Undirected,,1
74,136,Undirected,,1
74,137,Undirected,,1
74,140,Undirected,,1
74,141,Undirected,,1
74,142,Undirected,,1
74,143,Undirected,,1
74,145,Undirected,,1
74,146,Undirected,,1
74,147,Undirected,,1
74,148,Undirected,,1
74,149,Undirected,,1
74,153,Undirected,,1
74,155,Undirected,,1
74,157,Undirected,,1
75,76,Undirected,,1
75,78,Undirected,,1
75,79,Undirected,,1
75,82,Undirected,,1
75,83,Undirected,,1
75,84,Undirected,,1
75,85,Undirected,,1
75,88,Undirected,,1
75,89,Undirected,,1
75,90,Undirected,,1
75,91,Undirected,,1
75,94,Undirected,,1
75,95,Undirected,,1
75,97,Undirected,,1
75,100,Undirected,,1
75,101,Undirected,,1
75,115,Undirected,,1
75,131,Undirected,,1
75,133,Undirected,,1
75,136,Undirected,,1
75,140,Undirected,,1
75,141,Undirected,,1
75,142,Undirected,,1
75,143,Undirected,,1
75,144,Undirected,,1
75,145,Undirected,,1
75,147,Undirected,,1
75,148,Undirected,,1
75,153,Undirected,,1
75,155,Undirected,,1
75,157,Undirected,,1
75,163,Undirected,,1
76,77,Undirected,,1
76,79,Undirected,,1
76,80,Undirected,,1
76,81,Undirected,,1
76,90,Undirected,,1
76,98,Undirected,,1
76,99,Undirected,,1
76,104,Undirected,,1
76,105,Undirected,,1
76,112,Undirected,,1
76,126,Undirected,,1
76,128,Undirected,,1
76,129,Undirected,,1
76,140,Undirected,,1
76,144,Undirected,,1
76,145,Undirected,,1
76,146,Undirected,,1
76,147,Undirected,,1
76,150,Undirected,,1
76,153,Undirected,,1
76,154,Undirected,,1
76,156,Undirected,,1
76,163,Undirected,,1
77,78,Undirected,,1
77,79,Undirected,,1
77,81,Undirected,,1
77,82,Undirected,,1
77,83,Undirected,,1
77,92,Undirected,,1
77,93,Undirected,,1
77,96,Undirected,,1
77,97,Undirected,,1
77,98,Undirected,,1
77,99,Undirected,,1
77,104,Undirected,,1
77,105,Undirected,,1
77,108,Undirected,,1
77,124,Undirected,,1
77,126,Undirected,,1
77,127,Undirected,,1
77,133,Undirected,,1
77,136,Undirected,,1
77,138,Undirected,,1
77,142,Undirected,,1
77,145,Undirected,,1
77,151,Undirected,,1
77,152,Undirected,,1
77,155,Undirected,,1
77,159,Undirected,,1
77,161,Undirected,,1
77,164,Undirected,,1
78,79,Undirected,,1
78,80,Undirected,,1
78,81,Undirected,,1
78,82,Undirected,,1
78,83,Undirected,,1
78,84,Undirected,,1
78,85,Undirected,,1
78,87,Undirected,,1
78,88,Undirected,,1
78,89,Undirected,,1
78,95,Undirected,,1
78,100,Undirected,,1
78,101,Undirected,,1
78,108,Undirected,,1
78,111,Undirected,,1
78,112,Undirected,,1
78,116,Undirected,,1
78,119,Undirected,,1
78,126,Undirected,,1
78,130,Undirected,,1
78,133,Undirected,,1
78,137,Undirected,,1
78,138,Undirected,,1
78,142,Undirected,,1
78,143,Undirected,,1
78,145,Undirected,,1
78,146,Undirected,,1
78,163,Undirected,,1
78,164,Undirected,,1
79,80,Undirected,,1
79,81,Undirected,,1
79,85,Undirected,,1
79,86,Undirected,,1
79,87,Undirected,,1
79,94,Undirected,,1
79,98,Undirected,,1
79,99,Undirected,,1
79,101,Undirected,,1
79,105,Undirected,,1
79,108,Undirected,,1
79,113,Undirected,,1
79,116,Undirected,,1
79,117,Undirected,,1
79,126,Undirected,,1
79,127,Undirected,,1
79,133,Undirected,,1
79,136,Undirected,,1
79,137,Undirected,,1
79,138,Undirected,,1
79,142,Undirected,,1
79,143,Undirected,,1
79,145,Undirected,,1
79,149,Undirected,,1
79,150,Undirected,,1
79,151,Undirected,,1
79,159,Undirected,,1
79,160,Undirected,,1
79,161,Undirected,,1
79,164,Undirected,,1
80,81,Undirected,,1
80,85,Undirected,,1
80,87,Undirected,,1
80,98,Undirected,,1
80,99,Undirected,,1
80,104,Undirected,,1
80,118,Undirected,,1
80,119,Undirected,,1
80,121,Undirected,,1
80,122,Undirected,,1
80,123,Undirected,,1
80,132,Undirected,,1
80,134,Undirected,,1
80,136,Undirected,,1
80,138,Undirected,,1
80,144,Undirected,,1
80,145,Undirected,,1
80,147,Undirected,,1
80,149,Undirected,,1
80,150,Undirected,,1
80,152,Undirected,,1
80,153,Undirected,,1
80,154,Undirected,,1
80,155,Undirected,,1
80,156,Undirected,,1
80,157,Undirected,,1
80,158,Undirected,,1
80,160,Undirected,,1
80,162,Undirected,,1
81,85,Undirected,,1
81,87,Undirected,,1
81,98,Undirected,,1
81,99,Undirected,,1
81,103,Undirected,,1
81,117,Undirected,,1
81,118,Undirected,,1
81,119,Undirected,,1
81,121,Undirected,,1
81,130,Undirected,,1
81,132,Undirected,,1
81,134,Undirected,,1
81,136,Undirected,,1
81,137,Undirected,,1
81,138,Undirected,,1
81,144,Undirected,,1
81,145,Undirected,,1
81,149,Undirected,,1
81,150,Undirected,,1
81,155,Undirected,,1
81,156,Undirected,,1
81,157,Undirected,,1
81,158,Undirected,,1
81,160,Undirected,,1
82,83,Undirected,,1
82,84,Undirected,,1
82,85,Undirected,,1
82,86,Undirected,,1
82,87,Undirected,,1
82,91,Undirected,,1
82,92,Undirected,,1
82,94,Undirected,,1
82,95,Undirected,,1
82,96,Undirected,,1
82,97,Undirected,,1
82,101,Undirected,,1
82,102,Undirected,,1
82,103,Undirected,,1
82,104,Undirected,,1
82,105,Undirected,,1
82,114,Undirected,,1
82,118,Undirected,,1
82,125,Undirected,,1
82,130,Undirected,,1
82,131,Undirected,,1
82,136,Undirected,,1
82,139,Undirected,,1
82,140,Undirected,,1
82,143,Undirected,,1
82,144,Undirected,,1
82,146,Undirected,,1
82,147,Undirected,,1
82,148,Undirected,,1
82,151,Undirected,,1
82,155,Undirected,,1
82,157,Undirected,,1
83,84,Undirected,,1
83,85,Undirected,,1
83,86,Undirected,,1
83,87,Undirected,,1
83,92,Undirected,,1
83,93,Undirected,,1
83,94,Undirected,,1
83,95,Undirected,,1
83,96,Undirected,,1
83,97,Undirected,,1
83,99,Undirected,,1
83,103,Undirected,,1
83,104,Undirected,,1
83,105,Undirected,,1
83,111,Undirected,,1
83,112,Undirected,,1
83,114,Undirected,,1
83,121,Undirected,,1
83,123,Undirected,,1
83,125,Undirected,,1
83,130,Undirected,,1
83,133,Undirected,,1
83,137,Undirected,,1
83,139,Undirected,,1
83,143,Undirected,,1
83,144,Undirected,,1
83,146,Undirected,,1
83,147,Undirected,,1
83,148,Undirected,,1
83,155,Undirected,,1
83,157,Undirected,,1
84,85,Undirected,,1
84,86,Undirected,,1
84,87,Undirected,,1
84,108,Undirected,,1
84,111,Undirected,,1
84,112,Undirected,,1
84,113,Undirected,,1
84,120,Undirected,,1
84,125,Undirected,,1
84,126,Undirected,,1
84,130,Undirected,,1
84,134,Undirected,,1
84,137,Undirected,,1
84,138,Undirected,,1
84,142,Undirected,,1
84,143,Undirected,,1
84,159,Undirected,,1
84,161,Undirected,,1
84,163,Undirected,,1
85,86,Undirected,,1
85,87,Undirected,,1
85,100,Undirected,,1
85,103,Undirected,,1
85,108,Undirected,,1
85,111,Undirected,,1
85,113,Undirected,,1
85,121,Undirected,,1
85,126,Undirected,,1
85,130,Undirected,,1
85,137,Undirected,,1
85,138,Undirected,,1
85,142,Undirected,,1
85,143,Undirected,,1
85,145,Undirected,,1
85,159,Undirected,,1
85,161,Undirected,,1
85,163,Undirected,,1
86,87,Undirected,,1
86,89,Undirected,,1
86,108,Undirected,,1
86,111,Undirected,,1
86,121,Undirected,,1
86,125,Undirected,,1
86,126,Undirected,,1
86,130,Undirected,,1
86,136,Undirected,,1
86,137,Undirected,,1
86,138,Undirected,,1
86,156,Undirected,,1
86,159,Undirected,,1
86,161,Undirected,,1
87,98,Undirected,,1
87,100,Undirected,,1
87,101,Undirected,,1
87,103,Undirected,,1
87,108,Undirected,,1
87,109,Undirected,,1
87,111,Undirected,,1
87,117,Undirected,,1
87,118,Undirected,,1
87,121,Undirected,,1
87,124,Undirected,,1
87,125,Undirected,,1
87,126,Undirected,,1
87,132,Undirected,,1
87,136,Undirected,,1
87,137,Undirected,,1
87,138,Undirected,,1
87,159,Undirected,,1
87,160,Undirected,,1
87,161,Undirected,,1
87,163,Undirected,,1
88,89,Undirected,,1
88,94,Undirected,,1
88,95,Undirected,,1
88,97,Undirected,,1
88,109,Undirected,,1
88,110,Undirected,,1
88,119,Undirected,,1
88,124,Undirected,,1
88,131,Undirected,,1
88,135,Undirected,,1
88,136,Undirected,,1
88,140,Undirected,,1
88,142,Undirected,,1
88,145,Undirected,,1
88,146,Undirected,,1
88,147,Undirected,,1
89,94,Undirected,,1
89,108,Undirected,,1
89,110,Undirected,,1
89,124,Undirected,,1
89,130,Undirected,,1
89,131,Undirected,,1
89,132,Undirected,,1
89,136,Undirected,,1
89,140,Undirected,,1
89,142,Undirected,,1
89,143,Undirected,,1
89,145,Undirected,,1
89,146,Undirected,,1
89,164,Undirected,,1
90,91,Undirected,,1
90,93,Undirected,,1
90,94,Undirected,,1
90,95,Undirected,,1
90,96,Undirected,,1
90,97,Undirected,,1
90,98,Undirected,,1
90,104,Undirected,,1
90,105,Undirected,,1
90,109,Undirected,,1
90,111,Undirected,,1
90,112,Undirected,,1
90,113,Undirected,,1
90,114,Undirected,,1
90,126,Undirected,,1
90,131,Undirected,,1
90,134,Undirected,,1
90,137,Undirected,,1
90,140,Undirected,,1
90,141,Undirected,,1
90,143,Undirected,,1
90,147,Undirected,,1
90,149,Undirected,,1
90,153,Undirected,,1
90,155,Undirected,,1
90,157,Undirected,,1
90,161,Undirected,,1
90,162,Undirected,,1
91,94,Undirected,,1
91,95,Undirected,,1
91,96,Undirected,,1
91,97,Undirected,,1
91,104,Undirected,,1
91,105,Undirected,,1
91,111,Undirected,,1
91,113,Undirected,,1
91,119,Undirected,,1
91,131,Undirected,,1
91,139,Undirected,,1
91,140,Undirected,,1
91,141,Undirected,,1
91,142,Undirected,,1
91,143,Undirected,,1
91,145,Undirected,,1
91,146,Undirected,,1
91,147,Undirected,,1
91,148,Undirected,,1
91,153,Undirected,,1
91,155,Undirected,,1
91,157,Undirected,,1
91,161,Undirected,,1
91,162,Undirected,,1
91,163,Undirected,,1
92,93,Undirected,,1
92,94,Undirected,,1
92,95,Undirected,,1
92,96,Undirected,,1
92,97,Undirected,,1
92,98,Undirected,,1
92,99,Undirected,,1
92,102,Undirected,,1
92,104,Undirected,,1
92,105,Undirected,,1
92,109,Undirected,,1
92,119,Undirected,,1
92,122,Undirected,,1
92,130,Undirected,,1
92,132,Undirected,,1
92,133,Undirected,,1
92,139,Undirected,,1
92,140,Undirected,,1
92,146,Undirected,,1
92,151,Undirected,,1
92,152,Undirected,,1
92,159,Undirected,,1
92,161,Undirected,,1
92,162,Undirected,,1
93,94,Undirected,,1
93,95,Undirected,,1
93,96,Undirected,,1
93,97,Undirected,,1
93,98,Undirected,,1
93,99,Undirected,,1
93,104,Undirected,,1
93,105,Undirected,,1
93,119,Undirected,,1
93,120,Undirected,,1
93,122,Undirected,,1
93,130,Undirected,,1
93,132,Undirected,,1
93,133,Undirected,,1
93,139,Undirected,,1
93,140,Undirected,,1
93,143,Undirected,,1
93,146,Undirected,,1
93,152,Undirected,,1
93,159,Undirected,,1
93,160,Undirected,,1
93,161,Undirected,,1
93,163,Undirected,,1
94,95,Undirected,,1
94,96,Undirected,,1
94,97,Undirected,,1
94,99,Undirected,,1
94,109,Undirected,,1
94,110,Undirected,,1
94,115,Undirected,,1
94,116,Undirected,,1
94,118,Undirected,,1
94,119,Undirected,,1
94,122,Undirected,,1
94,130,Undirected,,1
94,131,Undirected,,1
94,136,Undirected,,1
94,139,Undirected,,1
94,140,Undirected,,1
94,141,Undirected,,1
94,143,Undirected,,1
94,145,Undirected,,1
94,146,Undirected,,1
94,155,Undirected,,1
94,161,Undirected,,1
94,162,Undirected,,1
95,96,Undirected,,1
95,97,Undirected,,1
95,99,Undirected,,1
95,105,Undirected,,1
95,110,Undirected,,1
95,113,Undirected,,1
95,114,Undirected,,1
95,115,Undirected,,1
95,116,Undirected,,1
95,119,Undirected,,1
95,127,Undirected,,1
95,130,Undirected,,1
95,136,Undirected,,1
95,139,Undirected,,1
95,140,Undirected,,1
95,141,Undirected,,1
95,145,Undirected,,1
95,146,Undirected,,1
95,147,Undirected,,1
95,150,Undirected,,1
95,153,Undirected,,1
95,154,Undirected,,1
95,155,Undirected,,1
95,156,Undirected,,1
95,157,Undirected,,1
95,161,Undirected,,1
95,162,Undirected,,1
96,97,Undirected,,1
96,98,Undirected,,1
96,99,Undirected,,1
96,104,Undirected,,1
96,105,Undirected,,1
96,119,Undirected,,1
96,120,Undirected,,1
96,130,Undirected,,1
96,133,Undirected,,1
96,140,Undirected,,1
96,146,Undirected,,1
96,156,Undirected,,1
96,159,Undirected,,1
96,161,Undirected,,1
96,162,Undirected,,1
97,98,Undirected,,1
97,99,Undirected,,1
97,104,Undirected,,1
97,105,Undirected,,1
97,119,Undirected,,1
97,130,Undirected,,1
97,133,Undirected,,1
97,138,Undirected,,1
97,139,Undirected,,1
97,140,Undirected,,1
97,143,Undirected,,1
97,146,Undirected,,1
97,147,Undirected,,1
97,155,Undirected,,1
97,161,Undirected,,1
98,99,Undirected,,1
98,104,Undirected,,1
98,105,Undirected,,1
98,110,Undirected,,1
98,120,Undirected,,1
98,121,Undirected,,1
98,123,Undirected,,1
98,130,Undirected,,1
98,144,Undirected,,1
98,145,Undirected,,1
98,146,Undirected,,1
98,150,Undirected,,1
98,162,Undirected,,1
99,104,Undirected,,1
99,105,Undirected,,1
99,120,Undirected,,1
99,123,Undirected,,1
99,132,Undirected,,1
99,134,Undirected,,1
99,136,Undirected,,1
99,143,Undirected,,1
99,145,Undirected,,1
99,146,Undirected,,1
99,163,Undirected,,1
100,101,Undirected,,1
100,102,Undirected,,1
100,103,Undirected,,1
100,111,Undirected,,1
100,112,Undirected,,1
100,113,Undirected,,1
100,116,Undirected,,1
100,126,Undirected,,1
100,135,Undirected,,1
100,137,Undirected,,1
100,138,Undirected,,1
100,139,Undirected,,1
100,142,Undirected,,1
100,143,Undirected,,1
100,144,Undirected,,1
100,147,Undirected,,1
100,148,Undirected,,1
100,151,Undirected,,1
100,153,Undirected,,1
100,155,Undirected,,1
100,157,Undirected,,1
100,163,Undirected,,1
101,102,Undirected,,1
101,103,Undirected,,1
101,105,Undirected,,1
101,111,Undirected,,1
101,113,Undirected,,1
101,116,Undirected,,1
101,126,Undirected,,1
101,135,Undirected,,1
101,137,Undirected,,1
101,138,Undirected,,1
101,139,Undirected,,1
101,142,Undirected,,1
101,143,Undirected,,1
101,144,Undirected,,1
101,145,Undirected,,1
101,147,Undirected,,1
101,148,Undirected,,1
101,150,Undirected,,1
101,151,Undirected,,1
101,153,Undirected,,1
101,155,Undirected,,1
101,157,Undirected,,1
101,163,Undirected,,1
102,103,Undirected,,1
102,104,Undirected,,1
102,105,Undirected,,1
102,116,Undirected,,1
102,119,Undirected,,1
102,124,Undirected,,1
102,126,Undirected,,1
102,135,Undirected,,1
102,139,Undirected,,1
102,142,Undirected,,1
102,143,Undirected,,1
102,144,Undirected,,1
102,147,Undirected,,1
102,148,Undirected,,1
102,153,Undirected,,1
102,155,Undirected,,1
102,157,Undirected,,1
102,159,Undirected,,1
103,104,Undirected,,1
103,105,Undirected,,1
103,106,Undirected,,1
103,114,Undirected,,1
103,115,Undirected,,1
103,116,Undirected,,1
103,118,Undirected,,1
103,123,Undirected,,1
103,124,Undirected,,1
103,135,Undirected,,1
103,144,Undirected,,1
103,147,Undirected,,1
103,148,Undirected,,1
103,155,Undirected,,1
103,157,Undirected,,1
104,105,Undirected,,1
104,111,Undirected,,1
104,112,Undirected,,1
104,114,Undirected,,1
104,126,Undirected,,1
104,135,Undirected,,1
104,141,Undirected,,1
104,145,Undirected,,1
104,149,Undirected,,1
104,153,Undirected,,1
104,154,Undirected,,1
104,156,Undirected,,1
105,109,Undirected,,1
105,112,Undirected,,1
105,119,Undirected,,1
105,123,Undirected,,1
105,130,Undirected,,1
105,133,Undirected,,1
105,139,Undirected,,1
105,141,Undirected,,1
105,142,Undirected,,1
105,143,Undirected,,1
105,145,Undirected,,1
105,146,Undirected,,1
105,159,Undirected,,1
106,111,Undirected,,1
106,112,Undirected,,1
106,113,Undirected,,1
106,114,Undirected,,1
106,126,Undirected,,1
106,132,Undirected,,1
106,135,Undirected,,1
106,136,Undirected,,1
106,155,Undirected,,1
107,108,Undirected,,1
107,109,Undirected,,1
107,110,Undirected,,1
107,113,Undirected,,1
107,114,Undirected,,1
107,115,Undirected,,1
107,116,Undirected,,1
107,118,Undirected,,1
107,119,Undirected,,1
107,121,Undirected,,1
107,123,Undirected,,1
107,127,Undirected,,1
107,128,Undirected,,1
107,134,Undirected,,1
107,135,Undirected,,1
107,139,Undirected,,1
107,142,Undirected,,1
107,143,Undirected,,1
107,144,Undirected,,1
107,151,Undirected,,1
107,153,Undirected,,1
107,156,Undirected,,1
107,158,Undirected,,1
107,163,Undirected,,1
107,164,Undirected,,1
108,109,Undirected,,1
108,110,Undirected,,1
108,111,Undirected,,1
108,112,Undirected,,1
108,113,Undirected,,1
108,115,Undirected,,1
108,116,Undirected,,1
108,117,Undirected,,1
108,119,Undirected,,1
108,120,Undirected,,1
108,125,Undirected,,1
108,126,Undirected,,1
108,129,Undirected,,1
108,132,Undirected,,1
108,137,Undirected,,1
108,138,Undirected,,1
108,147,Undirected,,1
108,152,Undirected,,1
108,155,Undirected,,1
108,156,Undirected,,1
108,157,Undirected,,1
108,161,Undirected,,1
108,163,Undirected,,1
108,164,Undirected,,1
109,110,Undirected,,1
109,111,Undirected,,1
109,115,Undirected,,1
109,116,Undirected,,1
109,117,Undirected,,1
109,119,Undirected,,1
109,121,Undirected,,1
109,123,Undirected,,1
109,124,Undirected,,1
109,126,Undirected,,1
109,129,Undirected,,1
109,130,Undirected,,1
109,137,Undirected,,1
109,139,Undirected,,1
109,141,Undirected,,1
109,149,Undirected,,1
109,163,Undirected,,1
109,164,Undirected,,1
110,113,Undirected,,1
110,114,Undirected,,1
110,115,Undirected,,1
110,117,Undirected,,1
110,118,Undirected,,1
110,119,Undirected,,1
110,121,Undirected,,1
110,123,Undirected,,1
110,124,Undirected,,1
110,127,Undirected,,1
110,129,Undirected,,1
110,142,Undirected,,1
110,163,Undirected,,1
110,164,Undirected,,1
111,112,Undirected,,1
111,113,Undirected,,1
111,114,Undirected,,1
111,115,Undirected,,1
111,120,Undirected,,1
111,125,Undirected,,1
111,126,Undirected,,1
111,127,Undirected,,1
111,129,Undirected,,1
111,130,Undirected,,1
111,134,Undirected,,1
111,136,Undirected,,1
111,137,Undirected,,1
111,138,Undirected,,1
111,141,Undirected,,1
111,147,Undirected,,1
111,153,Undirected,,1
111,154,Undirected,,1
111,155,Undirected,,1
111,156,Undirected,,1
111,157,Undirected,,1
111,159,Undirected,,1
111,161,Undirected,,1
111,163,Undirected,,1
112,113,Undirected,,1
112,114,Undirected,,1
112,120,Undirected,,1
112,123,Undirected,,1
112,125,Undirected,,1
112,126,Undirected,,1
112,129,Undirected,,1
112,130,Undirected,,1
112,134,Undirected,,1
112,136,Undirected,,1
112,137,Undirected,,1
112,138,Undirected,,1
112,141,Undirected,,1
112,149,Undirected,,1
112,153,Undirected,,1
112,154,Undirected,,1
112,155,Undirected,,1
112,156,Undirected,,1
113,114,Undirected,,1
113,115,Undirected,,1
113,119,Undirected,,1
113,120,Undirected,,1
113,126,Undirected,,1
113,127,Undirected,,1
113,137,Undirected,,1
113,138,Undirected,,1
113,139,Undirected,,1
113,141,Undirected,,1
113,142,Undirected,,1
113,144,Undirected,,1
113,147,Undirected,,1
113,151,Undirected,,1
113,153,Undirected,,1
113,154,Undirected,,1
113,155,Undirected,,1
113,156,Undirected,,1
113,157,Undirected,,1
113,158,Undirected,,1
113,159,Undirected,,1
113,161,Undirected,,1
114,115,Undirected,,1
114,116,Undirected,,1
114,118,Undirected,,1
114,119,Undirected,,1
114,121,Undirected,,1
114,126,Undirected,,1
114,127,Undirected,,1
114,128,Undirected,,1
114,132,Undirected,,1
114,141,Undirected,,1
114,142,Undirected,,1
114,151,Undirected,,1
114,153,Undirected,,1
114,154,Undirected,,1
114,155,Undirected,,1
114,156,Undirected,,1
114,157,Undirected,,1
114,158,Undirected,,1
114,159,Undirected,,1
114,161,Undirected,,1
115,116,Undirected,,1
115,119,Undirected,,1
115,121,Undirected,,1
115,123,Undirected,,1
115,127,Undirected,,1
115,128,Undirected,,1
115,131,Undirected,,1
115,139,Undirected,,1
115,142,Undirected,,1
115,143,Undirected,,1
115,158,Undirected,,1
115,163,Undirected,,1
115,164,Undirected,,1
116,117,Undirected,,1
116,119,Undirected,,1
116,121,Undirected,,1
116,126,Undirected,,1
116,128,Undirected,,1
116,129,Undirected,,1
116,137,Undirected,,1
116,138,Undirected,,1
116,147,Undirected,,1
116,148,Undirected,,1
116,163,Undirected,,1
116,164,Undirected,,1
117,119,Undirected,,1
117,122,Undirected,,1
117,126,Undirected,,1
117,129,Undirected,,1
117,130,Undirected,,1
117,137,Undirected,,1
117,147,Undirected,,1
117,149,Undirected,,1
117,156,Undirected,,1
117,161,Undirected,,1
117,162,Undirected,,1
117,163,Undirected,,1
117,164,Undirected,,1
118,119,Undirected,,1
118,121,Undirected,,1
118,123,Undirected,,1
118,124,Undirected,,1
118,127,Undirected,,1
118,129,Undirected,,1
118,131,Undirected,,1
118,134,Undirected,,1
118,142,Undirected,,1
118,144,Undirected,,1
118,149,Undirected,,1
118,161,Undirected,,1
119,121,Undirected,,1
119,123,Undirected,,1
119,124,Undirected,,1
119,127,Undirected,,1
119,134,Undirected,,1
119,139,Undirected,,1
119,140,Undirected,,1
119,142,Undirected,,1
119,147,Undirected,,1
119,155,Undirected,,1
119,157,Undirected,,1
119,161,Undirected,,1
119,164,Undirected,,1
120,126,Undirected,,1
120,129,Undirected,,1
120,130,Undirected,,1
120,132,Undirected,,1
120,135,Undirected,,1
120,163,Undirected,,1
121,122,Undirected,,1
121,123,Undirected,,1
121,124,Undirected,,1
121,125,Undirected,,1
121,129,Undirected,,1
121,132,Undirected,,1
121,134,Undirected,,1
121,136,Undirected,,1
121,150,Undirected,,1
121,152,Undirected,,1
121,163,Undirected,,1
122,130,Undirected,,1
122,131,Undirected,,1
122,132,Undirected,,1
122,143,Undirected,,1
122,163,Undirected,,1
123,124,Undirected,,1
123,125,Undirected,,1
123,127,Undirected,,1
123,129,Undirected,,1
123,134,Undirected,,1
123,142,Undirected,,1
123,159,Undirected,,1
123,161,Undirected,,1
124,129,Undirected,,1
124,131,Undirected,,1
124,134,Undirected,,1
124,135,Undirected,,1
124,157,Undirected,,1
125,126,Undirected,,1
125,129,Undirected,,1
125,130,Undirected,,1
125,134,Undirected,,1
125,151,Undirected,,1
126,127,Undirected,,1
126,129,Undirected,,1
126,130,Undirected,,1
126,133,Undirected,,1
126,134,Undirected,,1
126,136,Undirected,,1
126,137,Undirected,,1
126,138,Undirected,,1
126,140,Undirected,,1
126,141,Undirected,,1
126,144,Undirected,,1
126,147,Undirected,,1
126,148,Undirected,,1
126,149,Undirected,,1
126,153,Undirected,,1
126,154,Undirected,,1
126,155,Undirected,,1
126,156,Undirected,,1
126,157,Undirected,,1
126,159,Undirected,,1
126,161,Undirected,,1
126,163,Undirected,,1
126,164,Undirected,,1
127,133,Undirected,,1
127,137,Undirected,,1
127,138,Undirected,,1
127,140,Undirected,,1
127,142,Undirected,,1
127,144,Undirected,,1
127,153,Undirected,,1
127,154,Undirected,,1
127,155,Undirected,,1
127,156,Undirected,,1
127,157,Undirected,,1
127,158,Undirected,,1
127,159,Undirected,,1
127,161,Undirected,,1
128,129,Undirected,,1
128,146,Undirected,,1
128,163,Undirected,,1
129,130,Undirected,,1
129,133,Undirected,,1
129,137,Undirected,,1
129,151,Undirected,,1
129,163,Undirected,,1
130,131,Undirected,,1
130,136,Undirected,,1
130,137,Undirected,,1
130,152,Undirected,,1
130,163,Undirected,,1
131,132,Undirected,,1
131,136,Undirected,,1
131,140,Undirected,,1
131,141,Undirected,,1
131,143,Undirected,,1
131,152,Undirected,,1
131,158,Undirected,,1
131,163,Undirected,,1
132,143,Undirected,,1
132,147,Undirected,,1
132,153,Undirected,,1
132,155,Undirected,,1
132,157,Undirected,,1
132,159,Undirected,,1
132,160,Undirected,,1
132,164,Undirected,,1
133,136,Undirected,,1
133,138,Undirected,,1
133,146,Undirected,,1
133,159,Undirected,,1
133,160,Undirected,,1
133,161,Undirected,,1
133,164,Undirected,,1
134,135,Undirected,,1
134,136,Undirected,,1
134,142,Undirected,,1
134,143,Undirected,,1
134,144,Undirected,,1
134,148,Undirected,,1
134,149,Undirected,,1
134,150,Undirected,,1
134,157,Undirected,,1
134,160,Undirected,,1
135,138,Undirected,,1
135,140,Undirected,,1
135,141,Undirected,,1
135,144,Undirected,,1
135,147,Undirected,,1
135,148,Undirected,,1
135,153,Undirected,,1
135,161,Undirected,,1
135,162,Undirected,,1
136,137,Undirected,,1
136,138,Undirected,,1
136,139,Undirected,,1
136,140,Undirected,,1
136,149,Undirected,,1
136,151,Undirected,,1
136,155,Undirected,,1
136,158,Undirected,,1
136,160,Undirected,,1
136,161,Undirected,,1
136,162,Undirected,,1
137,138,Undirected,,1
137,139,Undirected,,1
137,141,Undirected,,1
137,142,Undirected,,1
137,143,Undirected,,1
137,145,Undirected,,1
137,147,Undirected,,1
137,148,Undirected,,1
137,149,Undirected,,1
137,151,Undirected,,1
137,153,Undirected,,1
137,154,Undirected,,1
137,155,Undirected,,1
137,156,Undirected,,1
137,157,Undirected,,1
137,159,Undirected,,1
137,160,Undirected,,1
137,161,Undirected,,1
138,139,Undirected,,1
138,142,Undirected,,1
138,143,Undirected,,1
138,145,Undirected,,1
138,147,Undirected,,1
138,148,Undirected,,1
138,149,Undirected,,1
138,151,Undirected,,1
138,153,Undirected,,1
138,154,Undirected,,1
138,155,Undirected,,1
138,156,Undirected,,1
138,157,Undirected,,1
138,159,Undirected,,1
138,160,Undirected,,1
138,161,Undirected,,1
138,164,Undirected,,1
139,142,Undirected,,1
139,144,Undirected,,1
139,147,Undirected,,1
139,148,Undirected,,1
139,151,Undirected,,1
139,152,Undirected,,1
139,153,Undirected,,1
139,154,Undirected,,1
139,155,Undirected,,1
139,157,Undirected,,1
139,164,Undirected,,1
140,142,Undirected,,1
140,143,Undirected,,1
140,145,Undirected,,1
140,146,Undirected,,1
140,147,Undirected,,1
140,148,Undirected,,1
140,153,Undirected,,1
140,155,Undirected,,1
141,143,Undirected,,1
141,147,Undirected,,1
141,149,Undirected,,1
141,153,Undirected,,1
141,155,Undirected,,1
141,157,Undirected,,1
141,161,Undirected,,1
141,162,Undirected,,1
141,163,Undirected,,1
142,143,Undirected,,1
142,145,Undirected,,1
142,156,Undirected,,1
142,159,Undirected,,1
143,145,Undirected,,1
143,156,Undirected,,1
143,158,Undirected,,1
143,159,Undirected,,1
144,147,Undirected,,1
144,148,Undirected,,1
144,151,Undirected,,1
144,153,Undirected,,1
144,154,Undirected,,1
144,155,Undirected,,1
144,156,Undirected,,1
144,157,Undirected,,1
144,158,Undirected,,1
144,162,Undirected,,1
145,146,Undirected,,1
145,149,Undirected,,1
145,150,Undirected,,1
145,153,Undirected,,1
145,154,Undirected,,1
145,159,Undirected,,1
146,149,Undirected,,1
146,150,Undirected,,1
146,152,Undirected,,1
146,155,Undirected,,1
146,162,Undirected,,1
147,148,Undirected,,1
147,151,Undirected,,1
147,152,Undirected,,1
147,153,Undirected,,1
147,154,Undirected,,1
147,155,Undirected,,1
147,156,Undirected,,1
147,157,Undirected,,1
147,158,Undirected,,1
147,163,Undirected,,1
148,151,Undirected,,1
148,152,Undirected,,1
148,153,Undirected,,1
148,154,Undirected,,1
148,155,Undirected,,1
148,156,Undirected,,1
148,157,Undirected,,1
148,163,Undirected,,1
149,150,Undirected,,1
149,160,Undirected,,1
150,152,Undirected,,1
150,154,Undirected,,1
150,156,Undirected,,1
150,157,Undirected,,1
150,160,Undirected,,1
150,162,Undirected,,1
151,152,Undirected,,1
151,153,Undirected,,1
151,154,Undirected,,1
151,155,Undirected,,1
151,157,Undirected,,1
152,154,Undirected,,1
152,155,Undirected,,1
152,157,Undirected,,1
153,154,Undirected,,1
153,155,Undirected,,1
153,156,Undirected,,1
153,157,Undirected,,1
153,158,Undirected,,1
153,159,Undirected,,1
154,155,Undirected,,1
154,156,Undirected,,1
154,157,Undirected,,1
154,158,Undirected,,1
154,159,Undirected,,1
154,162,Undirected,,1
155,156,Undirected,,1
155,157,Undirected,,1
155,158,Undirected,,1
155,161,Undirected,,1
155,163,Undirected,,1
156,157,Undirected,,1
156,158,Undirected,,1
156,159,Undirected,,1
156,161,Undirected,,1
156,163,Undirected,,1
157,158,Undirected,,1
157,161,Undirected,,1
157,163,Undirected,,1
159,160,Undirected,,1
159,161,Undirected,,1
160,161,Undirected,,1
160,162,Undirected,,1
161,162,Undirected,,1
161,163,Undirected,,1
161,164,Undirected,,1
163,164,Undirected,,1
