Source,Target,Type,timeset
1,2,Undirected,
1,5,Undirected,
1,6,Undirected,
1,7,Undirected,
1,8,Undirected,
1,9,Undirected,
1,15,Undirected,
1,18,Undirected,
1,23,Undirected,
1,24,Undirected,
1,25,Undirected,
1,27,Undirected,
1,28,Undirected,
1,29,Undirected,
1,30,Undirected,
1,31,Undirected,
1,35,Undirected,
1,39,Undirected,
1,43,Undirected,
1,44,Undirected,
1,45,Undirected,
1,46,Undirected,
1,50,Undirected,
1,52,Undirected,
1,53,Undirected,
1,60,Undirected,
1,62,Undirected,
1,68,Undirected,
1,69,Undirected,
1,70,Undirected,
1,71,Undirected,
1,75,Undirected,
1,78,Undirected,
1,79,Undirected,
1,80,Undirected,
1,81,Undirected,
1,82,Undirected,
1,83,Undirected,
1,85,Undirected,
1,90,Undirected,
1,91,Undirected,
1,93,Undirected,
1,94,Undirected,
1,102,Undirected,
1,104,Undirected,
1,105,Undirected,
1,107,Undirected,
1,108,Undirected,
1,109,Undirected,
1,110,Undirected,
1,113,Undirected,
1,117,Undirected,
1,118,Undirected,
1,120,Undirected,
1,127,Undirected,
1,129,Undirected,
1,133,Undirected,
1,135,Undirected,
1,137,Undirected,
1,138,Undirected,
1,141,Undirected,
1,142,Undirected,
1,143,Undirected,
1,147,Undirected,
1,148,Undirected,
1,154,Undirected,
1,155,Undirected,
1,156,Undirected,
1,157,Undirected,
1,158,Undirected,
1,162,Undirected,
1,163,Undirected,
1,164,Undirected,
2,3,Undirected,
2,4,Undirected,
2,5,Undirected,
2,6,Undirected,
2,7,Undirected,
2,8,Undirected,
2,12,Undirected,
2,16,Undirected,
2,18,Undirected,
2,19,Undirected,
2,23,Undirected,
2,24,Undirected,
2,28,Undirected,
2,29,Undirected,
2,33,Undirected,
2,34,Undirected,
2,37,Undirected,
2,38,Undirected,
2,41,Undirected,
2,42,Undirected,
2,43,Undirected,
2,44,Undirected,
2,45,Undirected,
2,46,Undirected,
2,52,Undirected,
2,53,Undirected,
2,54,Undirected,
2,61,Undirected,
2,69,Undirected,
2,70,Undirected,
2,71,Undirected,
2,76,Undirected,
2,78,Undirected,
2,79,Undirected,
2,80,Undirected,
2,81,Undirected,
2,82,Undirected,
2,83,Undirected,
2,84,Undirected,
2,85,Undirected,
2,90,Undirected,
2,91,Undirected,
2,94,Undirected,
2,95,Undirected,
2,98,Undirected,
2,100,Undirected,
2,102,Undirected,
2,104,Undirected,
2,105,Undirected,
2,109,Undirected,
2,110,Undirected,
2,113,Undirected,
2,118,Undirected,
2,122,Undirected,
2,133,Undirected,
2,135,Undirected,
2,137,Undirected,
2,138,Undirected,
2,141,Undirected,
2,142,Undirected,
2,143,Undirected,
2,146,Undirected,
2,147,Undirected,
2,148,Undirected,
2,149,Undirected,
2,155,Undirected,
2,156,Undirected,
2,157,Undirected,
2,158,Undirected,
2,164,Undirected,
3,4,Undirected,
3,9,Undirected,
3,10,Undirected,
3,11,Undirected,
3,15,Undirected,
3,16,Undirected,
3,18,Undirected,
3,19,Undirected,
3,23,Undirected,
3,24,Undirected,
3,28,Undirected,
3,33,Undirected,
3,34,Undirected,
3,37,Undirected,
3,38,Undirected,
3,40,Undirected,
3,41,Undirected,
3,42,Undirected,
3,43,Undirected,
3,44,Undirected,
3,47,Undirected,
3,48,Undirected,
3,49,Undirected,
3,50,Undirected,
3,51,Undirected,
3,54,Undirected,
3,55,Undirected,
3,56,Undirected,
3,57,Undirected,
3,58,Undirected,
3,59,Undirected,
3,65,Undirected,
3,66,Undirected,
3,67,Undirected,
3,70,Undirected,
3,73,Undirected,
3,74,Undirected,
3,75,Undirected,
3,76,Undirected,
3,77,Undirected,
3,78,Undirected,
3,79,Undirected,
3,80,Undirected,
3,81,Undirected,
3,82,Undirected,
3,83,Undirected,
3,84,Undirected,
3,86,Undirected,
3,89,Undirected,
3,90,Undirected,
3,91,Undirected,
3,96,Undirected,
3,104,Undirected,
3,107,Undirected,
3,126,Undirected,
3,133,Undirected,
3,136,Undirected,
3,137,Undirected,
3,138,Undirected,
3,140,Undirected,
3,142,Undirected,
3,143,Undirected,
3,144,Undirected,
3,145,Undirected,
3,146,Undirected,
3,149,Undirected,
3,154,Undirected,
3,157,Undirected,
3,159,Undirected,
3,160,Undirected,
3,164,Undirected,
4,10,Undirected,
4,11,Undirected,
4,16,Undirected,
4,18,Undirected,
4,19,Undirected,
4,24,Undirected,
4,33,Undirected,
4,34,Undirected,
4,37,Undirected,
4,38,Undirected,
4,41,Undirected,
4,43,Undirected,
4,44,Undirected,
4,47,Undirected,
4,49,Undirected,
4,50,Undirected,
4,54,Undirected,
4,55,Undirected,
4,57,Undirected,
4,58,Undirected,
4,59,Undirected,
4,66,Undirected,
4,67,Undirected,
4,73,Undirected,
4,74,Undirected,
4,75,Undirected,
4,76,Undirected,
4,77,Undirected,
4,78,Undirected,
4,79,Undirected,
4,80,Undirected,
4,81,Undirected,
4,82,Undirected,
4,83,Undirected,
4,84,Undirected,
4,85,Undirected,
4,86,Undirected,
4,87,Undirected,
4,90,Undirected,
4,91,Undirected,
4,95,Undirected,
4,97,Undirected,
4,104,Undirected,
4,108,Undirected,
4,110,Undirected,
4,118,Undirected,
4,120,Undirected,
4,133,Undirected,
4,135,Undirected,
4,136,Undirected,
4,137,Undirected,
4,138,Undirected,
4,140,Undirected,
4,143,Undirected,
4,145,Undirected,
4,146,Undirected,
4,149,Undirected,
4,159,Undirected,
4,164,Undirected,
5,6,Undirected,
5,7,Undirected,
5,8,Undirected,
5,13,Undirected,
5,14,Undirected,
5,31,Undirected,
5,32,Undirected,
5,47,Undirected,
5,48,Undirected,
5,50,Undirected,
5,51,Undirected,
5,53,Undirected,
5,54,Undirected,
5,55,Undirected,
5,57,Undirected,
5,58,Undirected,
5,59,Undirected,
5,66,Undirected,
5,67,Undirected,
5,72,Undirected,
5,73,Undirected,
5,74,Undirected,
5,75,Undirected,
5,88,Undirected,
5,89,Undirected,
5,90,Undirected,
5,91,Undirected,
5,96,Undirected,
5,97,Undirected,
5,105,Undirected,
5,107,Undirected,
5,111,Undirected,
5,113,Undirected,
5,115,Undirected,
5,123,Undirected,
5,127,Undirected,
5,131,Undirected,
5,134,Undirected,
5,136,Undirected,
5,139,Undirected,
5,140,Undirected,
5,141,Undirected,
5,144,Undirected,
5,147,Undirected,
5,148,Undirected,
5,151,Undirected,
5,152,Undirected,
5,156,Undirected,
5,160,Undirected,
5,164,Undirected,
6,7,Undirected,
6,8,Undirected,
6,13,Undirected,
6,14,Undirected,
6,19,Undirected,
6,24,Undirected,
6,26,Undirected,
6,42,Undirected,
6,44,Undirected,
6,47,Undirected,
6,50,Undirected,
6,51,Undirected,
6,53,Undirected,
6,54,Undirected,
6,62,Undirected,
6,63,Undirected,
6,64,Undirected,
6,65,Undirected,
6,66,Undirected,
6,67,Undirected,
6,70,Undirected,
6,72,Undirected,
6,78,Undirected,
6,80,Undirected,
6,82,Undirected,
6,83,Undirected,
6,88,Undirected,
6,97,Undirected,
6,98,Undirected,
6,111,Undirected,
6,116,Undirected,
6,123,Undirected,
6,131,Undirected,
6,133,Undirected,
6,134,Undirected,
6,139,Undirected,
6,140,Undirected,
6,144,Undirected,
6,147,Undirected,
6,148,Undirected,
6,149,Undirected,
6,151,Undirected,
6,155,Undirected,
6,156,Undirected,
6,157,Undirected,
7,8,Undirected,
7,9,Undirected,
7,11,Undirected,
7,13,Undirected,
7,14,Undirected,
7,15,Undirected,
7,20,Undirected,
7,23,Undirected,
7,25,Undirected,
7,26,Undirected,
7,27,Undirected,
7,28,Undirected,
7,29,Undirected,
7,35,Undirected,
7,39,Undirected,
7,43,Undirected,
7,44,Undirected,
7,46,Undirected,
7,47,Undirected,
7,48,Undirected,
7,52,Undirected,
7,53,Undirected,
7,57,Undirected,
7,60,Undirected,
7,62,Undirected,
7,63,Undirected,
7,68,Undirected,
7,69,Undirected,
7,70,Undirected,
7,71,Undirected,
7,88,Undirected,
7,91,Undirected,
7,92,Undirected,
7,93,Undirected,
7,104,Undirected,
7,105,Undirected,
7,109,Undirected,
7,110,Undirected,
7,117,Undirected,
7,118,Undirected,
7,127,Undirected,
7,134,Undirected,
7,135,Undirected,
7,142,Undirected,
7,144,Undirected,
7,147,Undirected,
7,148,Undirected,
7,151,Undirected,
7,152,Undirected,
7,154,Undirected,
7,155,Undirected,
7,157,Undirected,
7,158,Undirected,
7,160,Undirected,
7,162,Undirected,
8,12,Undirected,
8,14,Undirected,
8,19,Undirected,
8,21,Undirected,
8,29,Undirected,
8,48,Undirected,
8,50,Undirected,
8,51,Undirected,
8,53,Undirected,
8,54,Undirected,
8,56,Undirected,
8,57,Undirected,
8,58,Undirected,
8,61,Undirected,
8,66,Undirected,
8,67,Undirected,
8,70,Undirected,
8,80,Undirected,
8,83,Undirected,
8,88,Undirected,
8,98,Undirected,
8,125,Undirected,
8,127,Undirected,
8,131,Undirected,
8,134,Undirected,
8,136,Undirected,
8,140,Undirected,
8,144,Undirected,
8,147,Undirected,
8,148,Undirected,
8,151,Undirected,
8,153,Undirected,
8,155,Undirected,
8,157,Undirected,
9,10,Undirected,
9,11,Undirected,
9,12,Undirected,
9,21,Undirected,
9,25,Undirected,
9,33,Undirected,
9,35,Undirected,
9,37,Undirected,
9,38,Undirected,
9,39,Undirected,
9,47,Undirected,
9,48,Undirected,
9,53,Undirected,
9,55,Undirected,
9,57,Undirected,
9,58,Undirected,
9,60,Undirected,
9,66,Undirected,
9,67,Undirected,
9,70,Undirected,
9,72,Undirected,
9,74,Undirected,
9,76,Undirected,
9,78,Undirected,
9,88,Undirected,
9,96,Undirected,
9,97,Undirected,
9,100,Undirected,
9,101,Undirected,
9,105,Undirected,
9,111,Undirected,
9,113,Undirected,
9,114,Undirected,
9,127,Undirected,
9,129,Undirected,
9,136,Undirected,
9,138,Undirected,
9,140,Undirected,
9,145,Undirected,
9,146,Undirected,
9,149,Undirected,
9,153,Undirected,
9,154,Undirected,
9,157,Undirected,
9,158,Undirected,
9,159,Undirected,
9,160,Undirected,
9,162,Undirected,
10,11,Undirected,
10,12,Undirected,
10,18,Undirected,
10,24,Undirected,
10,27,Undirected,
10,30,Undirected,
10,32,Undirected,
10,33,Undirected,
10,34,Undirected,
10,37,Undirected,
10,38,Undirected,
10,41,Undirected,
10,42,Undirected,
10,45,Undirected,
10,47,Undirected,
10,48,Undirected,
10,55,Undirected,
10,56,Undirected,
10,57,Undirected,
10,58,Undirected,
10,59,Undirected,
10,64,Undirected,
10,66,Undirected,
10,67,Undirected,
10,70,Undirected,
10,71,Undirected,
10,72,Undirected,
10,74,Undirected,
10,76,Undirected,
10,77,Undirected,
10,78,Undirected,
10,79,Undirected,
10,81,Undirected,
10,82,Undirected,
10,114,Undirected,
10,115,Undirected,
10,116,Undirected,
10,118,Undirected,
10,127,Undirected,
10,128,Undirected,
10,136,Undirected,
10,137,Undirected,
10,138,Undirected,
10,140,Undirected,
10,142,Undirected,
10,143,Undirected,
10,145,Undirected,
10,146,Undirected,
10,149,Undirected,
10,153,Undirected,
10,154,Undirected,
10,155,Undirected,
10,159,Undirected,
10,160,Undirected,
11,12,Undirected,
11,13,Undirected,
11,18,Undirected,
11,19,Undirected,
11,21,Undirected,
11,30,Undirected,
11,33,Undirected,
11,34,Undirected,
11,35,Undirected,
11,37,Undirected,
11,42,Undirected,
11,45,Undirected,
11,49,Undirected,
11,50,Undirected,
11,51,Undirected,
11,53,Undirected,
11,55,Undirected,
11,56,Undirected,
11,57,Undirected,
11,58,Undirected,
11,59,Undirected,
11,65,Undirected,
11,66,Undirected,
11,67,Undirected,
11,70,Undirected,
11,71,Undirected,
11,72,Undirected,
11,73,Undirected,
11,74,Undirected,
11,76,Undirected,
11,77,Undirected,
11,78,Undirected,
11,79,Undirected,
11,80,Undirected,
11,82,Undirected,
11,83,Undirected,
11,84,Undirected,
11,89,Undirected,
11,96,Undirected,
11,97,Undirected,
11,101,Undirected,
11,104,Undirected,
11,118,Undirected,
11,120,Undirected,
11,129,Undirected,
11,133,Undirected,
11,136,Undirected,
11,137,Undirected,
11,138,Undirected,
11,140,Undirected,
11,142,Undirected,
11,143,Undirected,
11,144,Undirected,
11,145,Undirected,
11,146,Undirected,
11,153,Undirected,
11,154,Undirected,
11,156,Undirected,
11,159,Undirected,
11,160,Undirected,
12,15,Undirected,
12,27,Undirected,
12,28,Undirected,
12,29,Undirected,
12,30,Undirected,
12,34,Undirected,
12,36,Undirected,
12,40,Undirected,
12,43,Undirected,
12,51,Undirected,
12,53,Undirected,
12,54,Undirected,
12,55,Undirected,
12,57,Undirected,
12,58,Undirected,
12,59,Undirected,
12,60,Undirected,
12,62,Undirected,
12,64,Undirected,
12,66,Undirected,
12,67,Undirected,
12,68,Undirected,
12,70,Undirected,
12,71,Undirected,
12,72,Undirected,
12,74,Undirected,
12,75,Undirected,
12,76,Undirected,
12,77,Undirected,
12,87,Undirected,
12,94,Undirected,
12,95,Undirected,
12,98,Undirected,
12,102,Undirected,
12,106,Undirected,
12,107,Undirected,
12,108,Undirected,
12,109,Undirected,
12,110,Undirected,
12,111,Undirected,
12,112,Undirected,
12,113,Undirected,
12,114,Undirected,
12,116,Undirected,
12,117,Undirected,
12,118,Undirected,
12,119,Undirected,
12,120,Undirected,
12,123,Undirected,
12,124,Undirected,
12,130,Undirected,
12,131,Undirected,
12,136,Undirected,
12,137,Undirected,
12,140,Undirected,
12,143,Undirected,
12,145,Undirected,
12,150,Undirected,
12,153,Undirected,
12,155,Undirected,
12,159,Undirected,
12,163,Undirected,
13,14,Undirected,
13,15,Undirected,
13,33,Undirected,
13,34,Undirected,
13,39,Undirected,
13,40,Undirected,
13,41,Undirected,
13,42,Undirected,
13,47,Undirected,
13,48,Undirected,
13,50,Undirected,
13,51,Undirected,
13,53,Undirected,
13,55,Undirected,
13,56,Undirected,
13,57,Undirected,
13,58,Undirected,
13,59,Undirected,
13,62,Undirected,
13,64,Undirected,
13,66,Undirected,
13,67,Undirected,
13,68,Undirected,
13,75,Undirected,
13,76,Undirected,
13,78,Undirected,
13,79,Undirected,
13,80,Undirected,
13,82,Undirected,
13,88,Undirected,
13,90,Undirected,
13,98,Undirected,
13,99,Undirected,
13,102,Undirected,
13,103,Undirected,
13,107,Undirected,
13,108,Undirected,
13,130,Undirected,
13,136,Undirected,
13,137,Undirected,
13,138,Undirected,
13,139,Undirected,
13,140,Undirected,
13,144,Undirected,
13,151,Undirected,
13,152,Undirected,
13,156,Undirected,
13,158,Undirected,
13,161,Undirected,
14,15,Undirected,
14,33,Undirected,
14,34,Undirected,
14,39,Undirected,
14,40,Undirected,
14,41,Undirected,
14,47,Undirected,
14,48,Undirected,
14,50,Undirected,
14,51,Undirected,
14,53,Undirected,
14,55,Undirected,
14,57,Undirected,
14,58,Undirected,
14,59,Undirected,
14,64,Undirected,
14,66,Undirected,
14,67,Undirected,
14,68,Undirected,
14,75,Undirected,
14,77,Undirected,
14,78,Undirected,
14,88,Undirected,
14,89,Undirected,
14,90,Undirected,
14,107,Undirected,
14,108,Undirected,
14,124,Undirected,
14,130,Undirected,
14,136,Undirected,
14,137,Undirected,
14,138,Undirected,
14,139,Undirected,
14,140,Undirected,
14,144,Undirected,
14,147,Undirected,
14,149,Undirected,
14,151,Undirected,
14,152,Undirected,
14,158,Undirected,
14,159,Undirected,
14,162,Undirected,
15,16,Undirected,
15,17,Undirected,
15,18,Undirected,
15,19,Undirected,
15,25,Undirected,
15,27,Undirected,
15,28,Undirected,
15,31,Undirected,
15,40,Undirected,
15,43,Undirected,
15,44,Undirected,
15,47,Undirected,
15,48,Undirected,
15,49,Undirected,
15,54,Undirected,
15,57,Undirected,
15,60,Undirected,
15,62,Undirected,
15,63,Undirected,
15,64,Undirected,
15,66,Undirected,
15,68,Undirected,
15,69,Undirected,
15,70,Undirected,
15,71,Undirected,
15,72,Undirected,
15,82,Undirected,
15,83,Undirected,
15,84,Undirected,
15,88,Undirected,
15,89,Undirected,
15,93,Undirected,
15,98,Undirected,
15,99,Undirected,
15,100,Undirected,
15,101,Undirected,
15,102,Undirected,
15,103,Undirected,
15,106,Undirected,
15,115,Undirected,
15,118,Undirected,
15,120,Undirected,
15,127,Undirected,
15,133,Undirected,
15,134,Undirected,
15,137,Undirected,
15,142,Undirected,
15,143,Undirected,
15,152,Undirected,
15,162,Undirected,
16,17,Undirected,
16,18,Undirected,
16,19,Undirected,
16,20,Undirected,
16,22,Undirected,
16,23,Undirected,
16,25,Undirected,
16,26,Undirected,
16,31,Undirected,
16,32,Undirected,
16,34,Undirected,
16,43,Undirected,
16,44,Undirected,
16,46,Undirected,
16,47,Undirected,
16,48,Undirected,
16,49,Undirected,
16,54,Undirected,
16,55,Undirected,
16,58,Undirected,
16,60,Undirected,
16,62,Undirected,
16,63,Undirected,
16,64,Undirected,
16,66,Undirected,
16,68,Undirected,
16,69,Undirected,
16,70,Undirected,
16,73,Undirected,
16,77,Undirected,
16,79,Undirected,
16,82,Undirected,
16,83,Undirected,
16,85,Undirected,
16,87,Undirected,
16,88,Undirected,
16,89,Undirected,
16,92,Undirected,
16,93,Undirected,
16,98,Undirected,
16,100,Undirected,
16,101,Undirected,
16,102,Undirected,
16,103,Undirected,
16,106,Undirected,
16,113,Undirected,
16,114,Undirected,
16,117,Undirected,
16,119,Undirected,
16,134,Undirected,
16,137,Undirected,
16,138,Undirected,
16,142,Undirected,
16,143,Undirected,
16,147,Undirected,
16,148,Undirected,
16,152,Undirected,
16,159,Undirected,
16,161,Undirected,
16,162,Undirected,
17,18,Undirected,
17,19,Undirected,
17,20,Undirected,
17,21,Undirected,
17,22,Undirected,
17,24,Undirected,
17,27,Undirected,
17,37,Undirected,
17,38,Undirected,
17,41,Undirected,
17,49,Undirected,
17,58,Undirected,
17,64,Undirected,
17,73,Undirected,
17,82,Undirected,
17,86,Undirected,
17,87,Undirected,
17,92,Undirected,
17,97,Undirected,
17,100,Undirected,
17,101,Undirected,
17,102,Undirected,
17,103,Undirected,
17,105,Undirected,
17,142,Undirected,
17,146,Undirected,
17,147,Undirected,
17,148,Undirected,
17,149,Undirected,
17,150,Undirected,
17,152,Undirected,
17,159,Undirected,
18,19,Undirected,
18,20,Undirected,
18,22,Undirected,
18,26,Undirected,
18,31,Undirected,
18,32,Undirected,
18,34,Undirected,
18,36,Undirected,
18,47,Undirected,
18,48,Undirected,
18,54,Undirected,
18,57,Undirected,
18,58,Undirected,
18,59,Undirected,
18,66,Undirected,
18,67,Undirected,
18,71,Undirected,
18,77,Undirected,
18,79,Undirected,
18,81,Undirected,
18,82,Undirected,
18,83,Undirected,
18,84,Undirected,
18,85,Undirected,
18,86,Undirected,
18,87,Undirected,
18,88,Undirected,
18,89,Undirected,
18,91,Undirected,
18,92,Undirected,
18,93,Undirected,
18,100,Undirected,
18,101,Undirected,
18,103,Undirected,
18,106,Undirected,
18,113,Undirected,
18,118,Undirected,
18,133,Undirected,
18,136,Undirected,
18,137,Undirected,
18,138,Undirected,
18,140,Undirected,
18,146,Undirected,
18,147,Undirected,
18,148,Undirected,
18,149,Undirected,
18,153,Undirected,
18,159,Undirected,
18,160,Undirected,
18,161,Undirected,
19,20,Undirected,
19,21,Undirected,
19,22,Undirected,
19,23,Undirected,
19,26,Undirected,
19,31,Undirected,
19,32,Undirected,
19,41,Undirected,
19,46,Undirected,
19,47,Undirected,
19,48,Undirected,
19,53,Undirected,
19,54,Undirected,
19,58,Undirected,
19,73,Undirected,
19,79,Undirected,
19,81,Undirected,
19,82,Undirected,
19,83,Undirected,
19,85,Undirected,
19,86,Undirected,
19,87,Undirected,
19,89,Undirected,
19,93,Undirected,
19,100,Undirected,
19,102,Undirected,
19,103,Undirected,
19,106,Undirected,
19,107,Undirected,
19,108,Undirected,
19,109,Undirected,
19,110,Undirected,
19,113,Undirected,
19,114,Undirected,
19,117,Undirected,
19,119,Undirected,
19,121,Undirected,
19,127,Undirected,
19,129,Undirected,
19,137,Undirected,
19,138,Undirected,
19,140,Undirected,
19,142,Undirected,
19,144,Undirected,
19,147,Undirected,
19,148,Undirected,
19,152,Undirected,
19,159,Undirected,
19,160,Undirected,
19,161,Undirected,
19,162,Undirected,
19,163,Undirected,
19,164,Undirected,
20,21,Undirected,
20,22,Undirected,
20,23,Undirected,
20,24,Undirected,
20,35,Undirected,
20,36,Undirected,
20,37,Undirected,
20,38,Undirected,
20,41,Undirected,
20,42,Undirected,
20,43,Undirected,
20,44,Undirected,
20,45,Undirected,
20,46,Undirected,
20,47,Undirected,
20,48,Undirected,
20,49,Undirected,
20,55,Undirected,
20,56,Undirected,
20,58,Undirected,
20,62,Undirected,
20,64,Undirected,
20,65,Undirected,
20,73,Undirected,
20,84,Undirected,
20,87,Undirected,
20,88,Undirected,
20,92,Undirected,
20,93,Undirected,
20,103,Undirected,
20,111,Undirected,
20,114,Undirected,
20,117,Undirected,
20,122,Undirected,
20,128,Undirected,
20,133,Undirected,
20,142,Undirected,
20,143,Undirected,
20,144,Undirected,
20,146,Undirected,
20,147,Undirected,
20,152,Undirected,
20,158,Undirected,
20,159,Undirected,
20,160,Undirected,
20,161,Undirected,
20,162,Undirected,
21,22,Undirected,
21,23,Undirected,
21,24,Undirected,
21,28,Undirected,
21,34,Undirected,
21,35,Undirected,
21,37,Undirected,
21,38,Undirected,
21,39,Undirected,
21,41,Undirected,
21,42,Undirected,
21,49,Undirected,
21,68,Undirected,
21,70,Undirected,
21,72,Undirected,
21,86,Undirected,
21,94,Undirected,
21,98,Undirected,
21,108,Undirected,
21,109,Undirected,
21,121,Undirected,
21,127,Undirected,
21,129,Undirected,
21,139,Undirected,
21,145,Undirected,
21,147,Undirected,
21,148,Undirected,
21,158,Undirected,
21,160,Undirected,
21,161,Undirected,
21,162,Undirected,
21,163,Undirected,
21,164,Undirected,
22,24,Undirected,
22,25,Undirected,
22,30,Undirected,
22,31,Undirected,
22,33,Undirected,
22,36,Undirected,
22,37,Undirected,
22,38,Undirected,
22,41,Undirected,
22,42,Undirected,
22,44,Undirected,
22,49,Undirected,
22,64,Undirected,
22,68,Undirected,
22,71,Undirected,
22,77,Undirected,
22,79,Undirected,
22,86,Undirected,
22,101,Undirected,
22,103,Undirected,
22,143,Undirected,
22,147,Undirected,
22,148,Undirected,
22,149,Undirected,
22,159,Undirected,
22,160,Undirected,
22,161,Undirected,
23,24,Undirected,
23,25,Undirected,
23,28,Undirected,
23,31,Undirected,
23,33,Undirected,
23,35,Undirected,
23,36,Undirected,
23,39,Undirected,
23,40,Undirected,
23,41,Undirected,
23,42,Undirected,
23,43,Undirected,
23,44,Undirected,
23,45,Undirected,
23,46,Undirected,
23,49,Undirected,
23,50,Undirected,
23,51,Undirected,
23,55,Undirected,
23,56,Undirected,
23,60,Undirected,
23,61,Undirected,
23,62,Undirected,
23,63,Undirected,
23,65,Undirected,
23,69,Undirected,
23,70,Undirected,
23,71,Undirected,
23,73,Undirected,
23,76,Undirected,
23,78,Undirected,
23,80,Undirected,
23,85,Undirected,
23,87,Undirected,
23,90,Undirected,
23,91,Undirected,
23,94,Undirected,
23,96,Undirected,
23,98,Undirected,
23,101,Undirected,
23,104,Undirected,
23,105,Undirected,
23,107,Undirected,
23,109,Undirected,
23,110,Undirected,
23,117,Undirected,
23,118,Undirected,
23,138,Undirected,
23,141,Undirected,
23,142,Undirected,
23,143,Undirected,
23,144,Undirected,
23,146,Undirected,
23,150,Undirected,
23,153,Undirected,
23,154,Undirected,
23,155,Undirected,
23,156,Undirected,
23,157,Undirected,
23,158,Undirected,
23,161,Undirected,
23,162,Undirected,
23,163,Undirected,
23,164,Undirected,
24,33,Undirected,
24,34,Undirected,
24,37,Undirected,
24,38,Undirected,
24,41,Undirected,
24,42,Undirected,
24,43,Undirected,
24,44,Undirected,
24,45,Undirected,
24,46,Undirected,
24,49,Undirected,
24,50,Undirected,
24,54,Undirected,
24,55,Undirected,
24,56,Undirected,
24,62,Undirected,
24,63,Undirected,
24,64,Undirected,
24,65,Undirected,
24,66,Undirected,
24,70,Undirected,
24,71,Undirected,
24,74,Undirected,
24,76,Undirected,
24,78,Undirected,
24,79,Undirected,
24,80,Undirected,
24,81,Undirected,
24,82,Undirected,
24,83,Undirected,
24,84,Undirected,
24,91,Undirected,
24,94,Undirected,
24,98,Undirected,
24,107,Undirected,
24,108,Undirected,
24,109,Undirected,
24,110,Undirected,
24,111,Undirected,
24,118,Undirected,
24,122,Undirected,
24,131,Undirected,
24,133,Undirected,
24,137,Undirected,
24,138,Undirected,
24,139,Undirected,
24,142,Undirected,
24,143,Undirected,
24,144,Undirected,
24,146,Undirected,
24,149,Undirected,
24,152,Undirected,
24,154,Undirected,
24,157,Undirected,
24,158,Undirected,
24,161,Undirected,
24,162,Undirected,
24,164,Undirected,
25,26,Undirected,
25,28,Undirected,
25,30,Undirected,
25,31,Undirected,
25,32,Undirected,
25,35,Undirected,
25,37,Undirected,
25,38,Undirected,
25,39,Undirected,
25,41,Undirected,
25,43,Undirected,
25,44,Undirected,
25,46,Undirected,
25,54,Undirected,
25,55,Undirected,
25,60,Undirected,
25,61,Undirected,
25,62,Undirected,
25,63,Undirected,
25,68,Undirected,
25,69,Undirected,
25,70,Undirected,
25,71,Undirected,
25,73,Undirected,
25,79,Undirected,
25,81,Undirected,
25,87,Undirected,
25,90,Undirected,
25,94,Undirected,
25,95,Undirected,
25,104,Undirected,
25,105,Undirected,
25,107,Undirected,
25,109,Undirected,
25,117,Undirected,
25,118,Undirected,
25,119,Undirected,
25,120,Undirected,
25,121,Undirected,
25,123,Undirected,
25,124,Undirected,
25,129,Undirected,
25,130,Undirected,
25,134,Undirected,
25,135,Undirected,
25,137,Undirected,
25,142,Undirected,
25,148,Undirected,
25,149,Undirected,
25,150,Undirected,
25,153,Undirected,
25,154,Undirected,
25,155,Undirected,
25,157,Undirected,
25,158,Undirected,
25,159,Undirected,
25,162,Undirected,
25,163,Undirected,
26,31,Undirected,
26,32,Undirected,
26,34,Undirected,
26,38,Undirected,
26,44,Undirected,
26,54,Undirected,
26,62,Undirected,
26,63,Undirected,
26,66,Undirected,
26,68,Undirected,
26,69,Undirected,
26,70,Undirected,
26,71,Undirected,
26,73,Undirected,
26,74,Undirected,
26,79,Undirected,
26,87,Undirected,
26,100,Undirected,
26,103,Undirected,
26,106,Undirected,
26,109,Undirected,
26,111,Undirected,
26,113,Undirected,
26,114,Undirected,
26,119,Undirected,
26,121,Undirected,
26,126,Undirected,
26,127,Undirected,
26,134,Undirected,
26,137,Undirected,
26,138,Undirected,
26,150,Undirected,
26,153,Undirected,
26,157,Undirected,
26,161,Undirected,
26,162,Undirected,
27,30,Undirected,
27,43,Undirected,
27,44,Undirected,
27,60,Undirected,
27,62,Undirected,
27,63,Undirected,
27,68,Undirected,
27,69,Undirected,
27,70,Undirected,
27,71,Undirected,
27,72,Undirected,
27,91,Undirected,
27,96,Undirected,
27,104,Undirected,
27,105,Undirected,
27,117,Undirected,
27,118,Undirected,
27,119,Undirected,
27,120,Undirected,
27,124,Undirected,
27,126,Undirected,
27,130,Undirected,
27,134,Undirected,
27,135,Undirected,
27,143,Undirected,
27,148,Undirected,
27,150,Undirected,
27,156,Undirected,
27,159,Undirected,
27,162,Undirected,
27,163,Undirected,
28,30,Undirected,
28,31,Undirected,
28,32,Undirected,
28,43,Undirected,
28,44,Undirected,
28,45,Undirected,
28,46,Undirected,
28,50,Undirected,
28,55,Undirected,
28,61,Undirected,
28,62,Undirected,
28,63,Undirected,
28,67,Undirected,
28,68,Undirected,
28,69,Undirected,
28,70,Undirected,
28,71,Undirected,
28,72,Undirected,
28,73,Undirected,
28,74,Undirected,
28,76,Undirected,
28,78,Undirected,
28,80,Undirected,
28,86,Undirected,
28,90,Undirected,
28,91,Undirected,
28,92,Undirected,
28,93,Undirected,
28,95,Undirected,
28,104,Undirected,
28,107,Undirected,
28,109,Undirected,
28,110,Undirected,
28,111,Undirected,
28,118,Undirected,
28,119,Undirected,
28,120,Undirected,
28,122,Undirected,
28,133,Undirected,
28,141,Undirected,
28,142,Undirected,
28,143,Undirected,
28,145,Undirected,
28,146,Undirected,
28,148,Undirected,
28,152,Undirected,
28,155,Undirected,
28,157,Undirected,
28,164,Undirected,
29,35,Undirected,
29,53,Undirected,
29,54,Undirected,
29,56,Undirected,
29,75,Undirected,
29,93,Undirected,
29,98,Undirected,
29,100,Undirected,
29,101,Undirected,
29,102,Undirected,
29,144,Undirected,
29,147,Undirected,
29,148,Undirected,
29,155,Undirected,
29,157,Undirected,
30,31,Undirected,
30,32,Undirected,
30,33,Undirected,
30,36,Undirected,
30,45,Undirected,
30,46,Undirected,
30,59,Undirected,
30,60,Undirected,
30,61,Undirected,
30,62,Undirected,
30,63,Undirected,
30,68,Undirected,
30,69,Undirected,
30,70,Undirected,
30,71,Undirected,
30,76,Undirected,
30,78,Undirected,
30,80,Undirected,
30,90,Undirected,
30,91,Undirected,
30,94,Undirected,
30,95,Undirected,
30,99,Undirected,
30,103,Undirected,
30,106,Undirected,
30,107,Undirected,
30,109,Undirected,
30,110,Undirected,
30,111,Undirected,
30,118,Undirected,
30,119,Undirected,
30,120,Undirected,
30,121,Undirected,
30,130,Undirected,
30,141,Undirected,
30,142,Undirected,
30,143,Undirected,
30,157,Undirected,
30,159,Undirected,
30,164,Undirected,
31,32,Undirected,
31,34,Undirected,
31,43,Undirected,
31,44,Undirected,
31,45,Undirected,
31,46,Undirected,
31,48,Undirected,
31,53,Undirected,
31,54,Undirected,
31,55,Undirected,
31,62,Undirected,
31,63,Undirected,
31,68,Undirected,
31,69,Undirected,
31,70,Undirected,
31,71,Undirected,
31,72,Undirected,
31,73,Undirected,
31,74,Undirected,
31,75,Undirected,
31,76,Undirected,
31,77,Undirected,
31,79,Undirected,
31,80,Undirected,
31,81,Undirected,
31,87,Undirected,
31,90,Undirected,
31,91,Undirected,
31,93,Undirected,
31,96,Undirected,
31,104,Undirected,
31,107,Undirected,
31,109,Undirected,
31,111,Undirected,
31,113,Undirected,
31,114,Undirected,
31,118,Undirected,
31,120,Undirected,
31,123,Undirected,
31,137,Undirected,
31,141,Undirected,
31,142,Undirected,
31,143,Undirected,
31,144,Undirected,
31,145,Undirected,
31,146,Undirected,
31,155,Undirected,
31,157,Undirected,
31,162,Undirected,
31,164,Undirected,
32,37,Undirected,
32,38,Undirected,
32,42,Undirected,
32,43,Undirected,
32,46,Undirected,
32,53,Undirected,
32,54,Undirected,
32,55,Undirected,
32,70,Undirected,
32,71,Undirected,
32,73,Undirected,
32,75,Undirected,
32,81,Undirected,
32,90,Undirected,
32,106,Undirected,
32,107,Undirected,
32,108,Undirected,
32,109,Undirected,
32,110,Undirected,
32,113,Undirected,
32,117,Undirected,
32,119,Undirected,
32,120,Undirected,
32,121,Undirected,
32,123,Undirected,
32,126,Undirected,
32,127,Undirected,
32,129,Undirected,
32,133,Undirected,
32,134,Undirected,
32,135,Undirected,
32,141,Undirected,
32,144,Undirected,
32,149,Undirected,
32,153,Undirected,
32,154,Undirected,
32,157,Undirected,
32,162,Undirected,
32,163,Undirected,
32,164,Undirected,
33,34,Undirected,
33,35,Undirected,
33,37,Undirected,
33,38,Undirected,
33,40,Undirected,
33,41,Undirected,
33,42,Undirected,
33,43,Undirected,
33,44,Undirected,
33,45,Undirected,
33,47,Undirected,
33,48,Undirected,
33,49,Undirected,
33,50,Undirected,
33,51,Undirected,
33,52,Undirected,
33,54,Undirected,
33,55,Undirected,
33,56,Undirected,
33,57,Undirected,
33,58,Undirected,
33,59,Undirected,
33,61,Undirected,
33,64,Undirected,
33,65,Undirected,
33,66,Undirected,
33,67,Undirected,
33,71,Undirected,
33,73,Undirected,
33,74,Undirected,
33,76,Undirected,
33,78,Undirected,
33,79,Undirected,
33,80,Undirected,
33,81,Undirected,
33,82,Undirected,
33,83,Undirected,
33,88,Undirected,
33,90,Undirected,
33,91,Undirected,
33,94,Undirected,
33,106,Undirected,
33,108,Undirected,
33,110,Undirected,
33,111,Undirected,
33,118,Undirected,
33,122,Undirected,
33,133,Undirected,
33,136,Undirected,
33,137,Undirected,
33,138,Undirected,
33,139,Undirected,
33,140,Undirected,
33,142,Undirected,
33,143,Undirected,
33,144,Undirected,
33,145,Undirected,
33,146,Undirected,
33,151,Undirected,
33,154,Undirected,
33,156,Undirected,
33,157,Undirected,
33,158,Undirected,
33,161,Undirected,
33,162,Undirected,
33,164,Undirected,
34,35,Undirected,
34,36,Undirected,
34,37,Undirected,
34,38,Undirected,
34,41,Undirected,
34,42,Undirected,
34,47,Undirected,
34,48,Undirected,
34,50,Undirected,
34,51,Undirected,
34,52,Undirected,
34,54,Undirected,
34,57,Undirected,
34,58,Undirected,
34,59,Undirected,
34,61,Undirected,
34,66,Undirected,
34,67,Undirected,
34,74,Undirected,
34,75,Undirected,
34,76,Undirected,
34,77,Undirected,
34,78,Undirected,
34,79,Undirected,
34,81,Undirected,
34,82,Undirected,
34,83,Undirected,
34,88,Undirected,
34,89,Undirected,
34,90,Undirected,
34,91,Undirected,
34,93,Undirected,
34,94,Undirected,
34,99,Undirected,
34,100,Undirected,
34,107,Undirected,
34,108,Undirected,
34,109,Undirected,
34,110,Undirected,
34,133,Undirected,
34,136,Undirected,
34,137,Undirected,
34,138,Undirected,
34,139,Undirected,
34,140,Undirected,
34,144,Undirected,
34,145,Undirected,
34,146,Undirected,
34,151,Undirected,
34,153,Undirected,
34,154,Undirected,
34,157,Undirected,
34,158,Undirected,
34,159,Undirected,
34,164,Undirected,
35,36,Undirected,
35,39,Undirected,
35,41,Undirected,
35,43,Undirected,
35,44,Undirected,
35,52,Undirected,
35,64,Undirected,
35,85,Undirected,
35,86,Undirected,
35,93,Undirected,
35,95,Undirected,
35,98,Undirected,
35,100,Undirected,
35,102,Undirected,
35,104,Undirected,
35,106,Undirected,
35,111,Undirected,
35,112,Undirected,
35,115,Undirected,
35,116,Undirected,
35,117,Undirected,
35,118,Undirected,
35,123,Undirected,
35,124,Undirected,
35,125,Undirected,
35,126,Undirected,
35,128,Undirected,
35,129,Undirected,
35,130,Undirected,
35,135,Undirected,
35,148,Undirected,
35,153,Undirected,
35,154,Undirected,
35,155,Undirected,
35,156,Undirected,
35,158,Undirected,
35,162,Undirected,
35,163,Undirected,
36,39,Undirected,
36,40,Undirected,
36,41,Undirected,
36,42,Undirected,
36,43,Undirected,
36,44,Undirected,
36,73,Undirected,
36,77,Undirected,
36,84,Undirected,
36,87,Undirected,
36,91,Undirected,
36,109,Undirected,
36,112,Undirected,
36,117,Undirected,
36,144,Undirected,
36,145,Undirected,
36,153,Undirected,
36,154,Undirected,
36,156,Undirected,
36,158,Undirected,
36,159,Undirected,
36,161,Undirected,
36,162,Undirected,
36,164,Undirected,
37,38,Undirected,
37,39,Undirected,
37,41,Undirected,
37,42,Undirected,
37,45,Undirected,
37,49,Undirected,
37,50,Undirected,
37,54,Undirected,
37,55,Undirected,
37,58,Undirected,
37,64,Undirected,
37,65,Undirected,
37,66,Undirected,
37,74,Undirected,
37,76,Undirected,
37,79,Undirected,
37,80,Undirected,
37,81,Undirected,
37,82,Undirected,
37,83,Undirected,
37,84,Undirected,
37,94,Undirected,
37,99,Undirected,
37,103,Undirected,
37,108,Undirected,
37,122,Undirected,
37,131,Undirected,
37,133,Undirected,
37,137,Undirected,
37,138,Undirected,
37,140,Undirected,
37,142,Undirected,
37,143,Undirected,
37,144,Undirected,
37,146,Undirected,
37,148,Undirected,
37,149,Undirected,
37,150,Undirected,
37,151,Undirected,
37,152,Undirected,
37,153,Undirected,
37,154,Undirected,
37,161,Undirected,
37,164,Undirected,
38,40,Undirected,
38,41,Undirected,
38,42,Undirected,
38,43,Undirected,
38,44,Undirected,
38,45,Undirected,
38,46,Undirected,
38,49,Undirected,
38,54,Undirected,
38,64,Undirected,
38,65,Undirected,
38,66,Undirected,
38,72,Undirected,
38,74,Undirected,
38,75,Undirected,
38,76,Undirected,
38,79,Undirected,
38,80,Undirected,
38,81,Undirected,
38,83,Undirected,
38,84,Undirected,
38,92,Undirected,
38,94,Undirected,
38,108,Undirected,
38,133,Undirected,
38,137,Undirected,
38,138,Undirected,
38,142,Undirected,
38,143,Undirected,
38,145,Undirected,
38,146,Undirected,
38,149,Undirected,
38,150,Undirected,
38,152,Undirected,
38,153,Undirected,
38,154,Undirected,
38,164,Undirected,
39,40,Undirected,
39,41,Undirected,
39,42,Undirected,
39,43,Undirected,
39,50,Undirected,
39,51,Undirected,
39,52,Undirected,
39,56,Undirected,
39,57,Undirected,
39,60,Undirected,
39,77,Undirected,
39,86,Undirected,
39,87,Undirected,
39,98,Undirected,
39,103,Undirected,
39,104,Undirected,
39,105,Undirected,
39,107,Undirected,
39,117,Undirected,
39,118,Undirected,
39,124,Undirected,
39,126,Undirected,
39,128,Undirected,
39,129,Undirected,
39,130,Undirected,
39,135,Undirected,
39,136,Undirected,
39,144,Undirected,
39,149,Undirected,
39,150,Undirected,
39,153,Undirected,
39,154,Undirected,
39,156,Undirected,
39,157,Undirected,
39,158,Undirected,
39,162,Undirected,
39,163,Undirected,
40,41,Undirected,
40,42,Undirected,
40,43,Undirected,
40,50,Undirected,
40,51,Undirected,
40,52,Undirected,
40,56,Undirected,
40,57,Undirected,
40,64,Undirected,
40,78,Undirected,
40,87,Undirected,
40,98,Undirected,
40,128,Undirected,
40,135,Undirected,
40,136,Undirected,
40,138,Undirected,
40,144,Undirected,
40,149,Undirected,
40,150,Undirected,
40,153,Undirected,
40,154,Undirected,
40,156,Undirected,
40,157,Undirected,
40,158,Undirected,
40,161,Undirected,
40,162,Undirected,
41,42,Undirected,
41,43,Undirected,
41,44,Undirected,
41,49,Undirected,
41,50,Undirected,
41,51,Undirected,
41,52,Undirected,
41,55,Undirected,
41,56,Undirected,
41,57,Undirected,
41,63,Undirected,
41,65,Undirected,
41,73,Undirected,
41,76,Undirected,
41,79,Undirected,
41,81,Undirected,
41,83,Undirected,
41,86,Undirected,
41,87,Undirected,
41,97,Undirected,
41,98,Undirected,
41,99,Undirected,
41,105,Undirected,
41,107,Undirected,
41,117,Undirected,
41,118,Undirected,
41,124,Undirected,
41,130,Undirected,
41,133,Undirected,
41,134,Undirected,
41,135,Undirected,
41,136,Undirected,
41,137,Undirected,
41,138,Undirected,
41,139,Undirected,
41,142,Undirected,
41,143,Undirected,
41,144,Undirected,
41,146,Undirected,
41,147,Undirected,
41,150,Undirected,
41,151,Undirected,
41,153,Undirected,
41,154,Undirected,
41,156,Undirected,
41,157,Undirected,
41,158,Undirected,
41,161,Undirected,
41,162,Undirected,
41,163,Undirected,
42,43,Undirected,
42,44,Undirected,
42,49,Undirected,
42,50,Undirected,
42,51,Undirected,
42,52,Undirected,
42,54,Undirected,
42,55,Undirected,
42,56,Undirected,
42,57,Undirected,
42,62,Undirected,
42,63,Undirected,
42,64,Undirected,
42,65,Undirected,
42,76,Undirected,
42,78,Undirected,
42,79,Undirected,
42,81,Undirected,
42,82,Undirected,
42,83,Undirected,
42,84,Undirected,
42,87,Undirected,
42,94,Undirected,
42,98,Undirected,
42,105,Undirected,
42,123,Undirected,
42,133,Undirected,
42,135,Undirected,
42,136,Undirected,
42,137,Undirected,
42,138,Undirected,
42,139,Undirected,
42,142,Undirected,
42,144,Undirected,
42,146,Undirected,
42,153,Undirected,
42,156,Undirected,
42,157,Undirected,
42,158,Undirected,
42,161,Undirected,
42,162,Undirected,
43,44,Undirected,
43,45,Undirected,
43,46,Undirected,
43,49,Undirected,
43,50,Undirected,
43,51,Undirected,
43,52,Undirected,
43,55,Undirected,
43,58,Undirected,
43,59,Undirected,
43,60,Undirected,
43,61,Undirected,
43,62,Undirected,
43,63,Undirected,
43,67,Undirected,
43,68,Undirected,
43,69,Undirected,
43,70,Undirected,
43,71,Undirected,
43,72,Undirected,
43,73,Undirected,
43,74,Undirected,
43,75,Undirected,
43,76,Undirected,
43,77,Undirected,
43,78,Undirected,
43,79,Undirected,
43,83,Undirected,
43,90,Undirected,
43,91,Undirected,
43,92,Undirected,
43,93,Undirected,
43,94,Undirected,
43,95,Undirected,
43,97,Undirected,
43,104,Undirected,
43,105,Undirected,
43,107,Undirected,
43,108,Undirected,
43,110,Undirected,
43,116,Undirected,
43,117,Undirected,
43,118,Undirected,
43,119,Undirected,
43,120,Undirected,
43,123,Undirected,
43,124,Undirected,
43,128,Undirected,
43,129,Undirected,
43,130,Undirected,
43,134,Undirected,
43,135,Undirected,
43,136,Undirected,
43,137,Undirected,
43,138,Undirected,
43,140,Undirected,
43,141,Undirected,
43,142,Undirected,
43,143,Undirected,
43,144,Undirected,
43,145,Undirected,
43,146,Undirected,
43,148,Undirected,
43,153,Undirected,
43,154,Undirected,
43,155,Undirected,
43,156,Undirected,
43,157,Undirected,
43,158,Undirected,
43,159,Undirected,
43,162,Undirected,
43,163,Undirected,
44,45,Undirected,
44,46,Undirected,
44,49,Undirected,
44,50,Undirected,
44,51,Undirected,
44,52,Undirected,
44,55,Undirected,
44,61,Undirected,
44,62,Undirected,
44,63,Undirected,
44,64,Undirected,
44,65,Undirected,
44,68,Undirected,
44,69,Undirected,
44,70,Undirected,
44,71,Undirected,
44,72,Undirected,
44,73,Undirected,
44,76,Undirected,
44,81,Undirected,
44,83,Undirected,
44,94,Undirected,
44,95,Undirected,
44,101,Undirected,
44,102,Undirected,
44,103,Undirected,
44,104,Undirected,
44,110,Undirected,
44,111,Undirected,
44,117,Undirected,
44,118,Undirected,
44,119,Undirected,
44,120,Undirected,
44,124,Undirected,
44,133,Undirected,
44,134,Undirected,
44,135,Undirected,
44,136,Undirected,
44,138,Undirected,
44,142,Undirected,
44,143,Undirected,
44,144,Undirected,
44,145,Undirected,
44,146,Undirected,
44,153,Undirected,
44,156,Undirected,
44,157,Undirected,
44,158,Undirected,
44,161,Undirected,
44,162,Undirected,
45,46,Undirected,
45,49,Undirected,
45,50,Undirected,
45,51,Undirected,
45,55,Undirected,
45,59,Undirected,
45,62,Undirected,
45,63,Undirected,
45,66,Undirected,
45,67,Undirected,
45,69,Undirected,
45,70,Undirected,
45,71,Undirected,
45,72,Undirected,
45,73,Undirected,
45,74,Undirected,
45,75,Undirected,
45,76,Undirected,
45,78,Undirected,
45,80,Undirected,
45,82,Undirected,
45,84,Undirected,
45,90,Undirected,
45,91,Undirected,
45,92,Undirected,
45,93,Undirected,
45,94,Undirected,
45,95,Undirected,
45,96,Undirected,
45,97,Undirected,
45,104,Undirected,
45,107,Undirected,
45,108,Undirected,
45,109,Undirected,
45,110,Undirected,
45,111,Undirected,
45,114,Undirected,
45,120,Undirected,
45,128,Undirected,
45,133,Undirected,
45,138,Undirected,
45,140,Undirected,
45,141,Undirected,
45,142,Undirected,
45,143,Undirected,
45,146,Undirected,
45,152,Undirected,
45,157,Undirected,
45,163,Undirected,
45,164,Undirected,
46,55,Undirected,
46,59,Undirected,
46,60,Undirected,
46,62,Undirected,
46,63,Undirected,
46,68,Undirected,
46,69,Undirected,
46,70,Undirected,
46,71,Undirected,
46,72,Undirected,
46,73,Undirected,
46,74,Undirected,
46,75,Undirected,
46,76,Undirected,
46,78,Undirected,
46,80,Undirected,
46,90,Undirected,
46,91,Undirected,
46,92,Undirected,
46,93,Undirected,
46,94,Undirected,
46,95,Undirected,
46,102,Undirected,
46,104,Undirected,
46,105,Undirected,
46,106,Undirected,
46,107,Undirected,
46,108,Undirected,
46,109,Undirected,
46,110,Undirected,
46,111,Undirected,
46,112,Undirected,
46,114,Undirected,
46,117,Undirected,
46,118,Undirected,
46,119,Undirected,
46,120,Undirected,
46,121,Undirected,
46,129,Undirected,
46,133,Undirected,
46,141,Undirected,
46,142,Undirected,
46,143,Undirected,
46,146,Undirected,
46,157,Undirected,
46,161,Undirected,
46,162,Undirected,
46,163,Undirected,
46,164,Undirected,
47,48,Undirected,
47,50,Undirected,
47,51,Undirected,
47,52,Undirected,
47,53,Undirected,
47,55,Undirected,
47,57,Undirected,
47,58,Undirected,
47,59,Undirected,
47,66,Undirected,
47,67,Undirected,
47,68,Undirected,
47,69,Undirected,
47,74,Undirected,
47,75,Undirected,
47,77,Undirected,
47,82,Undirected,
47,83,Undirected,
47,88,Undirected,
47,89,Undirected,
47,90,Undirected,
47,91,Undirected,
47,94,Undirected,
47,95,Undirected,
47,96,Undirected,
47,97,Undirected,
47,103,Undirected,
47,106,Undirected,
47,115,Undirected,
47,123,Undirected,
47,127,Undirected,
47,128,Undirected,
47,130,Undirected,
47,131,Undirected,
47,136,Undirected,
47,137,Undirected,
47,138,Undirected,
47,139,Undirected,
47,140,Undirected,
47,144,Undirected,
47,151,Undirected,
47,159,Undirected,
48,50,Undirected,
48,51,Undirected,
48,53,Undirected,
48,55,Undirected,
48,57,Undirected,
48,58,Undirected,
48,59,Undirected,
48,66,Undirected,
48,67,Undirected,
48,68,Undirected,
48,69,Undirected,
48,74,Undirected,
48,77,Undirected,
48,82,Undirected,
48,88,Undirected,
48,89,Undirected,
48,90,Undirected,
48,91,Undirected,
48,96,Undirected,
48,97,Undirected,
48,103,Undirected,
48,115,Undirected,
48,127,Undirected,
48,136,Undirected,
48,137,Undirected,
48,138,Undirected,
48,139,Undirected,
48,140,Undirected,
48,144,Undirected,
48,151,Undirected,
48,159,Undirected,
48,160,Undirected,
49,50,Undirected,
49,52,Undirected,
49,55,Undirected,
49,56,Undirected,
49,60,Undirected,
49,62,Undirected,
49,64,Undirected,
49,65,Undirected,
49,83,Undirected,
49,84,Undirected,
49,92,Undirected,
49,93,Undirected,
49,97,Undirected,
49,102,Undirected,
49,103,Undirected,
49,104,Undirected,
49,105,Undirected,
49,108,Undirected,
49,122,Undirected,
49,133,Undirected,
49,134,Undirected,
49,138,Undirected,
49,142,Undirected,
49,143,Undirected,
49,144,Undirected,
49,146,Undirected,
49,147,Undirected,
49,148,Undirected,
49,149,Undirected,
49,152,Undirected,
49,155,Undirected,
49,156,Undirected,
49,158,Undirected,
49,161,Undirected,
49,162,Undirected,
50,51,Undirected,
50,53,Undirected,
50,55,Undirected,
50,56,Undirected,
50,57,Undirected,
50,58,Undirected,
50,59,Undirected,
50,66,Undirected,
50,67,Undirected,
50,74,Undirected,
50,75,Undirected,
50,76,Undirected,
50,77,Undirected,
50,78,Undirected,
50,79,Undirected,
50,80,Undirected,
50,81,Undirected,
50,82,Undirected,
50,83,Undirected,
50,88,Undirected,
50,90,Undirected,
50,91,Undirected,
50,94,Undirected,
50,95,Undirected,
50,97,Undirected,
50,107,Undirected,
50,108,Undirected,
50,118,Undirected,
50,120,Undirected,
50,121,Undirected,
50,122,Undirected,
50,124,Undirected,
50,130,Undirected,
50,131,Undirected,
50,133,Undirected,
50,135,Undirected,
50,136,Undirected,
50,137,Undirected,
50,138,Undirected,
50,139,Undirected,
50,140,Undirected,
50,141,Undirected,
50,142,Undirected,
50,143,Undirected,
50,144,Undirected,
50,146,Undirected,
50,147,Undirected,
50,151,Undirected,
50,156,Undirected,
50,158,Undirected,
50,161,Undirected,
50,162,Undirected,
50,163,Undirected,
50,164,Undirected,
51,52,Undirected,
51,53,Undirected,
51,55,Undirected,
51,56,Undirected,
51,57,Undirected,
51,58,Undirected,
51,59,Undirected,
51,66,Undirected,
51,67,Undirected,
51,74,Undirected,
51,75,Undirected,
51,76,Undirected,
51,77,Undirected,
51,78,Undirected,
51,82,Undirected,
51,88,Undirected,
51,89,Undirected,
51,90,Undirected,
51,91,Undirected,
51,95,Undirected,
51,96,Undirected,
51,97,Undirected,
51,104,Undirected,
51,107,Undirected,
51,108,Undirected,
51,120,Undirected,
51,121,Undirected,
51,122,Undirected,
51,123,Undirected,
51,124,Undirected,
51,130,Undirected,
51,131,Undirected,
51,133,Undirected,
51,135,Undirected,
51,136,Undirected,
51,137,Undirected,
51,138,Undirected,
51,139,Undirected,
51,140,Undirected,
51,141,Undirected,
51,142,Undirected,
51,143,Undirected,
51,144,Undirected,
51,146,Undirected,
51,147,Undirected,
51,150,Undirected,
51,151,Undirected,
51,156,Undirected,
51,158,Undirected,
51,161,Undirected,
51,162,Undirected,
51,163,Undirected,
52,55,Undirected,
52,60,Undirected,
52,61,Undirected,
52,78,Undirected,
52,79,Undirected,
52,83,Undirected,
52,87,Undirected,
52,89,Undirected,
52,92,Undirected,
52,93,Undirected,
52,94,Undirected,
52,95,Undirected,
52,98,Undirected,
52,99,Undirected,
52,104,Undirected,
52,105,Undirected,
52,110,Undirected,
52,111,Undirected,
52,121,Undirected,
52,122,Undirected,
52,134,Undirected,
52,135,Undirected,
52,136,Undirected,
52,138,Undirected,
52,153,Undirected,
52,156,Undirected,
52,157,Undirected,
52,158,Undirected,
52,161,Undirected,
53,54,Undirected,
53,55,Undirected,
53,57,Undirected,
53,64,Undirected,
53,66,Undirected,
53,67,Undirected,
53,73,Undirected,
53,74,Undirected,
53,75,Undirected,
53,77,Undirected,
53,81,Undirected,
53,83,Undirected,
53,87,Undirected,
53,88,Undirected,
53,89,Undirected,
53,90,Undirected,
53,96,Undirected,
53,97,Undirected,
53,99,Undirected,
53,101,Undirected,
53,107,Undirected,
53,113,Undirected,
53,115,Undirected,
53,116,Undirected,
53,123,Undirected,
53,127,Undirected,
53,128,Undirected,
53,133,Undirected,
53,136,Undirected,
53,140,Undirected,
53,144,Undirected,
53,145,Undirected,
53,147,Undirected,
53,148,Undirected,
53,149,Undirected,
53,151,Undirected,
53,160,Undirected,
54,55,Undirected,
54,60,Undirected,
54,68,Undirected,
54,69,Undirected,
54,73,Undirected,
54,79,Undirected,
54,81,Undirected,
54,82,Undirected,
54,83,Undirected,
54,84,Undirected,
54,85,Undirected,
54,87,Undirected,
54,90,Undirected,
54,100,Undirected,
54,101,Undirected,
54,104,Undirected,
54,106,Undirected,
54,107,Undirected,
54,113,Undirected,
54,114,Undirected,
54,115,Undirected,
54,116,Undirected,
54,119,Undirected,
54,120,Undirected,
54,121,Undirected,
54,123,Undirected,
54,127,Undirected,
54,133,Undirected,
54,137,Undirected,
54,138,Undirected,
54,144,Undirected,
54,146,Undirected,
54,147,Undirected,
54,148,Undirected,
54,149,Undirected,
54,150,Undirected,
54,154,Undirected,
54,162,Undirected,
55,56,Undirected,
55,57,Undirected,
55,58,Undirected,
55,59,Undirected,
55,61,Undirected,
55,62,Undirected,
55,63,Undirected,
55,65,Undirected,
55,66,Undirected,
55,67,Undirected,
55,68,Undirected,
55,69,Undirected,
55,70,Undirected,
55,71,Undirected,
55,72,Undirected,
55,73,Undirected,
55,74,Undirected,
55,75,Undirected,
55,76,Undirected,
55,77,Undirected,
55,78,Undirected,
55,79,Undirected,
55,88,Undirected,
55,89,Undirected,
55,90,Undirected,
55,91,Undirected,
55,95,Undirected,
55,96,Undirected,
55,97,Undirected,
55,101,Undirected,
55,103,Undirected,
55,104,Undirected,
55,106,Undirected,
55,107,Undirected,
55,108,Undirected,
55,110,Undirected,
55,113,Undirected,
55,114,Undirected,
55,115,Undirected,
55,116,Undirected,
55,117,Undirected,
55,118,Undirected,
55,119,Undirected,
55,120,Undirected,
55,121,Undirected,
55,122,Undirected,
55,123,Undirected,
55,124,Undirected,
55,127,Undirected,
55,128,Undirected,
55,130,Undirected,
55,131,Undirected,
55,134,Undirected,
55,135,Undirected,
55,136,Undirected,
55,138,Undirected,
55,140,Undirected,
55,141,Undirected,
55,142,Undirected,
55,143,Undirected,
55,144,Undirected,
55,145,Undirected,
55,146,Undirected,
55,147,Undirected,
55,151,Undirected,
55,156,Undirected,
55,157,Undirected,
55,158,Undirected,
55,159,Undirected,
55,160,Undirected,
55,161,Undirected,
55,162,Undirected,
55,163,Undirected,
55,164,Undirected,
56,57,Undirected,
56,62,Undirected,
56,63,Undirected,
56,64,Undirected,
56,65,Undirected,
56,70,Undirected,
56,71,Undirected,
56,73,Undirected,
56,76,Undirected,
56,82,Undirected,
56,85,Undirected,
56,92,Undirected,
56,93,Undirected,
56,100,Undirected,
56,101,Undirected,
56,107,Undirected,
56,133,Undirected,
56,136,Undirected,
56,138,Undirected,
56,144,Undirected,
56,146,Undirected,
56,147,Undirected,
56,150,Undirected,
56,155,Undirected,
56,156,Undirected,
56,158,Undirected,
56,161,Undirected,
56,162,Undirected,
57,58,Undirected,
57,59,Undirected,
57,65,Undirected,
57,66,Undirected,
57,67,Undirected,
57,72,Undirected,
57,73,Undirected,
57,76,Undirected,
57,77,Undirected,
57,78,Undirected,
57,82,Undirected,
57,88,Undirected,
57,89,Undirected,
57,96,Undirected,
57,97,Undirected,
57,106,Undirected,
57,112,Undirected,
57,123,Undirected,
57,124,Undirected,
57,127,Undirected,
57,135,Undirected,
57,136,Undirected,
57,137,Undirected,
57,138,Undirected,
57,140,Undirected,
57,144,Undirected,
57,145,Undirected,
57,146,Undirected,
57,150,Undirected,
57,151,Undirected,
57,152,Undirected,
57,155,Undirected,
57,156,Undirected,
57,158,Undirected,
57,159,Undirected,
57,160,Undirected,
58,59,Undirected,
58,66,Undirected,
58,67,Undirected,
58,72,Undirected,
58,74,Undirected,
58,75,Undirected,
58,76,Undirected,
58,77,Undirected,
58,78,Undirected,
58,81,Undirected,
58,82,Undirected,
58,87,Undirected,
58,88,Undirected,
58,89,Undirected,
58,90,Undirected,
58,91,Undirected,
58,95,Undirected,
58,97,Undirected,
58,108,Undirected,
58,123,Undirected,
58,124,Undirected,
58,127,Undirected,
58,130,Undirected,
58,131,Undirected,
58,135,Undirected,
58,136,Undirected,
58,137,Undirected,
58,138,Undirected,
58,139,Undirected,
58,140,Undirected,
58,141,Undirected,
58,143,Undirected,
58,144,Undirected,
58,145,Undirected,
58,151,Undirected,
58,159,Undirected,
59,60,Undirected,
59,66,Undirected,
59,67,Undirected,
59,71,Undirected,
59,72,Undirected,
59,73,Undirected,
59,74,Undirected,
59,75,Undirected,
59,76,Undirected,
59,77,Undirected,
59,78,Undirected,
59,82,Undirected,
59,88,Undirected,
59,89,Undirected,
59,90,Undirected,
59,91,Undirected,
59,97,Undirected,
59,103,Undirected,
59,104,Undirected,
59,107,Undirected,
59,108,Undirected,
59,109,Undirected,
59,115,Undirected,
59,116,Undirected,
59,118,Undirected,
59,123,Undirected,
59,124,Undirected,
59,127,Undirected,
59,128,Undirected,
59,130,Undirected,
59,136,Undirected,
59,137,Undirected,
59,138,Undirected,
59,139,Undirected,
59,140,Undirected,
59,142,Undirected,
59,143,Undirected,
59,144,Undirected,
59,145,Undirected,
59,146,Undirected,
59,152,Undirected,
59,157,Undirected,
59,158,Undirected,
59,159,Undirected,
60,61,Undirected,
60,68,Undirected,
60,69,Undirected,
60,90,Undirected,
60,91,Undirected,
60,92,Undirected,
60,93,Undirected,
60,94,Undirected,
60,95,Undirected,
60,96,Undirected,
60,98,Undirected,
60,104,Undirected,
60,105,Undirected,
60,106,Undirected,
60,107,Undirected,
60,108,Undirected,
60,109,Undirected,
60,110,Undirected,
60,114,Undirected,
60,116,Undirected,
60,118,Undirected,
60,119,Undirected,
60,120,Undirected,
60,121,Undirected,
60,122,Undirected,
60,130,Undirected,
60,131,Undirected,
60,142,Undirected,
60,154,Undirected,
60,157,Undirected,
60,158,Undirected,
60,160,Undirected,
60,162,Undirected,
60,163,Undirected,
60,164,Undirected,
61,63,Undirected,
61,69,Undirected,
61,70,Undirected,
61,72,Undirected,
61,78,Undirected,
61,85,Undirected,
61,87,Undirected,
61,91,Undirected,
61,94,Undirected,
61,98,Undirected,
61,99,Undirected,
61,104,Undirected,
61,105,Undirected,
61,106,Undirected,
61,107,Undirected,
61,109,Undirected,
61,110,Undirected,
61,117,Undirected,
61,118,Undirected,
61,119,Undirected,
61,120,Undirected,
61,121,Undirected,
61,122,Undirected,
61,127,Undirected,
61,135,Undirected,
61,138,Undirected,
61,149,Undirected,
61,155,Undirected,
61,157,Undirected,
61,158,Undirected,
61,161,Undirected,
61,162,Undirected,
61,163,Undirected,
61,164,Undirected,
62,63,Undirected,
62,64,Undirected,
62,65,Undirected,
62,68,Undirected,
62,69,Undirected,
62,70,Undirected,
62,71,Undirected,
62,72,Undirected,
62,76,Undirected,
62,91,Undirected,
62,98,Undirected,
62,100,Undirected,
62,102,Undirected,
62,103,Undirected,
62,106,Undirected,
62,109,Undirected,
62,110,Undirected,
62,111,Undirected,
62,114,Undirected,
62,117,Undirected,
62,118,Undirected,
62,119,Undirected,
62,120,Undirected,
62,125,Undirected,
62,133,Undirected,
62,134,Undirected,
62,135,Undirected,
62,142,Undirected,
62,143,Undirected,
62,144,Undirected,
62,145,Undirected,
62,146,Undirected,
62,150,Undirected,
62,152,Undirected,
62,156,Undirected,
62,157,Undirected,
62,158,Undirected,
62,162,Undirected,
63,64,Undirected,
63,65,Undirected,
63,68,Undirected,
63,69,Undirected,
63,70,Undirected,
63,71,Undirected,
63,72,Undirected,
63,73,Undirected,
63,76,Undirected,
63,85,Undirected,
63,87,Undirected,
63,94,Undirected,
63,100,Undirected,
63,101,Undirected,
63,102,Undirected,
63,103,Undirected,
63,106,Undirected,
63,111,Undirected,
63,117,Undirected,
63,118,Undirected,
63,119,Undirected,
63,133,Undirected,
63,134,Undirected,
63,135,Undirected,
63,142,Undirected,
63,143,Undirected,
63,144,Undirected,
63,146,Undirected,
63,150,Undirected,
63,156,Undirected,
63,157,Undirected,
63,158,Undirected,
63,161,Undirected,
63,162,Undirected,
64,65,Undirected,
64,68,Undirected,
64,69,Undirected,
64,70,Undirected,
64,77,Undirected,
64,80,Undirected,
64,81,Undirected,
64,100,Undirected,
64,101,Undirected,
64,102,Undirected,
64,103,Undirected,
64,111,Undirected,
64,115,Undirected,
64,126,Undirected,
64,128,Undirected,
64,133,Undirected,
64,135,Undirected,
64,143,Undirected,
64,146,Undirected,
64,149,Undirected,
64,153,Undirected,
64,154,Undirected,
64,155,Undirected,
65,70,Undirected,
65,71,Undirected,
65,73,Undirected,
65,76,Undirected,
65,80,Undirected,
65,81,Undirected,
65,86,Undirected,
65,93,Undirected,
65,100,Undirected,
65,101,Undirected,
65,102,Undirected,
65,111,Undirected,
65,129,Undirected,
65,133,Undirected,
65,134,Undirected,
65,136,Undirected,
65,138,Undirected,
65,144,Undirected,
65,146,Undirected,
65,150,Undirected,
65,154,Undirected,
65,156,Undirected,
65,158,Undirected,
65,161,Undirected,
65,162,Undirected,
66,67,Undirected,
66,69,Undirected,
66,72,Undirected,
66,73,Undirected,
66,74,Undirected,
66,75,Undirected,
66,77,Undirected,
66,79,Undirected,
66,81,Undirected,
66,82,Undirected,
66,84,Undirected,
66,88,Undirected,
66,89,Undirected,
66,90,Undirected,
66,91,Undirected,
66,96,Undirected,
66,97,Undirected,
66,103,Undirected,
66,106,Undirected,
66,107,Undirected,
66,108,Undirected,
66,115,Undirected,
66,116,Undirected,
66,123,Undirected,
66,124,Undirected,
66,126,Undirected,
66,127,Undirected,
66,128,Undirected,
66,130,Undirected,
66,131,Undirected,
66,136,Undirected,
66,137,Undirected,
66,138,Undirected,
66,140,Undirected,
66,142,Undirected,
66,143,Undirected,
66,144,Undirected,
66,145,Undirected,
66,146,Undirected,
66,147,Undirected,
66,151,Undirected,
66,153,Undirected,
66,154,Undirected,
66,159,Undirected,
66,163,Undirected,
67,71,Undirected,
67,72,Undirected,
67,73,Undirected,
67,74,Undirected,
67,75,Undirected,
67,77,Undirected,
67,78,Undirected,
67,88,Undirected,
67,89,Undirected,
67,90,Undirected,
67,91,Undirected,
67,96,Undirected,
67,97,Undirected,
67,103,Undirected,
67,107,Undirected,
67,108,Undirected,
67,109,Undirected,
67,113,Undirected,
67,115,Undirected,
67,116,Undirected,
67,123,Undirected,
67,124,Undirected,
67,127,Undirected,
67,128,Undirected,
67,130,Undirected,
67,136,Undirected,
67,137,Undirected,
67,138,Undirected,
67,140,Undirected,
67,141,Undirected,
67,142,Undirected,
67,143,Undirected,
67,144,Undirected,
67,145,Undirected,
67,146,Undirected,
67,151,Undirected,
67,152,Undirected,
67,157,Undirected,
67,159,Undirected,
67,160,Undirected,
67,164,Undirected,
68,69,Undirected,
68,70,Undirected,
68,71,Undirected,
68,72,Undirected,
68,76,Undirected,
68,80,Undirected,
68,84,Undirected,
68,88,Undirected,
68,90,Undirected,
68,91,Undirected,
68,98,Undirected,
68,100,Undirected,
68,102,Undirected,
68,103,Undirected,
68,104,Undirected,
68,106,Undirected,
68,111,Undirected,
68,114,Undirected,
68,115,Undirected,
68,118,Undirected,
68,119,Undirected,
68,120,Undirected,
68,127,Undirected,
68,133,Undirected,
68,134,Undirected,
68,142,Undirected,
68,143,Undirected,
68,145,Undirected,
68,146,Undirected,
68,157,Undirected,
68,159,Undirected,
69,70,Undirected,
69,71,Undirected,
69,76,Undirected,
69,80,Undirected,
69,88,Undirected,
69,89,Undirected,
69,90,Undirected,
69,91,Undirected,
69,92,Undirected,
69,94,Undirected,
69,103,Undirected,
69,104,Undirected,
69,105,Undirected,
69,106,Undirected,
69,107,Undirected,
69,109,Undirected,
69,110,Undirected,
69,117,Undirected,
69,118,Undirected,
69,119,Undirected,
69,120,Undirected,
69,121,Undirected,
69,122,Undirected,
69,127,Undirected,
69,135,Undirected,
69,141,Undirected,
69,142,Undirected,
69,143,Undirected,
69,152,Undirected,
69,157,Undirected,
69,158,Undirected,
69,162,Undirected,
69,163,Undirected,
70,71,Undirected,
70,72,Undirected,
70,73,Undirected,
70,76,Undirected,
70,78,Undirected,
70,80,Undirected,
70,90,Undirected,
70,91,Undirected,
70,99,Undirected,
70,100,Undirected,
70,104,Undirected,
70,107,Undirected,
70,109,Undirected,
70,110,Undirected,
70,111,Undirected,
70,117,Undirected,
70,118,Undirected,
70,119,Undirected,
70,120,Undirected,
70,133,Undirected,
70,134,Undirected,
70,135,Undirected,
70,142,Undirected,
70,143,Undirected,
70,145,Undirected,
70,146,Undirected,
70,148,Undirected,
70,150,Undirected,
70,155,Undirected,
70,157,Undirected,
70,158,Undirected,
70,159,Undirected,
70,160,Undirected,
70,162,Undirected,
71,72,Undirected,
71,73,Undirected,
71,76,Undirected,
71,77,Undirected,
71,90,Undirected,
71,91,Undirected,
71,104,Undirected,
71,105,Undirected,
71,107,Undirected,
71,109,Undirected,
71,110,Undirected,
71,111,Undirected,
71,115,Undirected,
71,117,Undirected,
71,118,Undirected,
71,119,Undirected,
71,120,Undirected,
71,128,Undirected,
71,133,Undirected,
71,134,Undirected,
71,135,Undirected,
71,141,Undirected,
71,142,Undirected,
71,143,Undirected,
71,144,Undirected,
71,145,Undirected,
71,146,Undirected,
71,148,Undirected,
71,150,Undirected,
71,157,Undirected,
71,158,Undirected,
71,159,Undirected,
71,160,Undirected,
71,162,Undirected,
71,164,Undirected,
72,73,Undirected,
72,74,Undirected,
72,75,Undirected,
72,76,Undirected,
72,88,Undirected,
72,89,Undirected,
72,90,Undirected,
72,91,Undirected,
72,96,Undirected,
72,97,Undirected,
72,98,Undirected,
72,100,Undirected,
72,105,Undirected,
72,107,Undirected,
72,108,Undirected,
72,111,Undirected,
72,113,Undirected,
72,114,Undirected,
72,116,Undirected,
72,118,Undirected,
72,120,Undirected,
72,123,Undirected,
72,124,Undirected,
72,128,Undirected,
72,130,Undirected,
72,132,Undirected,
72,136,Undirected,
72,140,Undirected,
72,142,Undirected,
72,143,Undirected,
72,144,Undirected,
72,145,Undirected,
72,146,Undirected,
72,159,Undirected,
72,160,Undirected,
73,74,Undirected,
73,75,Undirected,
73,76,Undirected,
73,77,Undirected,
73,78,Undirected,
73,80,Undirected,
73,87,Undirected,
73,89,Undirected,
73,90,Undirected,
73,96,Undirected,
73,97,Undirected,
73,100,Undirected,
73,101,Undirected,
73,107,Undirected,
73,109,Undirected,
73,111,Undirected,
73,113,Undirected,
73,115,Undirected,
73,117,Undirected,
73,118,Undirected,
73,119,Undirected,
73,123,Undirected,
73,127,Undirected,
73,128,Undirected,
73,134,Undirected,
73,136,Undirected,
73,138,Undirected,
73,140,Undirected,
73,142,Undirected,
73,143,Undirected,
73,144,Undirected,
73,145,Undirected,
73,146,Undirected,
73,158,Undirected,
73,160,Undirected,
73,161,Undirected,
73,162,Undirected,
74,75,Undirected,
74,76,Undirected,
74,77,Undirected,
74,78,Undirected,
74,79,Undirected,
74,80,Undirected,
74,82,Undirected,
74,88,Undirected,
74,89,Undirected,
74,90,Undirected,
74,91,Undirected,
74,95,Undirected,
74,96,Undirected,
74,97,Undirected,
74,107,Undirected,
74,108,Undirected,
74,109,Undirected,
74,110,Undirected,
74,115,Undirected,
74,116,Undirected,
74,118,Undirected,
74,119,Undirected,
74,120,Undirected,
74,122,Undirected,
74,123,Undirected,
74,124,Undirected,
74,128,Undirected,
74,129,Undirected,
74,130,Undirected,
74,131,Undirected,
74,132,Undirected,
74,134,Undirected,
74,137,Undirected,
74,138,Undirected,
74,140,Undirected,
74,141,Undirected,
74,142,Undirected,
74,143,Undirected,
74,144,Undirected,
74,145,Undirected,
74,146,Undirected,
74,151,Undirected,
74,153,Undirected,
74,156,Undirected,
74,157,Undirected,
74,160,Undirected,
74,163,Undirected,
74,164,Undirected,
75,76,Undirected,
75,77,Undirected,
75,78,Undirected,
75,79,Undirected,
75,80,Undirected,
75,88,Undirected,
75,89,Undirected,
75,90,Undirected,
75,91,Undirected,
75,107,Undirected,
75,108,Undirected,
75,115,Undirected,
75,116,Undirected,
75,117,Undirected,
75,118,Undirected,
75,119,Undirected,
75,120,Undirected,
75,123,Undirected,
75,124,Undirected,
75,128,Undirected,
75,129,Undirected,
75,133,Undirected,
75,137,Undirected,
75,138,Undirected,
75,140,Undirected,
75,141,Undirected,
75,142,Undirected,
75,143,Undirected,
75,144,Undirected,
75,145,Undirected,
75,146,Undirected,
75,151,Undirected,
75,158,Undirected,
75,162,Undirected,
75,163,Undirected,
75,164,Undirected,
76,77,Undirected,
76,78,Undirected,
76,80,Undirected,
76,90,Undirected,
76,91,Undirected,
76,94,Undirected,
76,95,Undirected,
76,96,Undirected,
76,104,Undirected,
76,106,Undirected,
76,107,Undirected,
76,108,Undirected,
76,109,Undirected,
76,110,Undirected,
76,111,Undirected,
76,114,Undirected,
76,118,Undirected,
76,119,Undirected,
76,120,Undirected,
76,125,Undirected,
76,133,Undirected,
76,135,Undirected,
76,136,Undirected,
76,137,Undirected,
76,138,Undirected,
76,139,Undirected,
76,140,Undirected,
76,141,Undirected,
76,142,Undirected,
76,143,Undirected,
76,144,Undirected,
76,145,Undirected,
76,146,Undirected,
76,157,Undirected,
76,158,Undirected,
76,159,Undirected,
76,160,Undirected,
76,162,Undirected,
76,164,Undirected,
77,82,Undirected,
77,88,Undirected,
77,89,Undirected,
77,90,Undirected,
77,91,Undirected,
77,96,Undirected,
77,97,Undirected,
77,102,Undirected,
77,103,Undirected,
77,104,Undirected,
77,107,Undirected,
77,108,Undirected,
77,109,Undirected,
77,118,Undirected,
77,120,Undirected,
77,122,Undirected,
77,136,Undirected,
77,137,Undirected,
77,138,Undirected,
77,140,Undirected,
77,141,Undirected,
77,142,Undirected,
77,143,Undirected,
77,144,Undirected,
77,145,Undirected,
77,146,Undirected,
77,153,Undirected,
77,157,Undirected,
77,158,Undirected,
77,159,Undirected,
77,161,Undirected,
77,164,Undirected,
78,79,Undirected,
78,80,Undirected,
78,82,Undirected,
78,83,Undirected,
78,84,Undirected,
78,90,Undirected,
78,91,Undirected,
78,104,Undirected,
78,106,Undirected,
78,107,Undirected,
78,108,Undirected,
78,109,Undirected,
78,110,Undirected,
78,118,Undirected,
78,119,Undirected,
78,120,Undirected,
78,121,Undirected,
78,122,Undirected,
78,125,Undirected,
78,132,Undirected,
78,133,Undirected,
78,136,Undirected,
78,137,Undirected,
78,138,Undirected,
78,139,Undirected,
78,140,Undirected,
78,141,Undirected,
78,142,Undirected,
78,143,Undirected,
78,145,Undirected,
78,146,Undirected,
78,147,Undirected,
78,157,Undirected,
78,158,Undirected,
78,160,Undirected,
78,161,Undirected,
78,164,Undirected,
79,80,Undirected,
79,81,Undirected,
79,82,Undirected,
79,83,Undirected,
79,84,Undirected,
79,85,Undirected,
79,87,Undirected,
79,108,Undirected,
79,110,Undirected,
79,113,Undirected,
79,118,Undirected,
79,120,Undirected,
79,132,Undirected,
79,133,Undirected,
79,135,Undirected,
79,137,Undirected,
79,138,Undirected,
79,140,Undirected,
79,145,Undirected,
79,146,Undirected,
79,149,Undirected,
79,156,Undirected,
79,158,Undirected,
80,81,Undirected,
80,82,Undirected,
80,83,Undirected,
80,84,Undirected,
80,86,Undirected,
80,90,Undirected,
80,91,Undirected,
80,107,Undirected,
80,118,Undirected,
80,120,Undirected,
80,133,Undirected,
80,137,Undirected,
80,138,Undirected,
80,139,Undirected,
80,141,Undirected,
80,142,Undirected,
80,143,Undirected,
80,146,Undirected,
80,147,Undirected,
80,155,Undirected,
80,157,Undirected,
80,164,Undirected,
81,83,Undirected,
81,84,Undirected,
81,85,Undirected,
81,86,Undirected,
81,87,Undirected,
81,94,Undirected,
81,106,Undirected,
81,113,Undirected,
81,114,Undirected,
81,115,Undirected,
81,123,Undirected,
81,133,Undirected,
81,137,Undirected,
81,138,Undirected,
81,149,Undirected,
81,156,Undirected,
81,158,Undirected,
82,83,Undirected,
82,84,Undirected,
82,85,Undirected,
82,87,Undirected,
82,88,Undirected,
82,90,Undirected,
82,91,Undirected,
82,94,Undirected,
82,95,Undirected,
82,98,Undirected,
82,100,Undirected,
82,102,Undirected,
82,103,Undirected,
82,107,Undirected,
82,126,Undirected,
82,130,Undirected,
82,133,Undirected,
82,136,Undirected,
82,137,Undirected,
82,138,Undirected,
82,140,Undirected,
82,141,Undirected,
82,146,Undirected,
82,148,Undirected,
82,157,Undirected,
83,84,Undirected,
83,85,Undirected,
83,87,Undirected,
83,90,Undirected,
83,92,Undirected,
83,94,Undirected,
83,95,Undirected,
83,98,Undirected,
83,99,Undirected,
83,100,Undirected,
83,104,Undirected,
83,108,Undirected,
83,110,Undirected,
83,113,Undirected,
83,122,Undirected,
83,133,Undirected,
83,135,Undirected,
83,137,Undirected,
83,138,Undirected,
83,146,Undirected,
83,149,Undirected,
83,155,Undirected,
83,156,Undirected,
83,157,Undirected,
83,164,Undirected,
84,85,Undirected,
84,86,Undirected,
84,92,Undirected,
84,93,Undirected,
84,96,Undirected,
84,100,Undirected,
84,114,Undirected,
84,122,Undirected,
84,126,Undirected,
84,133,Undirected,
84,137,Undirected,
84,138,Undirected,
84,149,Undirected,
84,156,Undirected,
85,86,Undirected,
85,87,Undirected,
85,92,Undirected,
85,93,Undirected,
85,97,Undirected,
85,100,Undirected,
85,101,Undirected,
85,106,Undirected,
85,108,Undirected,
85,112,Undirected,
85,125,Undirected,
85,129,Undirected,
85,137,Undirected,
85,139,Undirected,
85,148,Undirected,
85,160,Undirected,
86,87,Undirected,
86,98,Undirected,
86,108,Undirected,
86,112,Undirected,
86,114,Undirected,
86,116,Undirected,
86,117,Undirected,
86,129,Undirected,
86,161,Undirected,
86,162,Undirected,
86,163,Undirected,
87,91,Undirected,
87,99,Undirected,
87,101,Undirected,
87,115,Undirected,
87,127,Undirected,
87,131,Undirected,
87,133,Undirected,
87,137,Undirected,
87,144,Undirected,
87,148,Undirected,
87,149,Undirected,
87,153,Undirected,
87,158,Undirected,
87,159,Undirected,
87,161,Undirected,
87,162,Undirected,
88,89,Undirected,
88,90,Undirected,
88,91,Undirected,
88,95,Undirected,
88,96,Undirected,
88,97,Undirected,
88,103,Undirected,
88,106,Undirected,
88,115,Undirected,
88,123,Undirected,
88,127,Undirected,
88,128,Undirected,
88,130,Undirected,
88,131,Undirected,
88,136,Undirected,
88,137,Undirected,
88,138,Undirected,
88,139,Undirected,
88,140,Undirected,
88,144,Undirected,
88,151,Undirected,
88,152,Undirected,
88,159,Undirected,
88,160,Undirected,
89,96,Undirected,
89,97,Undirected,
89,106,Undirected,
89,112,Undirected,
89,136,Undirected,
89,137,Undirected,
89,138,Undirected,
89,140,Undirected,
89,143,Undirected,
89,144,Undirected,
89,145,Undirected,
89,151,Undirected,
89,152,Undirected,
89,159,Undirected,
89,160,Undirected,
90,91,Undirected,
90,92,Undirected,
90,95,Undirected,
90,96,Undirected,
90,97,Undirected,
90,104,Undirected,
90,106,Undirected,
90,107,Undirected,
90,108,Undirected,
90,109,Undirected,
90,110,Undirected,
90,114,Undirected,
90,119,Undirected,
90,120,Undirected,
90,123,Undirected,
90,135,Undirected,
90,138,Undirected,
90,139,Undirected,
90,140,Undirected,
90,141,Undirected,
90,142,Undirected,
90,143,Undirected,
90,144,Undirected,
90,145,Undirected,
90,146,Undirected,
90,155,Undirected,
90,157,Undirected,
90,164,Undirected,
91,92,Undirected,
91,94,Undirected,
91,95,Undirected,
91,101,Undirected,
91,104,Undirected,
91,106,Undirected,
91,107,Undirected,
91,108,Undirected,
91,109,Undirected,
91,110,Undirected,
91,114,Undirected,
91,118,Undirected,
91,119,Undirected,
91,120,Undirected,
91,121,Undirected,
91,122,Undirected,
91,123,Undirected,
91,129,Undirected,
91,130,Undirected,
91,131,Undirected,
91,133,Undirected,
91,135,Undirected,
91,137,Undirected,
91,138,Undirected,
91,139,Undirected,
91,140,Undirected,
91,141,Undirected,
91,142,Undirected,
91,143,Undirected,
91,146,Undirected,
91,153,Undirected,
91,157,Undirected,
91,163,Undirected,
91,164,Undirected,
92,93,Undirected,
92,94,Undirected,
92,95,Undirected,
92,97,Undirected,
92,100,Undirected,
92,101,Undirected,
92,104,Undirected,
92,108,Undirected,
92,114,Undirected,
92,116,Undirected,
92,122,Undirected,
92,141,Undirected,
92,142,Undirected,
92,143,Undirected,
92,150,Undirected,
92,152,Undirected,
92,157,Undirected,
93,95,Undirected,
93,97,Undirected,
93,99,Undirected,
93,101,Undirected,
93,104,Undirected,
93,108,Undirected,
93,114,Undirected,
93,116,Undirected,
93,137,Undirected,
93,142,Undirected,
93,143,Undirected,
93,148,Undirected,
93,150,Undirected,
93,152,Undirected,
93,154,Undirected,
94,95,Undirected,
94,96,Undirected,
94,98,Undirected,
94,100,Undirected,
94,104,Undirected,
94,105,Undirected,
94,109,Undirected,
94,110,Undirected,
94,112,Undirected,
94,118,Undirected,
94,119,Undirected,
94,121,Undirected,
94,122,Undirected,
94,130,Undirected,
94,132,Undirected,
94,135,Undirected,
94,138,Undirected,
94,142,Undirected,
94,143,Undirected,
94,155,Undirected,
94,157,Undirected,
94,158,Undirected,
94,163,Undirected,
94,164,Undirected,
95,96,Undirected,
95,97,Undirected,
95,104,Undirected,
95,108,Undirected,
95,109,Undirected,
95,110,Undirected,
95,119,Undirected,
95,121,Undirected,
95,122,Undirected,
95,127,Undirected,
95,132,Undirected,
95,134,Undirected,
95,135,Undirected,
95,140,Undirected,
95,141,Undirected,
95,142,Undirected,
95,143,Undirected,
95,155,Undirected,
95,156,Undirected,
95,157,Undirected,
95,159,Undirected,
95,161,Undirected,
95,163,Undirected,
95,164,Undirected,
96,97,Undirected,
96,105,Undirected,
96,112,Undirected,
96,113,Undirected,
96,127,Undirected,
96,136,Undirected,
96,140,Undirected,
96,142,Undirected,
96,143,Undirected,
96,144,Undirected,
96,145,Undirected,
96,146,Undirected,
96,160,Undirected,
97,105,Undirected,
97,106,Undirected,
97,111,Undirected,
97,112,Undirected,
97,123,Undirected,
97,127,Undirected,
97,128,Undirected,
97,135,Undirected,
97,136,Undirected,
97,140,Undirected,
97,142,Undirected,
97,143,Undirected,
97,144,Undirected,
97,145,Undirected,
97,147,Undirected,
98,99,Undirected,
98,100,Undirected,
98,102,Undirected,
98,103,Undirected,
98,105,Undirected,
98,106,Undirected,
98,125,Undirected,
98,129,Undirected,
98,130,Undirected,
98,144,Undirected,
98,145,Undirected,
98,147,Undirected,
98,148,Undirected,
98,155,Undirected,
98,157,Undirected,
98,158,Undirected,
98,163,Undirected,
99,102,Undirected,
99,111,Undirected,
99,126,Undirected,
99,138,Undirected,
99,139,Undirected,
100,101,Undirected,
100,102,Undirected,
100,103,Undirected,
100,110,Undirected,
100,111,Undirected,
100,113,Undirected,
100,115,Undirected,
100,121,Undirected,
100,122,Undirected,
100,129,Undirected,
100,130,Undirected,
100,134,Undirected,
100,137,Undirected,
100,145,Undirected,
100,163,Undirected,
100,164,Undirected,
101,103,Undirected,
101,129,Undirected,
101,144,Undirected,
101,148,Undirected,
101,150,Undirected,
101,161,Undirected,
101,163,Undirected,
102,103,Undirected,
102,106,Undirected,
102,115,Undirected,
102,134,Undirected,
102,141,Undirected,
102,142,Undirected,
102,147,Undirected,
102,148,Undirected,
102,152,Undirected,
102,154,Undirected,
102,155,Undirected,
102,157,Undirected,
103,106,Undirected,
103,109,Undirected,
103,111,Undirected,
103,113,Undirected,
103,114,Undirected,
103,134,Undirected,
103,137,Undirected,
103,140,Undirected,
103,147,Undirected,
103,148,Undirected,
103,152,Undirected,
103,155,Undirected,
103,157,Undirected,
103,159,Undirected,
103,161,Undirected,
103,164,Undirected,
104,105,Undirected,
104,107,Undirected,
104,108,Undirected,
104,109,Undirected,
104,110,Undirected,
104,111,Undirected,
104,116,Undirected,
104,117,Undirected,
104,118,Undirected,
104,119,Undirected,
104,120,Undirected,
104,121,Undirected,
104,122,Undirected,
104,135,Undirected,
104,138,Undirected,
104,142,Undirected,
104,143,Undirected,
104,145,Undirected,
104,146,Undirected,
104,148,Undirected,
104,154,Undirected,
104,156,Undirected,
104,157,Undirected,
104,158,Undirected,
104,163,Undirected,
104,164,Undirected,
105,107,Undirected,
105,109,Undirected,
105,110,Undirected,
105,112,Undirected,
105,117,Undirected,
105,118,Undirected,
105,119,Undirected,
105,120,Undirected,
105,121,Undirected,
105,122,Undirected,
105,130,Undirected,
105,135,Undirected,
105,150,Undirected,
105,156,Undirected,
105,157,Undirected,
105,158,Undirected,
105,162,Undirected,
105,163,Undirected,
106,107,Undirected,
106,108,Undirected,
106,109,Undirected,
106,110,Undirected,
106,112,Undirected,
106,113,Undirected,
106,114,Undirected,
106,116,Undirected,
106,119,Undirected,
106,120,Undirected,
106,121,Undirected,
106,122,Undirected,
106,125,Undirected,
106,130,Undirected,
106,131,Undirected,
106,132,Undirected,
106,136,Undirected,
106,141,Undirected,
106,148,Undirected,
106,149,Undirected,
106,161,Undirected,
106,162,Undirected,
106,163,Undirected,
106,164,Undirected,
107,108,Undirected,
107,109,Undirected,
107,110,Undirected,
107,113,Undirected,
107,114,Undirected,
107,115,Undirected,
107,116,Undirected,
107,117,Undirected,
107,118,Undirected,
107,119,Undirected,
107,120,Undirected,
107,121,Undirected,
107,122,Undirected,
107,123,Undirected,
107,127,Undirected,
107,128,Undirected,
107,129,Undirected,
107,130,Undirected,
107,131,Undirected,
107,137,Undirected,
107,138,Undirected,
107,140,Undirected,
107,141,Undirected,
107,142,Undirected,
107,143,Undirected,
107,144,Undirected,
107,145,Undirected,
107,146,Undirected,
107,152,Undirected,
107,157,Undirected,
107,158,Undirected,
107,159,Undirected,
107,162,Undirected,
107,163,Undirected,
107,164,Undirected,
108,109,Undirected,
108,110,Undirected,
108,112,Undirected,
108,114,Undirected,
108,115,Undirected,
108,116,Undirected,
108,117,Undirected,
108,118,Undirected,
108,119,Undirected,
108,120,Undirected,
108,121,Undirected,
108,122,Undirected,
108,123,Undirected,
108,124,Undirected,
108,125,Undirected,
108,127,Undirected,
108,128,Undirected,
108,129,Undirected,
108,130,Undirected,
108,131,Undirected,
108,137,Undirected,
108,138,Undirected,
108,140,Undirected,
108,141,Undirected,
108,142,Undirected,
108,143,Undirected,
108,145,Undirected,
108,146,Undirected,
108,150,Undirected,
108,157,Undirected,
108,159,Undirected,
108,162,Undirected,
108,163,Undirected,
108,164,Undirected,
109,110,Undirected,
109,112,Undirected,
109,117,Undirected,
109,118,Undirected,
109,119,Undirected,
109,120,Undirected,
109,121,Undirected,
109,122,Undirected,
109,129,Undirected,
109,130,Undirected,
109,131,Undirected,
109,137,Undirected,
109,138,Undirected,
109,140,Undirected,
109,141,Undirected,
109,142,Undirected,
109,145,Undirected,
109,153,Undirected,
109,157,Undirected,
109,159,Undirected,
109,162,Undirected,
109,163,Undirected,
109,164,Undirected,
110,112,Undirected,
110,114,Undirected,
110,116,Undirected,
110,117,Undirected,
110,118,Undirected,
110,119,Undirected,
110,120,Undirected,
110,121,Undirected,
110,122,Undirected,
110,125,Undirected,
110,129,Undirected,
110,130,Undirected,
110,131,Undirected,
110,137,Undirected,
110,138,Undirected,
110,141,Undirected,
110,142,Undirected,
110,143,Undirected,
110,146,Undirected,
110,157,Undirected,
110,158,Undirected,
110,159,Undirected,
110,162,Undirected,
110,163,Undirected,
110,164,Undirected,
111,112,Undirected,
111,113,Undirected,
111,114,Undirected,
111,118,Undirected,
111,125,Undirected,
111,126,Undirected,
111,133,Undirected,
111,134,Undirected,
111,142,Undirected,
111,143,Undirected,
111,146,Undirected,
111,154,Undirected,
112,113,Undirected,
112,114,Undirected,
112,116,Undirected,
112,119,Undirected,
112,120,Undirected,
112,121,Undirected,
112,122,Undirected,
112,125,Undirected,
112,126,Undirected,
112,127,Undirected,
112,130,Undirected,
112,136,Undirected,
112,141,Undirected,
112,153,Undirected,
112,154,Undirected,
112,163,Undirected,
112,164,Undirected,
113,114,Undirected,
113,115,Undirected,
113,116,Undirected,
113,117,Undirected,
113,119,Undirected,
113,121,Undirected,
113,123,Undirected,
113,125,Undirected,
113,126,Undirected,
113,127,Undirected,
113,128,Undirected,
113,130,Undirected,
113,133,Undirected,
113,137,Undirected,
113,144,Undirected,
113,148,Undirected,
113,149,Undirected,
113,159,Undirected,
113,160,Undirected,
113,161,Undirected,
114,115,Undirected,
114,116,Undirected,
114,117,Undirected,
114,118,Undirected,
114,119,Undirected,
114,120,Undirected,
114,121,Undirected,
114,124,Undirected,
114,125,Undirected,
114,127,Undirected,
114,128,Undirected,
114,129,Undirected,
114,130,Undirected,
114,141,Undirected,
114,142,Undirected,
114,143,Undirected,
114,145,Undirected,
114,146,Undirected,
114,155,Undirected,
114,159,Undirected,
114,162,Undirected,
114,163,Undirected,
115,116,Undirected,
115,117,Undirected,
115,119,Undirected,
115,121,Undirected,
115,123,Undirected,
115,124,Undirected,
115,127,Undirected,
115,128,Undirected,
115,129,Undirected,
115,130,Undirected,
115,131,Undirected,
115,132,Undirected,
115,133,Undirected,
115,134,Undirected,
115,140,Undirected,
115,154,Undirected,
115,159,Undirected,
115,161,Undirected,
115,162,Undirected,
115,163,Undirected,
116,117,Undirected,
116,118,Undirected,
116,119,Undirected,
116,120,Undirected,
116,121,Undirected,
116,122,Undirected,
116,123,Undirected,
116,124,Undirected,
116,127,Undirected,
116,128,Undirected,
116,129,Undirected,
116,130,Undirected,
116,131,Undirected,
116,132,Undirected,
116,133,Undirected,
116,140,Undirected,
116,143,Undirected,
116,154,Undirected,
116,159,Undirected,
116,162,Undirected,
116,163,Undirected,
116,164,Undirected,
117,118,Undirected,
117,119,Undirected,
117,120,Undirected,
117,121,Undirected,
117,123,Undirected,
117,124,Undirected,
117,128,Undirected,
117,129,Undirected,
117,130,Undirected,
117,134,Undirected,
117,135,Undirected,
117,139,Undirected,
117,142,Undirected,
117,143,Undirected,
117,144,Undirected,
117,153,Undirected,
117,154,Undirected,
117,156,Undirected,
117,157,Undirected,
117,158,Undirected,
117,162,Undirected,
117,163,Undirected,
117,164,Undirected,
118,119,Undirected,
118,120,Undirected,
118,121,Undirected,
118,123,Undirected,
118,124,Undirected,
118,129,Undirected,
118,130,Undirected,
118,133,Undirected,
118,134,Undirected,
118,135,Undirected,
118,138,Undirected,
118,141,Undirected,
118,142,Undirected,
118,143,Undirected,
118,144,Undirected,
118,145,Undirected,
118,146,Undirected,
118,148,Undirected,
118,156,Undirected,
118,157,Undirected,
118,158,Undirected,
118,159,Undirected,
118,162,Undirected,
118,163,Undirected,
118,164,Undirected,
119,120,Undirected,
119,121,Undirected,
119,122,Undirected,
119,123,Undirected,
119,124,Undirected,
119,128,Undirected,
119,129,Undirected,
119,130,Undirected,
119,131,Undirected,
119,135,Undirected,
119,142,Undirected,
119,145,Undirected,
119,154,Undirected,
119,158,Undirected,
119,159,Undirected,
119,162,Undirected,
119,163,Undirected,
119,164,Undirected,
120,121,Undirected,
120,122,Undirected,
120,123,Undirected,
120,124,Undirected,
120,129,Undirected,
120,130,Undirected,
120,131,Undirected,
120,135,Undirected,
120,138,Undirected,
120,141,Undirected,
120,142,Undirected,
120,143,Undirected,
120,144,Undirected,
120,145,Undirected,
120,146,Undirected,
120,157,Undirected,
120,158,Undirected,
120,159,Undirected,
120,163,Undirected,
120,164,Undirected,
121,122,Undirected,
121,123,Undirected,
121,124,Undirected,
121,127,Undirected,
121,128,Undirected,
121,129,Undirected,
121,130,Undirected,
121,131,Undirected,
121,149,Undirected,
121,161,Undirected,
121,162,Undirected,
121,163,Undirected,
121,164,Undirected,
122,126,Undirected,
122,130,Undirected,
122,131,Undirected,
122,138,Undirected,
122,141,Undirected,
122,145,Undirected,
122,148,Undirected,
122,161,Undirected,
122,163,Undirected,
122,164,Undirected,
123,124,Undirected,
123,127,Undirected,
123,128,Undirected,
123,129,Undirected,
123,130,Undirected,
123,131,Undirected,
123,132,Undirected,
123,136,Undirected,
123,140,Undirected,
123,143,Undirected,
123,154,Undirected,
123,163,Undirected,
124,128,Undirected,
124,129,Undirected,
124,130,Undirected,
124,131,Undirected,
124,132,Undirected,
124,135,Undirected,
124,136,Undirected,
124,140,Undirected,
124,143,Undirected,
124,151,Undirected,
124,154,Undirected,
124,159,Undirected,
124,162,Undirected,
124,163,Undirected,
125,127,Undirected,
125,139,Undirected,
125,141,Undirected,
125,146,Undirected,
125,148,Undirected,
125,161,Undirected,
126,127,Undirected,
126,148,Undirected,
126,154,Undirected,
126,158,Undirected,
126,161,Undirected,
127,128,Undirected,
127,129,Undirected,
127,130,Undirected,
127,133,Undirected,
127,136,Undirected,
127,140,Undirected,
127,144,Undirected,
127,148,Undirected,
127,159,Undirected,
127,161,Undirected,
127,163,Undirected,
128,129,Undirected,
128,130,Undirected,
128,131,Undirected,
128,132,Undirected,
128,133,Undirected,
128,140,Undirected,
128,143,Undirected,
128,149,Undirected,
128,154,Undirected,
128,161,Undirected,
128,162,Undirected,
128,163,Undirected,
129,130,Undirected,
129,131,Undirected,
129,132,Undirected,
129,134,Undirected,
129,141,Undirected,
129,142,Undirected,
129,148,Undirected,
129,154,Undirected,
129,157,Undirected,
129,158,Undirected,
129,162,Undirected,
129,163,Undirected,
129,164,Undirected,
130,131,Undirected,
130,132,Undirected,
130,137,Undirected,
130,138,Undirected,
130,140,Undirected,
130,143,Undirected,
130,159,Undirected,
130,162,Undirected,
130,163,Undirected,
130,164,Undirected,
131,132,Undirected,
131,134,Undirected,
131,137,Undirected,
131,138,Undirected,
131,140,Undirected,
131,147,Undirected,
131,163,Undirected,
131,164,Undirected,
132,134,Undirected,
132,152,Undirected,
132,163,Undirected,
133,137,Undirected,
133,138,Undirected,
133,139,Undirected,
133,141,Undirected,
133,142,Undirected,
133,143,Undirected,
133,146,Undirected,
133,149,Undirected,
133,152,Undirected,
133,154,Undirected,
133,156,Undirected,
133,157,Undirected,
133,158,Undirected,
133,162,Undirected,
134,135,Undirected,
134,150,Undirected,
134,153,Undirected,
134,156,Undirected,
134,158,Undirected,
134,162,Undirected,
135,136,Undirected,
135,137,Undirected,
135,138,Undirected,
135,140,Undirected,
135,143,Undirected,
135,144,Undirected,
135,146,Undirected,
135,148,Undirected,
135,153,Undirected,
135,154,Undirected,
135,155,Undirected,
135,156,Undirected,
135,157,Undirected,
135,158,Undirected,
135,159,Undirected,
135,162,Undirected,
136,137,Undirected,
136,138,Undirected,
136,140,Undirected,
136,144,Undirected,
136,145,Undirected,
136,146,Undirected,
136,147,Undirected,
136,150,Undirected,
136,151,Undirected,
136,152,Undirected,
136,156,Undirected,
136,158,Undirected,
136,159,Undirected,
136,160,Undirected,
136,161,Undirected,
136,162,Undirected,
137,138,Undirected,
137,139,Undirected,
137,140,Undirected,
137,144,Undirected,
137,145,Undirected,
137,146,Undirected,
137,149,Undirected,
137,151,Undirected,
137,152,Undirected,
137,153,Undirected,
137,154,Undirected,
137,156,Undirected,
137,158,Undirected,
137,159,Undirected,
137,163,Undirected,
137,164,Undirected,
138,139,Undirected,
138,140,Undirected,
138,141,Undirected,
138,142,Undirected,
138,143,Undirected,
138,144,Undirected,
138,145,Undirected,
138,146,Undirected,
138,151,Undirected,
138,154,Undirected,
138,156,Undirected,
138,157,Undirected,
138,158,Undirected,
138,159,Undirected,
138,161,Undirected,
138,163,Undirected,
138,164,Undirected,
139,140,Undirected,
139,141,Undirected,
139,146,Undirected,
139,151,Undirected,
139,153,Undirected,
139,158,Undirected,
139,161,Undirected,
140,141,Undirected,
140,142,Undirected,
140,143,Undirected,
140,144,Undirected,
140,145,Undirected,
140,146,Undirected,
140,151,Undirected,
140,157,Undirected,
140,159,Undirected,
140,160,Undirected,
140,164,Undirected,
141,142,Undirected,
141,143,Undirected,
141,146,Undirected,
141,157,Undirected,
141,163,Undirected,
141,164,Undirected,
142,143,Undirected,
142,144,Undirected,
142,145,Undirected,
142,146,Undirected,
142,157,Undirected,
142,158,Undirected,
142,162,Undirected,
142,163,Undirected,
142,164,Undirected,
143,144,Undirected,
143,145,Undirected,
143,146,Undirected,
143,152,Undirected,
143,157,Undirected,
143,158,Undirected,
143,162,Undirected,
143,163,Undirected,
144,145,Undirected,
144,146,Undirected,
144,147,Undirected,
144,148,Undirected,
144,150,Undirected,
144,151,Undirected,
144,156,Undirected,
144,158,Undirected,
144,161,Undirected,
144,162,Undirected,
144,164,Undirected,
145,146,Undirected,
145,149,Undirected,
145,153,Undirected,
145,159,Undirected,
145,160,Undirected,
145,161,Undirected,
145,164,Undirected,
146,149,Undirected,
146,154,Undirected,
146,157,Undirected,
146,158,Undirected,
146,159,Undirected,
146,160,Undirected,
146,161,Undirected,
146,162,Undirected,
146,164,Undirected,
147,148,Undirected,
147,151,Undirected,
147,155,Undirected,
147,157,Undirected,
147,160,Undirected,
147,162,Undirected,
148,151,Undirected,
148,154,Undirected,
148,155,Undirected,
148,157,Undirected,
148,159,Undirected,
148,161,Undirected,
149,150,Undirected,
149,152,Undirected,
149,153,Undirected,
149,154,Undirected,
149,161,Undirected,
150,156,Undirected,
150,158,Undirected,
150,162,Undirected,
153,154,Undirected,
153,156,Undirected,
153,158,Undirected,
153,161,Undirected,
153,162,Undirected,
153,164,Undirected,
154,155,Undirected,
154,156,Undirected,
154,158,Undirected,
154,162,Undirected,
154,163,Undirected,
155,157,Undirected,
155,158,Undirected,
156,157,Undirected,
156,158,Undirected,
156,161,Undirected,
156,162,Undirected,
157,158,Undirected,
157,162,Undirected,
157,163,Undirected,
157,164,Undirected,
158,161,Undirected,
158,162,Undirected,
159,160,Undirected,
159,161,Undirected,
161,162,Undirected,
162,163,Undirected,
163,164,Undirected,
