Source,Target,Type,timeset
1,2,Undirected,
1,14,Undirected,
1,19,Undirected,
1,28,Undirected,
1,29,Undirected,
1,30,Undirected,
1,37,Undirected,
1,44,Undirected,
1,45,Undirected,
1,59,Undirected,
1,61,Undirected,
1,63,Undirected,
1,70,Undirected,
1,78,Undirected,
1,86,Undirected,
1,89,Undirected,
1,90,Undirected,
1,91,Undirected,
1,104,Undirected,
1,109,Undirected,
1,121,Undirected,
1,131,Undirected,
1,134,Undirected,
1,141,Undirected,
1,142,Undirected,
1,143,Undirected,
1,148,Undirected,
1,157,Undirected,
2,43,Undirected,
2,44,Undirected,
2,45,Undirected,
2,70,Undirected,
2,78,Undirected,
2,90,Undirected,
2,134,Undirected,
2,135,Undirected,
2,143,Undirected,
2,157,Undirected,
3,4,Undirected,
3,10,Undirected,
3,12,Undirected,
3,14,Undirected,
3,15,Undirected,
3,18,Undirected,
3,20,Undirected,
3,27,Undirected,
3,28,Undirected,
3,52,Undirected,
3,59,Undirected,
3,61,Undirected,
3,62,Undirected,
3,63,Undirected,
3,65,Undirected,
3,68,Undirected,
3,70,Undirected,
3,71,Undirected,
3,77,Undirected,
3,78,Undirected,
3,79,Undirected,
3,80,Undirected,
3,82,Undirected,
3,83,Undirected,
3,84,Undirected,
3,90,Undirected,
3,91,Undirected,
3,94,Undirected,
3,95,Undirected,
3,96,Undirected,
3,97,Undirected,
3,101,Undirected,
3,102,Undirected,
3,103,Undirected,
3,107,Undirected,
3,109,Undirected,
3,110,Undirected,
3,114,Undirected,
3,119,Undirected,
3,120,Undirected,
3,121,Undirected,
3,122,Undirected,
3,124,Undirected,
3,125,Undirected,
3,127,Undirected,
3,129,Undirected,
3,131,Undirected,
3,132,Undirected,
3,137,Undirected,
3,141,Undirected,
3,158,Undirected,
4,10,Undirected,
4,12,Undirected,
4,14,Undirected,
4,15,Undirected,
4,16,Undirected,
4,18,Undirected,
4,20,Undirected,
4,27,Undirected,
4,28,Undirected,
4,29,Undirected,
4,30,Undirected,
4,38,Undirected,
4,42,Undirected,
4,46,Undirected,
4,50,Undirected,
4,51,Undirected,
4,52,Undirected,
4,56,Undirected,
4,59,Undirected,
4,61,Undirected,
4,62,Undirected,
4,63,Undirected,
4,65,Undirected,
4,69,Undirected,
4,70,Undirected,
4,71,Undirected,
4,75,Undirected,
4,79,Undirected,
4,80,Undirected,
4,81,Undirected,
4,82,Undirected,
4,83,Undirected,
4,84,Undirected,
4,86,Undirected,
4,90,Undirected,
4,91,Undirected,
4,96,Undirected,
4,101,Undirected,
4,102,Undirected,
4,103,Undirected,
4,107,Undirected,
4,109,Undirected,
4,110,Undirected,
4,114,Undirected,
4,116,Undirected,
4,119,Undirected,
4,120,Undirected,
4,121,Undirected,
4,122,Undirected,
4,124,Undirected,
4,125,Undirected,
4,126,Undirected,
4,127,Undirected,
4,129,Undirected,
4,130,Undirected,
4,131,Undirected,
4,132,Undirected,
4,137,Undirected,
4,141,Undirected,
7,5,Undirected,
7,53,Undirected,
7,58,Undirected,
7,73,Undirected,
7,99,Undirected,
7,144,Undirected,
7,157,Undirected,
7,163,Undirected,
10,12,Undirected,
10,79,Undirected,
10,114,Undirected,
10,121,Undirected,
11,13,Undirected,
11,33,Undirected,
11,44,Undirected,
11,50,Undirected,
11,51,Undirected,
11,64,Undirected,
11,76,Undirected,
11,134,Undirected,
11,135,Undirected,
12,79,Undirected,
12,114,Undirected,
15,10,Undirected,
15,11,Undirected,
15,12,Undirected,
15,13,Undirected,
15,16,Undirected,
15,18,Undirected,
15,21,Undirected,
15,22,Undirected,
15,27,Undirected,
15,28,Undirected,
15,33,Undirected,
15,35,Undirected,
15,38,Undirected,
15,39,Undirected,
15,42,Undirected,
15,46,Undirected,
15,50,Undirected,
15,51,Undirected,
15,52,Undirected,
15,53,Undirected,
15,55,Undirected,
15,56,Undirected,
15,60,Undirected,
15,61,Undirected,
15,62,Undirected,
15,63,Undirected,
15,64,Undirected,
15,65,Undirected,
15,68,Undirected,
15,69,Undirected,
15,71,Undirected,
15,72,Undirected,
15,74,Undirected,
15,75,Undirected,
15,76,Undirected,
15,79,Undirected,
15,80,Undirected,
15,82,Undirected,
15,83,Undirected,
15,84,Undirected,
15,85,Undirected,
15,91,Undirected,
15,94,Undirected,
15,95,Undirected,
15,96,Undirected,
15,97,Undirected,
15,99,Undirected,
15,101,Undirected,
15,102,Undirected,
15,103,Undirected,
15,107,Undirected,
15,109,Undirected,
15,110,Undirected,
15,111,Undirected,
15,114,Undirected,
15,119,Undirected,
15,120,Undirected,
15,121,Undirected,
15,122,Undirected,
15,124,Undirected,
15,125,Undirected,
15,126,Undirected,
15,127,Undirected,
15,129,Undirected,
15,130,Undirected,
15,131,Undirected,
15,132,Undirected,
15,134,Undirected,
15,135,Undirected,
15,137,Undirected,
15,139,Undirected,
15,141,Undirected,
15,142,Undirected,
15,150,Undirected,
15,151,Undirected,
15,152,Undirected,
15,154,Undirected,
15,160,Undirected,
16,11,Undirected,
16,28,Undirected,
16,32,Undirected,
16,33,Undirected,
16,38,Undirected,
16,46,Undirected,
16,50,Undirected,
16,51,Undirected,
16,63,Undirected,
16,64,Undirected,
16,65,Undirected,
16,69,Undirected,
16,71,Undirected,
16,74,Undirected,
16,75,Undirected,
16,76,Undirected,
16,83,Undirected,
16,84,Undirected,
16,107,Undirected,
16,110,Undirected,
16,119,Undirected,
16,120,Undirected,
16,121,Undirected,
16,122,Undirected,
16,124,Undirected,
16,126,Undirected,
16,129,Undirected,
16,130,Undirected,
16,131,Undirected,
16,135,Undirected,
16,139,Undirected,
16,141,Undirected,
16,152,Undirected,
18,7,Undirected,
18,12,Undirected,
18,13,Undirected,
18,22,Undirected,
18,26,Undirected,
18,33,Undirected,
18,35,Undirected,
18,39,Undirected,
18,47,Undirected,
18,52,Undirected,
18,53,Undirected,
18,65,Undirected,
18,68,Undirected,
18,76,Undirected,
18,79,Undirected,
18,82,Undirected,
18,84,Undirected,
18,88,Undirected,
18,93,Undirected,
18,96,Undirected,
18,97,Undirected,
18,99,Undirected,
18,102,Undirected,
18,103,Undirected,
18,110,Undirected,
18,112,Undirected,
18,114,Undirected,
18,119,Undirected,
18,121,Undirected,
18,125,Undirected,
18,129,Undirected,
18,132,Undirected,
18,147,Undirected,
18,148,Undirected,
18,150,Undirected,
18,151,Undirected,
18,154,Undirected,
18,155,Undirected,
18,157,Undirected,
18,160,Undirected,
20,10,Undirected,
20,66,Undirected,
20,79,Undirected,
20,87,Undirected,
20,145,Undirected,
20,159,Undirected,
24,30,Undirected,
24,32,Undirected,
24,46,Undirected,
24,60,Undirected,
24,140,Undirected,
24,142,Undirected,
26,7,Undirected,
26,22,Undirected,
26,24,Undirected,
26,29,Undirected,
26,32,Undirected,
26,37,Undirected,
26,45,Undirected,
26,46,Undirected,
26,47,Undirected,
26,48,Undirected,
26,58,Undirected,
26,66,Undirected,
26,67,Undirected,
26,73,Undirected,
26,74,Undirected,
26,88,Undirected,
26,89,Undirected,
26,96,Undirected,
26,97,Undirected,
26,99,Undirected,
26,140,Undirected,
26,142,Undirected,
26,145,Undirected,
26,150,Undirected,
26,151,Undirected,
26,152,Undirected,
26,157,Undirected,
26,159,Undirected,
26,161,Undirected,
26,163,Undirected,
27,28,Undirected,
27,62,Undirected,
27,63,Undirected,
27,71,Undirected,
27,78,Undirected,
27,80,Undirected,
27,83,Undirected,
27,119,Undirected,
27,120,Undirected,
27,121,Undirected,
27,122,Undirected,
27,129,Undirected,
28,10,Undirected,
28,11,Undirected,
28,12,Undirected,
28,20,Undirected,
28,24,Undirected,
28,29,Undirected,
28,30,Undirected,
28,32,Undirected,
28,38,Undirected,
28,45,Undirected,
28,46,Undirected,
28,50,Undirected,
28,51,Undirected,
28,52,Undirected,
28,56,Undirected,
28,60,Undirected,
28,61,Undirected,
28,62,Undirected,
28,63,Undirected,
28,64,Undirected,
28,65,Undirected,
28,69,Undirected,
28,70,Undirected,
28,71,Undirected,
28,75,Undirected,
28,78,Undirected,
28,79,Undirected,
28,80,Undirected,
28,81,Undirected,
28,82,Undirected,
28,83,Undirected,
28,84,Undirected,
28,86,Undirected,
28,90,Undirected,
28,91,Undirected,
28,94,Undirected,
28,95,Undirected,
28,101,Undirected,
28,102,Undirected,
28,103,Undirected,
28,107,Undirected,
28,109,Undirected,
28,110,Undirected,
28,114,Undirected,
28,119,Undirected,
28,120,Undirected,
28,121,Undirected,
28,122,Undirected,
28,124,Undirected,
28,126,Undirected,
28,127,Undirected,
28,129,Undirected,
28,130,Undirected,
28,131,Undirected,
28,132,Undirected,
28,137,Undirected,
28,139,Undirected,
28,141,Undirected,
28,142,Undirected,
28,152,Undirected,
29,2,Undirected,
29,7,Undirected,
29,14,Undirected,
29,16,Undirected,
29,19,Undirected,
29,24,Undirected,
29,27,Undirected,
29,30,Undirected,
29,32,Undirected,
29,37,Undirected,
29,38,Undirected,
29,39,Undirected,
29,45,Undirected,
29,46,Undirected,
29,50,Undirected,
29,55,Undirected,
29,56,Undirected,
29,60,Undirected,
29,61,Undirected,
29,62,Undirected,
29,63,Undirected,
29,64,Undirected,
29,67,Undirected,
29,69,Undirected,
29,70,Undirected,
29,71,Undirected,
29,73,Undirected,
29,74,Undirected,
29,75,Undirected,
29,78,Undirected,
29,80,Undirected,
29,81,Undirected,
29,83,Undirected,
29,86,Undirected,
29,89,Undirected,
29,90,Undirected,
29,91,Undirected,
29,94,Undirected,
29,101,Undirected,
29,102,Undirected,
29,107,Undirected,
29,109,Undirected,
29,110,Undirected,
29,114,Undirected,
29,120,Undirected,
29,121,Undirected,
29,122,Undirected,
29,124,Undirected,
29,126,Undirected,
29,129,Undirected,
29,131,Undirected,
29,137,Undirected,
29,140,Undirected,
29,141,Undirected,
29,142,Undirected,
29,148,Undirected,
29,152,Undirected,
29,157,Undirected,
29,163,Undirected,
30,2,Undirected,
30,3,Undirected,
30,10,Undirected,
30,12,Undirected,
30,14,Undirected,
30,16,Undirected,
30,26,Undirected,
30,32,Undirected,
30,37,Undirected,
30,38,Undirected,
30,39,Undirected,
30,45,Undirected,
30,46,Undirected,
30,49,Undirected,
30,50,Undirected,
30,52,Undirected,
30,55,Undirected,
30,56,Undirected,
30,59,Undirected,
30,60,Undirected,
30,61,Undirected,
30,63,Undirected,
30,67,Undirected,
30,69,Undirected,
30,70,Undirected,
30,71,Undirected,
30,74,Undirected,
30,75,Undirected,
30,78,Undirected,
30,79,Undirected,
30,80,Undirected,
30,84,Undirected,
30,86,Undirected,
30,89,Undirected,
30,90,Undirected,
30,91,Undirected,
30,93,Undirected,
30,94,Undirected,
30,101,Undirected,
30,102,Undirected,
30,104,Undirected,
30,107,Undirected,
30,109,Undirected,
30,110,Undirected,
30,112,Undirected,
30,113,Undirected,
30,114,Undirected,
30,115,Undirected,
30,116,Undirected,
30,120,Undirected,
30,121,Undirected,
30,122,Undirected,
30,124,Undirected,
30,126,Undirected,
30,129,Undirected,
30,131,Undirected,
30,137,Undirected,
30,140,Undirected,
30,141,Undirected,
30,142,Undirected,
30,143,Undirected,
30,150,Undirected,
30,157,Undirected,
30,164,Undirected,
31,6,Undirected,
31,55,Undirected,
32,1,Undirected,
32,7,Undirected,
32,15,Undirected,
32,37,Undirected,
32,38,Undirected,
32,41,Undirected,
32,45,Undirected,
32,46,Undirected,
32,47,Undirected,
32,49,Undirected,
32,50,Undirected,
32,51,Undirected,
32,52,Undirected,
32,55,Undirected,
32,56,Undirected,
32,58,Undirected,
32,60,Undirected,
32,61,Undirected,
32,63,Undirected,
32,64,Undirected,
32,66,Undirected,
32,67,Undirected,
32,70,Undirected,
32,71,Undirected,
32,73,Undirected,
32,74,Undirected,
32,75,Undirected,
32,80,Undirected,
32,83,Undirected,
32,84,Undirected,
32,85,Undirected,
32,86,Undirected,
32,89,Undirected,
32,90,Undirected,
32,91,Undirected,
32,94,Undirected,
32,98,Undirected,
32,101,Undirected,
32,102,Undirected,
32,107,Undirected,
32,109,Undirected,
32,110,Undirected,
32,120,Undirected,
32,121,Undirected,
32,122,Undirected,
32,124,Undirected,
32,126,Undirected,
32,128,Undirected,
32,129,Undirected,
32,130,Undirected,
32,131,Undirected,
32,132,Undirected,
32,137,Undirected,
32,139,Undirected,
32,140,Undirected,
32,141,Undirected,
32,142,Undirected,
32,145,Undirected,
32,146,Undirected,
32,152,Undirected,
32,157,Undirected,
32,159,Undirected,
32,163,Undirected,
33,13,Undirected,
33,21,Undirected,
33,35,Undirected,
33,50,Undirected,
33,51,Undirected,
33,65,Undirected,
33,76,Undirected,
33,119,Undirected,
33,139,Undirected,
33,154,Undirected,
33,160,Undirected,
35,13,Undirected,
35,21,Undirected,
35,36,Undirected,
35,39,Undirected,
35,51,Undirected,
35,65,Undirected,
35,76,Undirected,
35,83,Undirected,
35,111,Undirected,
35,119,Undirected,
35,130,Undirected,
35,132,Undirected,
35,139,Undirected,
35,154,Undirected,
35,160,Undirected,
36,40,Undirected,
36,139,Undirected,
36,149,Undirected,
36,153,Undirected,
37,39,Undirected,
37,89,Undirected,
37,138,Undirected,
37,150,Undirected,
38,79,Undirected,
38,107,Undirected,
38,137,Undirected,
38,141,Undirected,
39,19,Undirected,
39,93,Undirected,
39,112,Undirected,
39,150,Undirected,
39,154,Undirected,
41,43,Undirected,
41,58,Undirected,
41,64,Undirected,
41,73,Undirected,
41,74,Undirected,
41,135,Undirected,
41,136,Undirected,
41,152,Undirected,
41,158,Undirected,
43,1,Undirected,
43,7,Undirected,
43,9,Undirected,
43,11,Undirected,
43,13,Undirected,
43,16,Undirected,
43,17,Undirected,
43,20,Undirected,
43,23,Undirected,
43,25,Undirected,
43,26,Undirected,
43,32,Undirected,
43,33,Undirected,
43,42,Undirected,
43,44,Undirected,
43,48,Undirected,
43,49,Undirected,
43,50,Undirected,
43,51,Undirected,
43,56,Undirected,
43,57,Undirected,
43,58,Undirected,
43,59,Undirected,
43,64,Undirected,
43,66,Undirected,
43,67,Undirected,
43,72,Undirected,
43,73,Undirected,
43,74,Undirected,
43,75,Undirected,
43,76,Undirected,
43,77,Undirected,
43,84,Undirected,
43,87,Undirected,
43,89,Undirected,
43,90,Undirected,
43,97,Undirected,
43,98,Undirected,
43,104,Undirected,
43,105,Undirected,
43,106,Undirected,
43,124,Undirected,
43,126,Undirected,
43,128,Undirected,
43,130,Undirected,
43,134,Undirected,
43,135,Undirected,
43,136,Undirected,
43,138,Undirected,
43,139,Undirected,
43,143,Undirected,
43,145,Undirected,
43,146,Undirected,
43,152,Undirected,
43,156,Undirected,
43,158,Undirected,
43,159,Undirected,
43,162,Undirected,
43,163,Undirected,
43,164,Undirected,
44,9,Undirected,
44,13,Undirected,
44,19,Undirected,
44,25,Undirected,
44,33,Undirected,
44,40,Undirected,
44,41,Undirected,
44,42,Undirected,
44,45,Undirected,
44,50,Undirected,
44,51,Undirected,
44,57,Undirected,
44,58,Undirected,
44,64,Undirected,
44,74,Undirected,
44,76,Undirected,
44,89,Undirected,
44,90,Undirected,
44,98,Undirected,
44,104,Undirected,
44,134,Undirected,
44,135,Undirected,
44,136,Undirected,
44,138,Undirected,
44,143,Undirected,
44,146,Undirected,
44,152,Undirected,
44,156,Undirected,
44,158,Undirected,
45,14,Undirected,
45,24,Undirected,
45,37,Undirected,
45,39,Undirected,
45,46,Undirected,
45,59,Undirected,
45,60,Undirected,
45,61,Undirected,
45,63,Undirected,
45,70,Undirected,
45,71,Undirected,
45,78,Undirected,
45,80,Undirected,
45,86,Undirected,
45,89,Undirected,
45,90,Undirected,
45,91,Undirected,
45,104,Undirected,
45,107,Undirected,
45,109,Undirected,
45,120,Undirected,
45,122,Undirected,
45,131,Undirected,
45,134,Undirected,
45,140,Undirected,
45,141,Undirected,
45,142,Undirected,
45,143,Undirected,
45,148,Undirected,
45,157,Undirected,
46,1,Undirected,
46,3,Undirected,
46,7,Undirected,
46,10,Undirected,
46,11,Undirected,
46,12,Undirected,
46,13,Undirected,
46,14,Undirected,
46,27,Undirected,
46,34,Undirected,
46,37,Undirected,
46,38,Undirected,
46,39,Undirected,
46,41,Undirected,
46,42,Undirected,
46,43,Undirected,
46,47,Undirected,
46,49,Undirected,
46,50,Undirected,
46,51,Undirected,
46,52,Undirected,
46,54,Undirected,
46,55,Undirected,
46,56,Undirected,
46,59,Undirected,
46,60,Undirected,
46,61,Undirected,
46,62,Undirected,
46,63,Undirected,
46,64,Undirected,
46,65,Undirected,
46,66,Undirected,
46,67,Undirected,
46,69,Undirected,
46,70,Undirected,
46,71,Undirected,
46,72,Undirected,
46,73,Undirected,
46,74,Undirected,
46,75,Undirected,
46,76,Undirected,
46,78,Undirected,
46,79,Undirected,
46,80,Undirected,
46,81,Undirected,
46,82,Undirected,
46,83,Undirected,
46,84,Undirected,
46,85,Undirected,
46,86,Undirected,
46,89,Undirected,
46,90,Undirected,
46,91,Undirected,
46,94,Undirected,
46,95,Undirected,
46,98,Undirected,
46,101,Undirected,
46,102,Undirected,
46,103,Undirected,
46,107,Undirected,
46,109,Undirected,
46,110,Undirected,
46,114,Undirected,
46,116,Undirected,
46,119,Undirected,
46,120,Undirected,
46,121,Undirected,
46,122,Undirected,
46,124,Undirected,
46,125,Undirected,
46,126,Undirected,
46,128,Undirected,
46,129,Undirected,
46,130,Undirected,
46,131,Undirected,
46,132,Undirected,
46,135,Undirected,
46,136,Undirected,
46,137,Undirected,
46,139,Undirected,
46,140,Undirected,
46,141,Undirected,
46,142,Undirected,
46,145,Undirected,
46,146,Undirected,
46,152,Undirected,
46,157,Undirected,
46,163,Undirected,
47,48,Undirected,
49,152,Undirected,
50,3,Undirected,
50,7,Undirected,
50,13,Undirected,
50,21,Undirected,
50,27,Undirected,
50,35,Undirected,
50,38,Undirected,
50,41,Undirected,
50,42,Undirected,
50,49,Undirected,
50,51,Undirected,
50,52,Undirected,
50,56,Undirected,
50,61,Undirected,
50,62,Undirected,
50,63,Undirected,
50,64,Undirected,
50,65,Undirected,
50,67,Undirected,
50,69,Undirected,
50,70,Undirected,
50,71,Undirected,
50,74,Undirected,
50,75,Undirected,
50,76,Undirected,
50,79,Undirected,
50,80,Undirected,
50,82,Undirected,
50,83,Undirected,
50,84,Undirected,
50,91,Undirected,
50,94,Undirected,
50,95,Undirected,
50,98,Undirected,
50,101,Undirected,
50,103,Undirected,
50,107,Undirected,
50,110,Undirected,
50,111,Undirected,
50,114,Undirected,
50,119,Undirected,
50,120,Undirected,
50,121,Undirected,
50,122,Undirected,
50,124,Undirected,
50,125,Undirected,
50,126,Undirected,
50,127,Undirected,
50,129,Undirected,
50,130,Undirected,
50,131,Undirected,
50,132,Undirected,
50,134,Undirected,
50,135,Undirected,
50,136,Undirected,
50,137,Undirected,
50,139,Undirected,
50,141,Undirected,
50,142,Undirected,
50,146,Undirected,
50,152,Undirected,
50,156,Undirected,
50,160,Undirected,
51,139,Undirected,
52,61,Undirected,
52,65,Undirected,
52,68,Undirected,
52,84,Undirected,
52,102,Undirected,
52,103,Undirected,
52,110,Undirected,
52,119,Undirected,
52,120,Undirected,
52,124,Undirected,
52,129,Undirected,
52,131,Undirected,
52,160,Undirected,
56,94,Undirected,
58,73,Undirected,
58,106,Undirected,
59,102,Undirected,
59,110,Undirected,
61,102,Undirected,
61,110,Undirected,
61,120,Undirected,
61,131,Undirected,
62,1,Undirected,
62,2,Undirected,
62,10,Undirected,
62,20,Undirected,
62,25,Undirected,
62,47,Undirected,
62,48,Undirected,
62,51,Undirected,
62,63,Undirected,
62,69,Undirected,
62,70,Undirected,
62,71,Undirected,
62,77,Undirected,
62,78,Undirected,
62,79,Undirected,
62,81,Undirected,
62,83,Undirected,
62,86,Undirected,
62,91,Undirected,
62,103,Undirected,
62,114,Undirected,
62,119,Undirected,
62,120,Undirected,
62,121,Undirected,
62,122,Undirected,
62,127,Undirected,
62,129,Undirected,
62,130,Undirected,
62,131,Undirected,
62,141,Undirected,
62,144,Undirected,
62,145,Undirected,
62,149,Undirected,
62,158,Undirected,
63,2,Undirected,
63,10,Undirected,
63,11,Undirected,
63,12,Undirected,
63,14,Undirected,
63,18,Undirected,
63,20,Undirected,
63,21,Undirected,
63,24,Undirected,
63,25,Undirected,
63,33,Undirected,
63,35,Undirected,
63,38,Undirected,
63,48,Undirected,
63,51,Undirected,
63,52,Undirected,
63,55,Undirected,
63,56,Undirected,
63,59,Undirected,
63,61,Undirected,
63,64,Undirected,
63,65,Undirected,
63,69,Undirected,
63,70,Undirected,
63,71,Undirected,
63,72,Undirected,
63,75,Undirected,
63,76,Undirected,
63,78,Undirected,
63,79,Undirected,
63,80,Undirected,
63,81,Undirected,
63,82,Undirected,
63,83,Undirected,
63,84,Undirected,
63,85,Undirected,
63,86,Undirected,
63,90,Undirected,
63,91,Undirected,
63,92,Undirected,
63,94,Undirected,
63,95,Undirected,
63,96,Undirected,
63,101,Undirected,
63,102,Undirected,
63,103,Undirected,
63,107,Undirected,
63,109,Undirected,
63,110,Undirected,
63,111,Undirected,
63,114,Undirected,
63,119,Undirected,
63,120,Undirected,
63,121,Undirected,
63,122,Undirected,
63,124,Undirected,
63,125,Undirected,
63,126,Undirected,
63,127,Undirected,
63,129,Undirected,
63,130,Undirected,
63,131,Undirected,
63,132,Undirected,
63,137,Undirected,
63,139,Undirected,
63,141,Undirected,
63,142,Undirected,
63,148,Undirected,
63,158,Undirected,
63,160,Undirected,
63,163,Undirected,
64,75,Undirected,
64,135,Undirected,
64,152,Undirected,
65,9,Undirected,
65,11,Undirected,
65,13,Undirected,
65,21,Undirected,
65,22,Undirected,
65,39,Undirected,
65,51,Undirected,
65,61,Undirected,
65,64,Undirected,
65,68,Undirected,
65,71,Undirected,
65,75,Undirected,
65,76,Undirected,
65,83,Undirected,
65,84,Undirected,
65,96,Undirected,
65,99,Undirected,
65,102,Undirected,
65,103,Undirected,
65,110,Undirected,
65,119,Undirected,
65,120,Undirected,
65,121,Undirected,
65,124,Undirected,
65,125,Undirected,
65,129,Undirected,
65,130,Undirected,
65,131,Undirected,
65,132,Undirected,
65,139,Undirected,
65,150,Undirected,
65,151,Undirected,
65,154,Undirected,
65,160,Undirected,
66,24,Undirected,
66,31,Undirected,
66,41,Undirected,
66,47,Undirected,
66,48,Undirected,
66,55,Undirected,
66,67,Undirected,
66,73,Undirected,
66,74,Undirected,
66,94,Undirected,
66,128,Undirected,
66,140,Undirected,
66,145,Undirected,
66,146,Undirected,
66,149,Undirected,
66,152,Undirected,
67,15,Undirected,
67,16,Undirected,
67,20,Undirected,
67,24,Undirected,
67,31,Undirected,
67,38,Undirected,
67,41,Undirected,
67,45,Undirected,
67,47,Undirected,
67,48,Undirected,
67,49,Undirected,
67,51,Undirected,
67,52,Undirected,
67,53,Undirected,
67,54,Undirected,
67,55,Undirected,
67,56,Undirected,
67,58,Undirected,
67,59,Undirected,
67,60,Undirected,
67,61,Undirected,
67,64,Undirected,
67,70,Undirected,
67,71,Undirected,
67,72,Undirected,
67,73,Undirected,
67,74,Undirected,
67,75,Undirected,
67,76,Undirected,
67,80,Undirected,
67,82,Undirected,
67,83,Undirected,
67,84,Undirected,
67,85,Undirected,
67,86,Undirected,
67,88,Undirected,
67,89,Undirected,
67,91,Undirected,
67,94,Undirected,
67,95,Undirected,
67,100,Undirected,
67,101,Undirected,
67,102,Undirected,
67,106,Undirected,
67,107,Undirected,
67,110,Undirected,
67,120,Undirected,
67,122,Undirected,
67,124,Undirected,
67,128,Undirected,
67,129,Undirected,
67,130,Undirected,
67,131,Undirected,
67,132,Undirected,
67,135,Undirected,
67,136,Undirected,
67,137,Undirected,
67,139,Undirected,
67,140,Undirected,
67,141,Undirected,
67,142,Undirected,
67,145,Undirected,
67,146,Undirected,
67,147,Undirected,
67,149,Undirected,
67,152,Undirected,
67,163,Undirected,
69,144,Undirected,
70,14,Undirected,
70,24,Undirected,
70,38,Undirected,
70,56,Undirected,
70,59,Undirected,
70,60,Undirected,
70,61,Undirected,
70,78,Undirected,
70,79,Undirected,
70,80,Undirected,
70,86,Undirected,
70,89,Undirected,
70,90,Undirected,
70,91,Undirected,
70,107,Undirected,
70,109,Undirected,
70,110,Undirected,
70,114,Undirected,
70,120,Undirected,
70,121,Undirected,
70,122,Undirected,
70,131,Undirected,
70,137,Undirected,
70,140,Undirected,
70,141,Undirected,
70,142,Undirected,
70,157,Undirected,
71,24,Undirected,
71,35,Undirected,
71,51,Undirected,
71,52,Undirected,
71,55,Undirected,
71,56,Undirected,
71,60,Undirected,
71,61,Undirected,
71,64,Undirected,
71,70,Undirected,
71,72,Undirected,
71,74,Undirected,
71,75,Undirected,
71,76,Undirected,
71,80,Undirected,
71,82,Undirected,
71,83,Undirected,
71,84,Undirected,
71,85,Undirected,
71,91,Undirected,
71,92,Undirected,
71,94,Undirected,
71,95,Undirected,
71,101,Undirected,
71,102,Undirected,
71,103,Undirected,
71,110,Undirected,
71,114,Undirected,
71,119,Undirected,
71,120,Undirected,
71,121,Undirected,
71,122,Undirected,
71,124,Undirected,
71,125,Undirected,
71,128,Undirected,
71,129,Undirected,
71,130,Undirected,
71,131,Undirected,
71,132,Undirected,
71,139,Undirected,
71,140,Undirected,
71,141,Undirected,
71,142,Undirected,
71,146,Undirected,
73,74,Undirected,
73,145,Undirected,
73,163,Undirected,
74,11,Undirected,
74,24,Undirected,
74,38,Undirected,
74,48,Undirected,
74,49,Undirected,
74,51,Undirected,
74,55,Undirected,
74,56,Undirected,
74,58,Undirected,
74,60,Undirected,
74,64,Undirected,
74,72,Undirected,
74,75,Undirected,
74,76,Undirected,
74,80,Undirected,
74,83,Undirected,
74,84,Undirected,
74,94,Undirected,
74,98,Undirected,
74,106,Undirected,
74,107,Undirected,
74,120,Undirected,
74,122,Undirected,
74,124,Undirected,
74,126,Undirected,
74,128,Undirected,
74,129,Undirected,
74,130,Undirected,
74,131,Undirected,
74,132,Undirected,
74,134,Undirected,
74,135,Undirected,
74,136,Undirected,
74,137,Undirected,
74,139,Undirected,
74,140,Undirected,
74,141,Undirected,
74,142,Undirected,
74,145,Undirected,
74,146,Undirected,
74,152,Undirected,
74,156,Undirected,
74,163,Undirected,
75,3,Undirected,
75,7,Undirected,
75,9,Undirected,
75,10,Undirected,
75,11,Undirected,
75,12,Undirected,
75,13,Undirected,
75,18,Undirected,
75,21,Undirected,
75,24,Undirected,
75,26,Undirected,
75,27,Undirected,
75,33,Undirected,
75,35,Undirected,
75,38,Undirected,
75,41,Undirected,
75,42,Undirected,
75,44,Undirected,
75,45,Undirected,
75,49,Undirected,
75,51,Undirected,
75,52,Undirected,
75,55,Undirected,
75,56,Undirected,
75,59,Undirected,
75,60,Undirected,
75,61,Undirected,
75,62,Undirected,
75,66,Undirected,
75,69,Undirected,
75,70,Undirected,
75,72,Undirected,
75,73,Undirected,
75,76,Undirected,
75,79,Undirected,
75,80,Undirected,
75,82,Undirected,
75,83,Undirected,
75,84,Undirected,
75,86,Undirected,
75,90,Undirected,
75,91,Undirected,
75,94,Undirected,
75,95,Undirected,
75,98,Undirected,
75,101,Undirected,
75,102,Undirected,
75,103,Undirected,
75,105,Undirected,
75,107,Undirected,
75,109,Undirected,
75,110,Undirected,
75,114,Undirected,
75,116,Undirected,
75,119,Undirected,
75,120,Undirected,
75,121,Undirected,
75,122,Undirected,
75,124,Undirected,
75,125,Undirected,
75,126,Undirected,
75,128,Undirected,
75,129,Undirected,
75,130,Undirected,
75,131,Undirected,
75,132,Undirected,
75,134,Undirected,
75,135,Undirected,
75,136,Undirected,
75,137,Undirected,
75,139,Undirected,
75,140,Undirected,
75,141,Undirected,
75,142,Undirected,
75,145,Undirected,
75,146,Undirected,
75,152,Undirected,
75,156,Undirected,
75,160,Undirected,
75,163,Undirected,
79,42,Undirected,
79,69,Undirected,
79,84,Undirected,
79,107,Undirected,
79,114,Undirected,
79,121,Undirected,
79,127,Undirected,
79,137,Undirected,
79,141,Undirected,
80,55,Undirected,
80,56,Undirected,
80,78,Undirected,
80,86,Undirected,
80,91,Undirected,
80,94,Undirected,
80,107,Undirected,
80,120,Undirected,
80,122,Undirected,
80,124,Undirected,
80,129,Undirected,
80,131,Undirected,
80,137,Undirected,
80,141,Undirected,
80,142,Undirected,
81,77,Undirected,
81,78,Undirected,
81,86,Undirected,
81,149,Undirected,
83,10,Undirected,
83,11,Undirected,
83,13,Undirected,
83,17,Undirected,
83,18,Undirected,
83,21,Undirected,
83,24,Undirected,
83,31,Undirected,
83,33,Undirected,
83,36,Undirected,
83,51,Undirected,
83,52,Undirected,
83,55,Undirected,
83,56,Undirected,
83,61,Undirected,
83,64,Undirected,
83,68,Undirected,
83,69,Undirected,
83,70,Undirected,
83,72,Undirected,
83,73,Undirected,
83,76,Undirected,
83,78,Undirected,
83,79,Undirected,
83,80,Undirected,
83,82,Undirected,
83,84,Undirected,
83,85,Undirected,
83,86,Undirected,
83,91,Undirected,
83,92,Undirected,
83,93,Undirected,
83,94,Undirected,
83,95,Undirected,
83,96,Undirected,
83,101,Undirected,
83,102,Undirected,
83,103,Undirected,
83,107,Undirected,
83,109,Undirected,
83,110,Undirected,
83,111,Undirected,
83,114,Undirected,
83,119,Undirected,
83,120,Undirected,
83,121,Undirected,
83,122,Undirected,
83,124,Undirected,
83,125,Undirected,
83,126,Undirected,
83,127,Undirected,
83,129,Undirected,
83,130,Undirected,
83,131,Undirected,
83,132,Undirected,
83,135,Undirected,
83,136,Undirected,
83,139,Undirected,
83,141,Undirected,
83,142,Undirected,
83,146,Undirected,
83,152,Undirected,
83,154,Undirected,
83,160,Undirected,
83,163,Undirected,
84,10,Undirected,
84,11,Undirected,
84,12,Undirected,
84,13,Undirected,
84,24,Undirected,
84,27,Undirected,
84,29,Undirected,
84,33,Undirected,
84,35,Undirected,
84,38,Undirected,
84,42,Undirected,
84,44,Undirected,
84,51,Undirected,
84,53,Undirected,
84,54,Undirected,
84,55,Undirected,
84,56,Undirected,
84,59,Undirected,
84,60,Undirected,
84,61,Undirected,
84,64,Undirected,
84,68,Undirected,
84,69,Undirected,
84,70,Undirected,
84,72,Undirected,
84,76,Undirected,
84,80,Undirected,
84,82,Undirected,
84,86,Undirected,
84,91,Undirected,
84,94,Undirected,
84,95,Undirected,
84,96,Undirected,
84,99,Undirected,
84,101,Undirected,
84,102,Undirected,
84,103,Undirected,
84,107,Undirected,
84,109,Undirected,
84,110,Undirected,
84,111,Undirected,
84,114,Undirected,
84,119,Undirected,
84,120,Undirected,
84,121,Undirected,
84,122,Undirected,
84,124,Undirected,
84,125,Undirected,
84,126,Undirected,
84,129,Undirected,
84,130,Undirected,
84,131,Undirected,
84,132,Undirected,
84,134,Undirected,
84,135,Undirected,
84,137,Undirected,
84,139,Undirected,
84,141,Undirected,
84,142,Undirected,
84,146,Undirected,
84,147,Undirected,
84,151,Undirected,
84,152,Undirected,
84,156,Undirected,
84,160,Undirected,
85,27,Undirected,
85,92,Undirected,
85,101,Undirected,
85,120,Undirected,
85,122,Undirected,
85,130,Undirected,
85,132,Undirected,
85,161,Undirected,
89,2,Undirected,
89,9,Undirected,
89,11,Undirected,
89,13,Undirected,
89,14,Undirected,
89,21,Undirected,
89,24,Undirected,
89,25,Undirected,
89,33,Undirected,
89,39,Undirected,
89,47,Undirected,
89,55,Undirected,
89,59,Undirected,
89,61,Undirected,
89,78,Undirected,
89,80,Undirected,
89,86,Undirected,
89,88,Undirected,
89,90,Undirected,
89,91,Undirected,
89,94,Undirected,
89,100,Undirected,
89,101,Undirected,
89,102,Undirected,
89,108,Undirected,
89,134,Undirected,
89,138,Undirected,
89,140,Undirected,
89,142,Undirected,
89,143,Undirected,
89,148,Undirected,
89,150,Undirected,
89,156,Undirected,
89,157,Undirected,
90,9,Undirected,
90,10,Undirected,
90,12,Undirected,
90,14,Undirected,
90,19,Undirected,
90,20,Undirected,
90,24,Undirected,
90,27,Undirected,
90,37,Undirected,
90,38,Undirected,
90,39,Undirected,
90,52,Undirected,
90,55,Undirected,
90,57,Undirected,
90,58,Undirected,
90,59,Undirected,
90,60,Undirected,
90,61,Undirected,
90,62,Undirected,
90,71,Undirected,
90,78,Undirected,
90,79,Undirected,
90,80,Undirected,
90,81,Undirected,
90,86,Undirected,
90,87,Undirected,
90,91,Undirected,
90,94,Undirected,
90,101,Undirected,
90,102,Undirected,
90,104,Undirected,
90,106,Undirected,
90,107,Undirected,
90,109,Undirected,
90,110,Undirected,
90,112,Undirected,
90,113,Undirected,
90,114,Undirected,
90,115,Undirected,
90,120,Undirected,
90,121,Undirected,
90,122,Undirected,
90,124,Undirected,
90,127,Undirected,
90,129,Undirected,
90,131,Undirected,
90,134,Undirected,
90,135,Undirected,
90,137,Undirected,
90,138,Undirected,
90,140,Undirected,
90,141,Undirected,
90,142,Undirected,
90,143,Undirected,
90,148,Undirected,
90,150,Undirected,
90,156,Undirected,
90,157,Undirected,
90,158,Undirected,
90,164,Undirected,
91,2,Undirected,
91,8,Undirected,
91,9,Undirected,
91,10,Undirected,
91,12,Undirected,
91,14,Undirected,
91,16,Undirected,
91,18,Undirected,
91,19,Undirected,
91,20,Undirected,
91,23,Undirected,
91,24,Undirected,
91,25,Undirected,
91,26,Undirected,
91,27,Undirected,
91,34,Undirected,
91,37,Undirected,
91,38,Undirected,
91,39,Undirected,
91,44,Undirected,
91,49,Undirected,
91,51,Undirected,
91,52,Undirected,
91,53,Undirected,
91,54,Undirected,
91,55,Undirected,
91,56,Undirected,
91,59,Undirected,
91,60,Undirected,
91,61,Undirected,
91,64,Undirected,
91,65,Undirected,
91,66,Undirected,
91,69,Undirected,
91,72,Undirected,
91,73,Undirected,
91,74,Undirected,
91,78,Undirected,
91,79,Undirected,
91,81,Undirected,
91,82,Undirected,
91,85,Undirected,
91,86,Undirected,
91,94,Undirected,
91,95,Undirected,
91,96,Undirected,
91,100,Undirected,
91,101,Undirected,
91,102,Undirected,
91,103,Undirected,
91,104,Undirected,
91,107,Undirected,
91,109,Undirected,
91,110,Undirected,
91,112,Undirected,
91,114,Undirected,
91,116,Undirected,
91,119,Undirected,
91,120,Undirected,
91,121,Undirected,
91,122,Undirected,
91,124,Undirected,
91,125,Undirected,
91,126,Undirected,
91,127,Undirected,
91,128,Undirected,
91,129,Undirected,
91,130,Undirected,
91,131,Undirected,
91,132,Undirected,
91,134,Undirected,
91,137,Undirected,
91,138,Undirected,
91,139,Undirected,
91,140,Undirected,
91,141,Undirected,
91,142,Undirected,
91,143,Undirected,
91,148,Undirected,
91,150,Undirected,
91,152,Undirected,
91,157,Undirected,
91,158,Undirected,
91,163,Undirected,
91,164,Undirected,
92,6,Undirected,
92,31,Undirected,
92,35,Undirected,
92,39,Undirected,
92,72,Undirected,
92,82,Undirected,
92,93,Undirected,
92,94,Undirected,
92,95,Undirected,
92,96,Undirected,
92,97,Undirected,
92,98,Undirected,
92,99,Undirected,
92,101,Undirected,
92,102,Undirected,
92,103,Undirected,
92,104,Undirected,
92,105,Undirected,
92,111,Undirected,
92,112,Undirected,
92,113,Undirected,
92,115,Undirected,
92,119,Undirected,
92,120,Undirected,
92,125,Undirected,
92,128,Undirected,
92,129,Undirected,
92,130,Undirected,
92,132,Undirected,
92,154,Undirected,
93,22,Undirected,
93,35,Undirected,
93,68,Undirected,
93,82,Undirected,
93,95,Undirected,
93,96,Undirected,
93,97,Undirected,
93,98,Undirected,
93,99,Undirected,
93,103,Undirected,
93,104,Undirected,
93,105,Undirected,
93,111,Undirected,
93,112,Undirected,
93,113,Undirected,
93,119,Undirected,
93,125,Undirected,
93,130,Undirected,
93,132,Undirected,
93,150,Undirected,
93,154,Undirected,
94,24,Undirected,
94,27,Undirected,
94,31,Undirected,
94,51,Undirected,
94,54,Undirected,
94,55,Undirected,
94,60,Undirected,
94,61,Undirected,
94,70,Undirected,
94,72,Undirected,
94,82,Undirected,
94,85,Undirected,
94,86,Undirected,
94,95,Undirected,
94,101,Undirected,
94,102,Undirected,
94,103,Undirected,
94,107,Undirected,
94,110,Undirected,
94,119,Undirected,
94,120,Undirected,
94,121,Undirected,
94,122,Undirected,
94,124,Undirected,
94,125,Undirected,
94,128,Undirected,
94,129,Undirected,
94,130,Undirected,
94,131,Undirected,
94,132,Undirected,
94,137,Undirected,
94,140,Undirected,
94,141,Undirected,
94,142,Undirected,
94,146,Undirected,
95,55,Undirected,
95,56,Undirected,
95,72,Undirected,
95,82,Undirected,
95,96,Undirected,
95,99,Undirected,
95,101,Undirected,
95,102,Undirected,
95,103,Undirected,
95,111,Undirected,
95,112,Undirected,
95,113,Undirected,
95,119,Undirected,
95,120,Undirected,
95,125,Undirected,
95,129,Undirected,
95,130,Undirected,
95,132,Undirected,
96,12,Undirected,
96,22,Undirected,
96,97,Undirected,
96,99,Undirected,
96,103,Undirected,
96,125,Undirected,
96,159,Undirected,
97,7,Undirected,
97,12,Undirected,
97,22,Undirected,
97,41,Undirected,
97,47,Undirected,
97,58,Undirected,
97,68,Undirected,
97,73,Undirected,
97,77,Undirected,
97,82,Undirected,
97,99,Undirected,
97,102,Undirected,
97,103,Undirected,
97,105,Undirected,
97,106,Undirected,
97,112,Undirected,
97,119,Undirected,
97,125,Undirected,
97,145,Undirected,
97,150,Undirected,
97,151,Undirected,
97,154,Undirected,
97,158,Undirected,
97,159,Undirected,
99,68,Undirected,
99,103,Undirected,
99,112,Undirected,
99,125,Undirected,
99,150,Undirected,
99,151,Undirected,
99,157,Undirected,
100,6,Undirected,
100,53,Undirected,
100,54,Undirected,
100,144,Undirected,
100,149,Undirected,
102,1,Undirected,
102,5,Undirected,
102,6,Undirected,
102,8,Undirected,
102,10,Undirected,
102,12,Undirected,
102,14,Undirected,
102,24,Undirected,
102,27,Undirected,
102,31,Undirected,
102,45,Undirected,
102,53,Undirected,
102,54,Undirected,
102,55,Undirected,
102,56,Undirected,
102,60,Undirected,
102,68,Undirected,
102,70,Undirected,
102,76,Undirected,
102,78,Undirected,
102,79,Undirected,
102,80,Undirected,
102,82,Undirected,
102,85,Undirected,
102,86,Undirected,
102,93,Undirected,
102,96,Undirected,
102,99,Undirected,
102,100,Undirected,
102,101,Undirected,
102,103,Undirected,
102,107,Undirected,
102,109,Undirected,
102,110,Undirected,
102,114,Undirected,
102,119,Undirected,
102,120,Undirected,
102,121,Undirected,
102,122,Undirected,
102,124,Undirected,
102,125,Undirected,
102,129,Undirected,
102,130,Undirected,
102,131,Undirected,
102,132,Undirected,
102,137,Undirected,
102,140,Undirected,
102,141,Undirected,
102,142,Undirected,
102,147,Undirected,
102,154,Undirected,
102,158,Undirected,
102,162,Undirected,
103,10,Undirected,
103,11,Undirected,
103,12,Undirected,
103,13,Undirected,
103,16,Undirected,
103,21,Undirected,
103,22,Undirected,
103,27,Undirected,
103,31,Undirected,
103,33,Undirected,
103,35,Undirected,
103,39,Undirected,
103,42,Undirected,
103,47,Undirected,
103,51,Undirected,
103,53,Undirected,
103,55,Undirected,
103,56,Undirected,
103,61,Undirected,
103,64,Undirected,
103,68,Undirected,
103,72,Undirected,
103,76,Undirected,
103,79,Undirected,
103,80,Undirected,
103,82,Undirected,
103,101,Undirected,
103,110,Undirected,
103,111,Undirected,
103,112,Undirected,
103,114,Undirected,
103,119,Undirected,
103,120,Undirected,
103,121,Undirected,
103,122,Undirected,
103,124,Undirected,
103,125,Undirected,
103,126,Undirected,
103,129,Undirected,
103,130,Undirected,
103,131,Undirected,
103,132,Undirected,
103,134,Undirected,
103,137,Undirected,
103,139,Undirected,
103,141,Undirected,
103,147,Undirected,
103,150,Undirected,
103,151,Undirected,
103,154,Undirected,
103,155,Undirected,
103,160,Undirected,
104,2,Undirected,
104,37,Undirected,
104,57,Undirected,
104,72,Undirected,
104,109,Undirected,
104,111,Undirected,
104,112,Undirected,
104,113,Undirected,
104,115,Undirected,
104,134,Undirected,
104,136,Undirected,
104,143,Undirected,
104,156,Undirected,
105,25,Undirected,
105,41,Undirected,
105,49,Undirected,
105,96,Undirected,
105,98,Undirected,
105,113,Undirected,
105,152,Undirected,
105,158,Undirected,
105,162,Undirected,
107,1,Undirected,
107,2,Undirected,
107,7,Undirected,
107,10,Undirected,
107,12,Undirected,
107,14,Undirected,
107,20,Undirected,
107,24,Undirected,
107,26,Undirected,
107,27,Undirected,
107,34,Undirected,
107,37,Undirected,
107,39,Undirected,
107,41,Undirected,
107,42,Undirected,
107,49,Undirected,
107,51,Undirected,
107,52,Undirected,
107,55,Undirected,
107,56,Undirected,
107,59,Undirected,
107,60,Undirected,
107,61,Undirected,
107,62,Undirected,
107,64,Undirected,
107,69,Undirected,
107,71,Undirected,
107,73,Undirected,
107,78,Undirected,
107,81,Undirected,
107,82,Undirected,
107,86,Undirected,
107,89,Undirected,
107,98,Undirected,
107,101,Undirected,
107,103,Undirected,
107,105,Undirected,
107,109,Undirected,
107,110,Undirected,
107,113,Undirected,
107,114,Undirected,
107,116,Undirected,
107,119,Undirected,
107,120,Undirected,
107,121,Undirected,
107,122,Undirected,
107,124,Undirected,
107,126,Undirected,
107,127,Undirected,
107,129,Undirected,
107,130,Undirected,
107,131,Undirected,
107,132,Undirected,
107,137,Undirected,
107,140,Undirected,
107,141,Undirected,
107,142,Undirected,
107,144,Undirected,
107,152,Undirected,
107,153,Undirected,
107,157,Undirected,
108,25,Undirected,
108,78,Undirected,
108,133,Undirected,
108,164,Undirected,
109,2,Undirected,
109,8,Undirected,
109,10,Undirected,
109,12,Undirected,
109,14,Undirected,
109,16,Undirected,
109,18,Undirected,
109,19,Undirected,
109,20,Undirected,
109,24,Undirected,
109,27,Undirected,
109,37,Undirected,
109,38,Undirected,
109,43,Undirected,
109,44,Undirected,
109,48,Undirected,
109,49,Undirected,
109,50,Undirected,
109,52,Undirected,
109,53,Undirected,
109,54,Undirected,
109,55,Undirected,
109,56,Undirected,
109,57,Undirected,
109,58,Undirected,
109,59,Undirected,
109,60,Undirected,
109,61,Undirected,
109,62,Undirected,
109,64,Undirected,
109,65,Undirected,
109,68,Undirected,
109,69,Undirected,
109,71,Undirected,
109,77,Undirected,
109,78,Undirected,
109,79,Undirected,
109,80,Undirected,
109,81,Undirected,
109,82,Undirected,
109,86,Undirected,
109,87,Undirected,
109,89,Undirected,
109,94,Undirected,
109,96,Undirected,
109,97,Undirected,
109,101,Undirected,
109,103,Undirected,
109,106,Undirected,
109,110,Undirected,
109,113,Undirected,
109,114,Undirected,
109,115,Undirected,
109,116,Undirected,
109,119,Undirected,
109,120,Undirected,
109,121,Undirected,
109,122,Undirected,
109,124,Undirected,
109,126,Undirected,
109,127,Undirected,
109,129,Undirected,
109,131,Undirected,
109,132,Undirected,
109,134,Undirected,
109,136,Undirected,
109,137,Undirected,
109,140,Undirected,
109,141,Undirected,
109,142,Undirected,
109,143,Undirected,
109,156,Undirected,
109,158,Undirected,
109,164,Undirected,
110,1,Undirected,
110,2,Undirected,
110,5,Undirected,
110,6,Undirected,
110,7,Undirected,
110,8,Undirected,
110,9,Undirected,
110,10,Undirected,
110,11,Undirected,
110,12,Undirected,
110,13,Undirected,
110,14,Undirected,
110,17,Undirected,
110,19,Undirected,
110,20,Undirected,
110,21,Undirected,
110,22,Undirected,
110,23,Undirected,
110,24,Undirected,
110,25,Undirected,
110,26,Undirected,
110,27,Undirected,
110,31,Undirected,
110,33,Undirected,
110,34,Undirected,
110,35,Undirected,
110,36,Undirected,
110,37,Undirected,
110,38,Undirected,
110,39,Undirected,
110,40,Undirected,
110,42,Undirected,
110,45,Undirected,
110,47,Undirected,
110,48,Undirected,
110,49,Undirected,
110,51,Undirected,
110,53,Undirected,
110,54,Undirected,
110,55,Undirected,
110,56,Undirected,
110,58,Undirected,
110,60,Undirected,
110,62,Undirected,
110,64,Undirected,
110,66,Undirected,
110,68,Undirected,
110,69,Undirected,
110,72,Undirected,
110,73,Undirected,
110,74,Undirected,
110,76,Undirected,
110,77,Undirected,
110,78,Undirected,
110,79,Undirected,
110,80,Undirected,
110,81,Undirected,
110,82,Undirected,
110,85,Undirected,
110,86,Undirected,
110,87,Undirected,
110,89,Undirected,
110,92,Undirected,
110,93,Undirected,
110,95,Undirected,
110,96,Undirected,
110,97,Undirected,
110,98,Undirected,
110,99,Undirected,
110,100,Undirected,
110,101,Undirected,
110,104,Undirected,
110,105,Undirected,
110,106,Undirected,
110,108,Undirected,
110,111,Undirected,
110,112,Undirected,
110,113,Undirected,
110,114,Undirected,
110,115,Undirected,
110,116,Undirected,
110,119,Undirected,
110,120,Undirected,
110,121,Undirected,
110,122,Undirected,
110,124,Undirected,
110,125,Undirected,
110,126,Undirected,
110,127,Undirected,
110,128,Undirected,
110,129,Undirected,
110,130,Undirected,
110,131,Undirected,
110,132,Undirected,
110,134,Undirected,
110,135,Undirected,
110,136,Undirected,
110,137,Undirected,
110,138,Undirected,
110,139,Undirected,
110,140,Undirected,
110,141,Undirected,
110,142,Undirected,
110,143,Undirected,
110,144,Undirected,
110,146,Undirected,
110,147,Undirected,
110,148,Undirected,
110,149,Undirected,
110,150,Undirected,
110,151,Undirected,
110,152,Undirected,
110,153,Undirected,
110,154,Undirected,
110,155,Undirected,
110,156,Undirected,
110,158,Undirected,
110,159,Undirected,
110,160,Undirected,
110,161,Undirected,
110,162,Undirected,
110,164,Undirected,
111,3,Undirected,
111,4,Undirected,
111,11,Undirected,
111,13,Undirected,
111,18,Undirected,
111,19,Undirected,
111,21,Undirected,
111,22,Undirected,
111,27,Undirected,
111,28,Undirected,
111,31,Undirected,
111,33,Undirected,
111,36,Undirected,
111,37,Undirected,
111,39,Undirected,
111,43,Undirected,
111,44,Undirected,
111,47,Undirected,
111,51,Undirected,
111,52,Undirected,
111,56,Undirected,
111,57,Undirected,
111,62,Undirected,
111,65,Undirected,
111,68,Undirected,
111,71,Undirected,
111,72,Undirected,
111,76,Undirected,
111,80,Undirected,
111,82,Undirected,
111,85,Undirected,
111,87,Undirected,
111,88,Undirected,
111,94,Undirected,
111,96,Undirected,
111,97,Undirected,
111,99,Undirected,
111,101,Undirected,
111,102,Undirected,
111,105,Undirected,
111,108,Undirected,
111,112,Undirected,
111,113,Undirected,
111,115,Undirected,
111,119,Undirected,
111,120,Undirected,
111,121,Undirected,
111,122,Undirected,
111,124,Undirected,
111,125,Undirected,
111,128,Undirected,
111,129,Undirected,
111,130,Undirected,
111,132,Undirected,
111,133,Undirected,
111,134,Undirected,
111,135,Undirected,
111,136,Undirected,
111,139,Undirected,
111,143,Undirected,
111,146,Undirected,
111,150,Undirected,
111,151,Undirected,
111,153,Undirected,
111,154,Undirected,
111,155,Undirected,
111,156,Undirected,
111,158,Undirected,
111,160,Undirected,
111,163,Undirected,
111,164,Undirected,
112,13,Undirected,
112,19,Undirected,
112,21,Undirected,
112,22,Undirected,
112,26,Undirected,
112,29,Undirected,
112,33,Undirected,
112,35,Undirected,
112,37,Undirected,
112,45,Undirected,
112,47,Undirected,
112,65,Undirected,
112,68,Undirected,
112,76,Undirected,
112,82,Undirected,
112,96,Undirected,
112,105,Undirected,
112,113,Undirected,
112,119,Undirected,
112,125,Undirected,
112,130,Undirected,
112,132,Undirected,
112,134,Undirected,
112,148,Undirected,
112,150,Undirected,
112,151,Undirected,
112,153,Undirected,
112,154,Undirected,
112,155,Undirected,
112,157,Undirected,
112,160,Undirected,
114,121,Undirected,
114,131,Undirected,
115,116,Undirected,
119,1,Undirected,
119,5,Undirected,
119,6,Undirected,
119,8,Undirected,
119,9,Undirected,
119,10,Undirected,
119,11,Undirected,
119,12,Undirected,
119,13,Undirected,
119,14,Undirected,
119,19,Undirected,
119,20,Undirected,
119,21,Undirected,
119,22,Undirected,
119,24,Undirected,
119,29,Undirected,
119,30,Undirected,
119,31,Undirected,
119,32,Undirected,
119,36,Undirected,
119,37,Undirected,
119,38,Undirected,
119,39,Undirected,
119,42,Undirected,
119,44,Undirected,
119,45,Undirected,
119,47,Undirected,
119,48,Undirected,
119,51,Undirected,
119,53,Undirected,
119,54,Undirected,
119,55,Undirected,
119,56,Undirected,
119,59,Undirected,
119,60,Undirected,
119,61,Undirected,
119,64,Undirected,
119,67,Undirected,
119,68,Undirected,
119,69,Undirected,
119,70,Undirected,
119,72,Undirected,
119,74,Undirected,
119,76,Undirected,
119,78,Undirected,
119,79,Undirected,
119,80,Undirected,
119,82,Undirected,
119,85,Undirected,
119,86,Undirected,
119,88,Undirected,
119,90,Undirected,
119,96,Undirected,
119,99,Undirected,
119,101,Undirected,
119,105,Undirected,
119,113,Undirected,
119,114,Undirected,
119,116,Undirected,
119,120,Undirected,
119,121,Undirected,
119,122,Undirected,
119,124,Undirected,
119,125,Undirected,
119,126,Undirected,
119,127,Undirected,
119,128,Undirected,
119,129,Undirected,
119,130,Undirected,
119,131,Undirected,
119,132,Undirected,
119,134,Undirected,
119,135,Undirected,
119,136,Undirected,
119,137,Undirected,
119,138,Undirected,
119,139,Undirected,
119,141,Undirected,
119,142,Undirected,
119,146,Undirected,
119,147,Undirected,
119,150,Undirected,
119,151,Undirected,
119,152,Undirected,
119,153,Undirected,
119,154,Undirected,
119,155,Undirected,
119,157,Undirected,
119,158,Undirected,
119,160,Undirected,
119,162,Undirected,
119,163,Undirected,
120,1,Undirected,
120,5,Undirected,
120,6,Undirected,
120,8,Undirected,
120,10,Undirected,
120,11,Undirected,
120,12,Undirected,
120,13,Undirected,
120,14,Undirected,
120,17,Undirected,
120,18,Undirected,
120,21,Undirected,
120,22,Undirected,
120,24,Undirected,
120,25,Undirected,
120,26,Undirected,
120,31,Undirected,
120,33,Undirected,
120,35,Undirected,
120,36,Undirected,
120,38,Undirected,
120,41,Undirected,
120,42,Undirected,
120,43,Undirected,
120,49,Undirected,
120,51,Undirected,
120,53,Undirected,
120,54,Undirected,
120,55,Undirected,
120,56,Undirected,
120,57,Undirected,
120,59,Undirected,
120,60,Undirected,
120,64,Undirected,
120,66,Undirected,
120,68,Undirected,
120,69,Undirected,
120,72,Undirected,
120,73,Undirected,
120,76,Undirected,
120,78,Undirected,
120,79,Undirected,
120,82,Undirected,
120,86,Undirected,
120,89,Undirected,
120,93,Undirected,
120,96,Undirected,
120,97,Undirected,
120,99,Undirected,
120,100,Undirected,
120,101,Undirected,
120,112,Undirected,
120,113,Undirected,
120,114,Undirected,
120,121,Undirected,
120,122,Undirected,
120,124,Undirected,
120,125,Undirected,
120,126,Undirected,
120,127,Undirected,
120,128,Undirected,
120,129,Undirected,
120,130,Undirected,
120,131,Undirected,
120,132,Undirected,
120,135,Undirected,
120,136,Undirected,
120,137,Undirected,
120,139,Undirected,
120,140,Undirected,
120,141,Undirected,
120,142,Undirected,
120,146,Undirected,
120,147,Undirected,
120,149,Undirected,
120,150,Undirected,
120,151,Undirected,
120,152,Undirected,
120,154,Undirected,
120,155,Undirected,
120,158,Undirected,
120,160,Undirected,
120,163,Undirected,
121,2,Undirected,
121,11,Undirected,
121,12,Undirected,
121,13,Undirected,
121,14,Undirected,
121,20,Undirected,
121,21,Undirected,
121,22,Undirected,
121,23,Undirected,
121,24,Undirected,
121,33,Undirected,
121,35,Undirected,
121,38,Undirected,
121,42,Undirected,
121,45,Undirected,
121,47,Undirected,
121,48,Undirected,
121,51,Undirected,
121,52,Undirected,
121,53,Undirected,
121,55,Undirected,
121,56,Undirected,
121,59,Undirected,
121,60,Undirected,
121,61,Undirected,
121,64,Undirected,
121,67,Undirected,
121,68,Undirected,
121,69,Undirected,
121,72,Undirected,
121,74,Undirected,
121,76,Undirected,
121,77,Undirected,
121,78,Undirected,
121,80,Undirected,
121,81,Undirected,
121,82,Undirected,
121,85,Undirected,
121,86,Undirected,
121,87,Undirected,
121,88,Undirected,
121,89,Undirected,
121,92,Undirected,
121,93,Undirected,
121,95,Undirected,
121,96,Undirected,
121,97,Undirected,
121,99,Undirected,
121,101,Undirected,
121,115,Undirected,
121,116,Undirected,
121,122,Undirected,
121,124,Undirected,
121,125,Undirected,
121,126,Undirected,
121,127,Undirected,
121,129,Undirected,
121,130,Undirected,
121,131,Undirected,
121,132,Undirected,
121,137,Undirected,
121,139,Undirected,
121,140,Undirected,
121,141,Undirected,
121,142,Undirected,
121,144,Undirected,
121,145,Undirected,
121,150,Undirected,
121,151,Undirected,
121,152,Undirected,
121,154,Undirected,
121,158,Undirected,
121,159,Undirected,
121,160,Undirected,
121,164,Undirected,
122,1,Undirected,
122,7,Undirected,
122,8,Undirected,
122,10,Undirected,
122,11,Undirected,
122,12,Undirected,
122,13,Undirected,
122,14,Undirected,
122,17,Undirected,
122,18,Undirected,
122,21,Undirected,
122,24,Undirected,
122,26,Undirected,
122,31,Undirected,
122,33,Undirected,
122,35,Undirected,
122,36,Undirected,
122,37,Undirected,
122,38,Undirected,
122,41,Undirected,
122,42,Undirected,
122,43,Undirected,
122,49,Undirected,
122,51,Undirected,
122,52,Undirected,
122,53,Undirected,
122,54,Undirected,
122,55,Undirected,
122,56,Undirected,
122,58,Undirected,
122,59,Undirected,
122,60,Undirected,
122,61,Undirected,
122,64,Undirected,
122,65,Undirected,
122,66,Undirected,
122,68,Undirected,
122,69,Undirected,
122,72,Undirected,
122,73,Undirected,
122,76,Undirected,
122,78,Undirected,
122,79,Undirected,
122,81,Undirected,
122,82,Undirected,
122,86,Undirected,
122,89,Undirected,
122,92,Undirected,
122,95,Undirected,
122,98,Undirected,
122,101,Undirected,
122,106,Undirected,
122,108,Undirected,
122,114,Undirected,
122,116,Undirected,
122,124,Undirected,
122,125,Undirected,
122,126,Undirected,
122,127,Undirected,
122,128,Undirected,
122,129,Undirected,
122,130,Undirected,
122,131,Undirected,
122,132,Undirected,
122,135,Undirected,
122,136,Undirected,
122,137,Undirected,
122,139,Undirected,
122,140,Undirected,
122,141,Undirected,
122,142,Undirected,
122,145,Undirected,
122,146,Undirected,
122,147,Undirected,
122,148,Undirected,
122,152,Undirected,
122,154,Undirected,
122,157,Undirected,
122,158,Undirected,
122,160,Undirected,
122,161,Undirected,
122,163,Undirected,
124,1,Undirected,
124,2,Undirected,
124,5,Undirected,
124,6,Undirected,
124,7,Undirected,
124,8,Undirected,
124,9,Undirected,
124,10,Undirected,
124,11,Undirected,
124,12,Undirected,
124,13,Undirected,
124,14,Undirected,
124,17,Undirected,
124,18,Undirected,
124,19,Undirected,
124,20,Undirected,
124,21,Undirected,
124,23,Undirected,
124,24,Undirected,
124,26,Undirected,
124,27,Undirected,
124,31,Undirected,
124,33,Undirected,
124,34,Undirected,
124,35,Undirected,
124,36,Undirected,
124,37,Undirected,
124,38,Undirected,
124,39,Undirected,
124,40,Undirected,
124,41,Undirected,
124,42,Undirected,
124,44,Undirected,
124,45,Undirected,
124,47,Undirected,
124,48,Undirected,
124,49,Undirected,
124,51,Undirected,
124,53,Undirected,
124,54,Undirected,
124,55,Undirected,
124,56,Undirected,
124,57,Undirected,
124,58,Undirected,
124,59,Undirected,
124,60,Undirected,
124,61,Undirected,
124,62,Undirected,
124,64,Undirected,
124,66,Undirected,
124,68,Undirected,
124,69,Undirected,
124,70,Undirected,
124,72,Undirected,
124,73,Undirected,
124,76,Undirected,
124,77,Undirected,
124,78,Undirected,
124,79,Undirected,
124,81,Undirected,
124,82,Undirected,
124,85,Undirected,
124,86,Undirected,
124,87,Undirected,
124,88,Undirected,
124,89,Undirected,
124,92,Undirected,
124,93,Undirected,
124,95,Undirected,
124,96,Undirected,
124,97,Undirected,
124,98,Undirected,
124,99,Undirected,
124,100,Undirected,
124,101,Undirected,
124,104,Undirected,
124,105,Undirected,
124,106,Undirected,
124,112,Undirected,
124,113,Undirected,
124,114,Undirected,
124,116,Undirected,
124,125,Undirected,
124,126,Undirected,
124,127,Undirected,
124,128,Undirected,
124,129,Undirected,
124,130,Undirected,
124,131,Undirected,
124,132,Undirected,
124,133,Undirected,
124,134,Undirected,
124,135,Undirected,
124,136,Undirected,
124,137,Undirected,
124,139,Undirected,
124,140,Undirected,
124,141,Undirected,
124,142,Undirected,
124,144,Undirected,
124,145,Undirected,
124,146,Undirected,
124,147,Undirected,
124,148,Undirected,
124,149,Undirected,
124,150,Undirected,
124,151,Undirected,
124,152,Undirected,
124,153,Undirected,
124,154,Undirected,
124,155,Undirected,
124,156,Undirected,
124,157,Undirected,
124,158,Undirected,
124,159,Undirected,
124,160,Undirected,
124,161,Undirected,
124,162,Undirected,
124,163,Undirected,
124,164,Undirected,
125,5,Undirected,
125,6,Undirected,
125,7,Undirected,
125,8,Undirected,
125,10,Undirected,
125,11,Undirected,
125,12,Undirected,
125,13,Undirected,
125,16,Undirected,
125,19,Undirected,
125,21,Undirected,
125,22,Undirected,
125,26,Undirected,
125,27,Undirected,
125,28,Undirected,
125,31,Undirected,
125,33,Undirected,
125,35,Undirected,
125,36,Undirected,
125,37,Undirected,
125,39,Undirected,
125,42,Undirected,
125,44,Undirected,
125,47,Undirected,
125,51,Undirected,
125,52,Undirected,
125,53,Undirected,
125,54,Undirected,
125,55,Undirected,
125,56,Undirected,
125,57,Undirected,
125,59,Undirected,
125,61,Undirected,
125,62,Undirected,
125,64,Undirected,
125,67,Undirected,
125,68,Undirected,
125,72,Undirected,
125,74,Undirected,
125,76,Undirected,
125,77,Undirected,
125,79,Undirected,
125,80,Undirected,
125,82,Undirected,
125,85,Undirected,
125,88,Undirected,
125,101,Undirected,
125,104,Undirected,
125,105,Undirected,
125,113,Undirected,
125,114,Undirected,
125,126,Undirected,
125,128,Undirected,
125,129,Undirected,
125,130,Undirected,
125,131,Undirected,
125,132,Undirected,
125,134,Undirected,
125,135,Undirected,
125,136,Undirected,
125,137,Undirected,
125,139,Undirected,
125,141,Undirected,
125,146,Undirected,
125,147,Undirected,
125,148,Undirected,
125,149,Undirected,
125,150,Undirected,
125,151,Undirected,
125,153,Undirected,
125,154,Undirected,
125,155,Undirected,
125,156,Undirected,
125,157,Undirected,
125,158,Undirected,
125,160,Undirected,
125,162,Undirected,
126,3,Undirected,
126,11,Undirected,
126,13,Undirected,
126,21,Undirected,
126,24,Undirected,
126,27,Undirected,
126,33,Undirected,
126,35,Undirected,
126,38,Undirected,
126,49,Undirected,
126,51,Undirected,
126,52,Undirected,
126,61,Undirected,
126,64,Undirected,
126,65,Undirected,
126,69,Undirected,
126,71,Undirected,
126,76,Undirected,
126,79,Undirected,
126,80,Undirected,
126,98,Undirected,
126,105,Undirected,
126,114,Undirected,
126,116,Undirected,
126,127,Undirected,
126,129,Undirected,
126,131,Undirected,
126,135,Undirected,
126,139,Undirected,
126,141,Undirected,
126,142,Undirected,
126,152,Undirected,
128,55,Undirected,
128,72,Undirected,
128,73,Undirected,
128,113,Undirected,
128,115,Undirected,
128,136,Undirected,
128,146,Undirected,
128,163,Undirected,
129,1,Undirected,
129,8,Undirected,
129,10,Undirected,
129,11,Undirected,
129,12,Undirected,
129,13,Undirected,
129,14,Undirected,
129,21,Undirected,
129,22,Undirected,
129,24,Undirected,
129,31,Undirected,
129,33,Undirected,
129,35,Undirected,
129,36,Undirected,
129,38,Undirected,
129,42,Undirected,
129,45,Undirected,
129,51,Undirected,
129,53,Undirected,
129,54,Undirected,
129,55,Undirected,
129,56,Undirected,
129,59,Undirected,
129,60,Undirected,
129,61,Undirected,
129,64,Undirected,
129,68,Undirected,
129,69,Undirected,
129,70,Undirected,
129,72,Undirected,
129,76,Undirected,
129,78,Undirected,
129,79,Undirected,
129,82,Undirected,
129,85,Undirected,
129,86,Undirected,
129,93,Undirected,
129,96,Undirected,
129,97,Undirected,
129,99,Undirected,
129,101,Undirected,
129,112,Undirected,
129,113,Undirected,
129,114,Undirected,
129,127,Undirected,
129,128,Undirected,
129,130,Undirected,
129,131,Undirected,
129,132,Undirected,
129,135,Undirected,
129,136,Undirected,
129,137,Undirected,
129,139,Undirected,
129,140,Undirected,
129,141,Undirected,
129,142,Undirected,
129,146,Undirected,
129,147,Undirected,
129,150,Undirected,
129,151,Undirected,
129,152,Undirected,
129,154,Undirected,
129,155,Undirected,
129,158,Undirected,
129,160,Undirected,
129,163,Undirected,
130,3,Undirected,
130,11,Undirected,
130,13,Undirected,
130,21,Undirected,
130,27,Undirected,
130,31,Undirected,
130,33,Undirected,
130,51,Undirected,
130,52,Undirected,
130,55,Undirected,
130,56,Undirected,
130,61,Undirected,
130,64,Undirected,
130,68,Undirected,
130,72,Undirected,
130,76,Undirected,
130,80,Undirected,
130,82,Undirected,
130,96,Undirected,
130,101,Undirected,
130,113,Undirected,
130,128,Undirected,
130,131,Undirected,
130,132,Undirected,
130,136,Undirected,
130,139,Undirected,
130,146,Undirected,
130,154,Undirected,
130,160,Undirected,
130,163,Undirected,
131,2,Undirected,
131,5,Undirected,
131,8,Undirected,
131,10,Undirected,
131,11,Undirected,
131,12,Undirected,
131,13,Undirected,
131,14,Undirected,
131,18,Undirected,
131,20,Undirected,
131,21,Undirected,
131,22,Undirected,
131,23,Undirected,
131,24,Undirected,
131,25,Undirected,
131,26,Undirected,
131,27,Undirected,
131,31,Undirected,
131,33,Undirected,
131,34,Undirected,
131,35,Undirected,
131,36,Undirected,
131,37,Undirected,
131,38,Undirected,
131,41,Undirected,
131,42,Undirected,
131,49,Undirected,
131,51,Undirected,
131,53,Undirected,
131,54,Undirected,
131,55,Undirected,
131,56,Undirected,
131,59,Undirected,
131,60,Undirected,
131,64,Undirected,
131,66,Undirected,
131,68,Undirected,
131,69,Undirected,
131,72,Undirected,
131,73,Undirected,
131,76,Undirected,
131,77,Undirected,
131,78,Undirected,
131,79,Undirected,
131,81,Undirected,
131,82,Undirected,
131,85,Undirected,
131,86,Undirected,
131,89,Undirected,
131,92,Undirected,
131,95,Undirected,
131,96,Undirected,
131,97,Undirected,
131,98,Undirected,
131,99,Undirected,
131,100,Undirected,
131,101,Undirected,
131,104,Undirected,
131,111,Undirected,
131,115,Undirected,
131,116,Undirected,
131,127,Undirected,
131,128,Undirected,
131,132,Undirected,
131,135,Undirected,
131,137,Undirected,
131,139,Undirected,
131,140,Undirected,
131,141,Undirected,
131,142,Undirected,
131,143,Undirected,
131,146,Undirected,
131,147,Undirected,
131,151,Undirected,
131,152,Undirected,
131,154,Undirected,
131,155,Undirected,
131,157,Undirected,
131,158,Undirected,
131,160,Undirected,
131,161,Undirected,
131,162,Undirected,
131,163,Undirected,
131,164,Undirected,
132,5,Undirected,
132,6,Undirected,
132,8,Undirected,
132,10,Undirected,
132,11,Undirected,
132,13,Undirected,
132,16,Undirected,
132,17,Undirected,
132,19,Undirected,
132,21,Undirected,
132,22,Undirected,
132,24,Undirected,
132,25,Undirected,
132,27,Undirected,
132,29,Undirected,
132,31,Undirected,
132,33,Undirected,
132,36,Undirected,
132,39,Undirected,
132,51,Undirected,
132,52,Undirected,
132,53,Undirected,
132,54,Undirected,
132,55,Undirected,
132,56,Undirected,
132,57,Undirected,
132,58,Undirected,
132,59,Undirected,
132,60,Undirected,
132,61,Undirected,
132,62,Undirected,
132,64,Undirected,
132,66,Undirected,
132,68,Undirected,
132,70,Undirected,
132,72,Undirected,
132,73,Undirected,
132,76,Undirected,
132,78,Undirected,
132,79,Undirected,
132,80,Undirected,
132,82,Undirected,
132,86,Undirected,
132,96,Undirected,
132,97,Undirected,
132,99,Undirected,
132,100,Undirected,
132,101,Undirected,
132,104,Undirected,
132,105,Undirected,
132,113,Undirected,
132,114,Undirected,
132,115,Undirected,
132,126,Undirected,
132,128,Undirected,
132,135,Undirected,
132,136,Undirected,
132,137,Undirected,
132,139,Undirected,
132,140,Undirected,
132,141,Undirected,
132,142,Undirected,
132,146,Undirected,
132,147,Undirected,
132,149,Undirected,
132,150,Undirected,
132,151,Undirected,
132,152,Undirected,
132,153,Undirected,
132,154,Undirected,
132,155,Undirected,
132,158,Undirected,
132,160,Undirected,
132,162,Undirected,
132,163,Undirected,
134,9,Undirected,
134,13,Undirected,
134,14,Undirected,
134,16,Undirected,
134,17,Undirected,
134,18,Undirected,
134,19,Undirected,
134,21,Undirected,
134,23,Undirected,
134,25,Undirected,
134,29,Undirected,
134,30,Undirected,
134,33,Undirected,
134,35,Undirected,
134,37,Undirected,
134,39,Undirected,
134,40,Undirected,
134,41,Undirected,
134,42,Undirected,
134,47,Undirected,
134,49,Undirected,
134,51,Undirected,
134,56,Undirected,
134,57,Undirected,
134,58,Undirected,
134,59,Undirected,
134,64,Undirected,
134,65,Undirected,
134,66,Undirected,
134,67,Undirected,
134,68,Undirected,
134,69,Undirected,
134,70,Undirected,
134,72,Undirected,
134,76,Undirected,
134,77,Undirected,
134,78,Undirected,
134,82,Undirected,
134,83,Undirected,
134,88,Undirected,
134,98,Undirected,
134,99,Undirected,
134,100,Undirected,
134,105,Undirected,
134,106,Undirected,
134,108,Undirected,
134,113,Undirected,
134,126,Undirected,
134,129,Undirected,
134,130,Undirected,
134,132,Undirected,
134,133,Undirected,
134,135,Undirected,
134,136,Undirected,
134,138,Undirected,
134,139,Undirected,
134,143,Undirected,
134,146,Undirected,
134,147,Undirected,
134,148,Undirected,
134,149,Undirected,
134,150,Undirected,
134,151,Undirected,
134,152,Undirected,
134,154,Undirected,
134,155,Undirected,
134,156,Undirected,
134,157,Undirected,
134,158,Undirected,
134,160,Undirected,
134,161,Undirected,
134,164,Undirected,
135,1,Undirected,
135,5,Undirected,
135,7,Undirected,
135,9,Undirected,
135,13,Undirected,
135,14,Undirected,
135,17,Undirected,
135,19,Undirected,
135,20,Undirected,
135,21,Undirected,
135,23,Undirected,
135,25,Undirected,
135,26,Undirected,
135,32,Undirected,
135,33,Undirected,
135,35,Undirected,
135,36,Undirected,
135,42,Undirected,
135,48,Undirected,
135,49,Undirected,
135,51,Undirected,
135,55,Undirected,
135,56,Undirected,
135,57,Undirected,
135,58,Undirected,
135,59,Undirected,
135,65,Undirected,
135,66,Undirected,
135,69,Undirected,
135,72,Undirected,
135,73,Undirected,
135,76,Undirected,
135,77,Undirected,
135,80,Undirected,
135,87,Undirected,
135,89,Undirected,
135,94,Undirected,
135,97,Undirected,
135,98,Undirected,
135,103,Undirected,
135,104,Undirected,
135,105,Undirected,
135,106,Undirected,
135,107,Undirected,
135,113,Undirected,
135,128,Undirected,
135,130,Undirected,
135,133,Undirected,
135,136,Undirected,
135,138,Undirected,
135,139,Undirected,
135,143,Undirected,
135,144,Undirected,
135,145,Undirected,
135,146,Undirected,
135,148,Undirected,
135,149,Undirected,
135,152,Undirected,
135,156,Undirected,
135,158,Undirected,
135,159,Undirected,
135,160,Undirected,
135,162,Undirected,
135,163,Undirected,
135,164,Undirected,
140,55,Undirected,
140,142,Undirected,
141,2,Undirected,
141,10,Undirected,
141,11,Undirected,
141,12,Undirected,
141,13,Undirected,
141,14,Undirected,
141,18,Undirected,
141,20,Undirected,
141,24,Undirected,
141,26,Undirected,
141,27,Undirected,
141,33,Undirected,
141,37,Undirected,
141,39,Undirected,
141,41,Undirected,
141,42,Undirected,
141,49,Undirected,
141,51,Undirected,
141,52,Undirected,
141,53,Undirected,
141,54,Undirected,
141,55,Undirected,
141,56,Undirected,
141,59,Undirected,
141,60,Undirected,
141,61,Undirected,
141,64,Undirected,
141,65,Undirected,
141,66,Undirected,
141,68,Undirected,
141,69,Undirected,
141,73,Undirected,
141,76,Undirected,
141,78,Undirected,
141,81,Undirected,
141,82,Undirected,
141,85,Undirected,
141,86,Undirected,
141,89,Undirected,
141,95,Undirected,
141,98,Undirected,
141,101,Undirected,
141,104,Undirected,
141,105,Undirected,
141,114,Undirected,
141,115,Undirected,
141,116,Undirected,
141,127,Undirected,
141,130,Undirected,
141,137,Undirected,
141,139,Undirected,
141,140,Undirected,
141,142,Undirected,
141,152,Undirected,
141,157,Undirected,
141,158,Undirected,
141,160,Undirected,
141,163,Undirected,
141,164,Undirected,
142,55,Undirected,
142,60,Undirected,
142,61,Undirected,
142,137,Undirected,
143,156,Undirected,
144,5,Undirected,
144,6,Undirected,
144,8,Undirected,
144,53,Undirected,
144,54,Undirected,
144,147,Undirected,
144,149,Undirected,
144,162,Undirected,
145,3,Undirected,
145,7,Undirected,
145,10,Undirected,
145,12,Undirected,
145,17,Undirected,
145,22,Undirected,
145,24,Undirected,
145,31,Undirected,
145,36,Undirected,
145,40,Undirected,
145,41,Undirected,
145,47,Undirected,
145,48,Undirected,
145,49,Undirected,
145,55,Undirected,
145,58,Undirected,
145,77,Undirected,
145,79,Undirected,
145,81,Undirected,
145,87,Undirected,
145,88,Undirected,
145,96,Undirected,
145,98,Undirected,
145,106,Undirected,
145,127,Undirected,
145,128,Undirected,
145,139,Undirected,
145,140,Undirected,
145,142,Undirected,
145,146,Undirected,
145,149,Undirected,
145,152,Undirected,
145,159,Undirected,
145,161,Undirected,
145,163,Undirected,
146,76,Undirected,
147,6,Undirected,
147,8,Undirected,
147,53,Undirected,
147,54,Undirected,
147,68,Undirected,
147,155,Undirected,
148,19,Undirected,
148,78,Undirected,
148,99,Undirected,
148,147,Undirected,
148,151,Undirected,
148,155,Undirected,
148,157,Undirected,
150,9,Undirected,
150,11,Undirected,
150,13,Undirected,
150,19,Undirected,
150,21,Undirected,
150,22,Undirected,
150,33,Undirected,
150,35,Undirected,
150,47,Undirected,
150,68,Undirected,
150,76,Undirected,
150,96,Undirected,
150,104,Undirected,
150,113,Undirected,
150,138,Undirected,
150,148,Undirected,
150,151,Undirected,
150,153,Undirected,
150,154,Undirected,
150,155,Undirected,
150,157,Undirected,
150,160,Undirected,
151,13,Undirected,
151,96,Undirected,
151,157,Undirected,
152,7,Undirected,
152,11,Undirected,
152,13,Undirected,
152,17,Undirected,
152,24,Undirected,
152,33,Undirected,
152,51,Undirected,
152,56,Undirected,
152,58,Undirected,
152,73,Undirected,
152,76,Undirected,
152,80,Undirected,
152,98,Undirected,
152,106,Undirected,
152,136,Undirected,
152,139,Undirected,
152,142,Undirected,
152,146,Undirected,
152,156,Undirected,
152,159,Undirected,
152,163,Undirected,
154,99,Undirected,
154,153,Undirected,
154,160,Undirected,
155,6,Undirected,
155,8,Undirected,
155,31,Undirected,
155,53,Undirected,
155,54,Undirected,
155,68,Undirected,
155,99,Undirected,
155,157,Undirected,
156,1,Undirected,
156,2,Undirected,
156,5,Undirected,
156,9,Undirected,
156,11,Undirected,
156,13,Undirected,
156,16,Undirected,
156,19,Undirected,
156,23,Undirected,
156,25,Undirected,
156,33,Undirected,
156,37,Undirected,
156,40,Undirected,
156,41,Undirected,
156,42,Undirected,
156,45,Undirected,
156,51,Undirected,
156,56,Undirected,
156,57,Undirected,
156,58,Undirected,
156,64,Undirected,
156,69,Undirected,
156,76,Undirected,
156,79,Undirected,
156,98,Undirected,
156,100,Undirected,
156,103,Undirected,
156,105,Undirected,
156,126,Undirected,
156,136,Undirected,
156,138,Undirected,
156,146,Undirected,
156,148,Undirected,
156,158,Undirected,
156,161,Undirected,
156,162,Undirected,
156,164,Undirected,
157,5,Undirected,
157,6,Undirected,
157,9,Undirected,
157,13,Undirected,
157,19,Undirected,
157,21,Undirected,
157,22,Undirected,
157,24,Undirected,
157,25,Undirected,
157,27,Undirected,
157,28,Undirected,
157,33,Undirected,
157,37,Undirected,
157,39,Undirected,
157,44,Undirected,
157,47,Undirected,
157,53,Undirected,
157,65,Undirected,
157,68,Undirected,
157,69,Undirected,
157,73,Undirected,
157,76,Undirected,
157,78,Undirected,
157,80,Undirected,
157,81,Undirected,
157,86,Undirected,
157,88,Undirected,
157,93,Undirected,
157,96,Undirected,
157,97,Undirected,
157,103,Undirected,
157,104,Undirected,
157,108,Undirected,
157,113,Undirected,
157,138,Undirected,
157,140,Undirected,
157,142,Undirected,
157,143,Undirected,
157,144,Undirected,
157,147,Undirected,
157,149,Undirected,
157,153,Undirected,
157,154,Undirected,
157,160,Undirected,
157,161,Undirected,
157,162,Undirected,
157,163,Undirected,
158,1,Undirected,
158,2,Undirected,
158,25,Undirected,
158,27,Undirected,
158,58,Undirected,
158,59,Undirected,
158,61,Undirected,
158,77,Undirected,
158,78,Undirected,
158,82,Undirected,
158,85,Undirected,
158,92,Undirected,
158,93,Undirected,
158,95,Undirected,
158,96,Undirected,
158,98,Undirected,
158,101,Undirected,
158,108,Undirected,
158,114,Undirected,
158,136,Undirected,
158,143,Undirected,
158,153,Undirected,
158,154,Undirected,
158,162,Undirected,
160,9,Undirected,
160,13,Undirected,
160,21,Undirected,
160,76,Undirected,
164,7,Undirected,
164,8,Undirected,
164,12,Undirected,
164,14,Undirected,
164,18,Undirected,
164,38,Undirected,
164,52,Undirected,
164,53,Undirected,
164,57,Undirected,
164,58,Undirected,
164,59,Undirected,
164,73,Undirected,
164,87,Undirected,
164,96,Undirected,
164,104,Undirected,
164,106,Undirected,
164,115,Undirected,
164,136,Undirected,
164,143,Undirected,
164,151,Undirected,
164,159,Undirected,
164,163,Undirected,
