Source,Target,Type,timeset
1,2,Undirected,
1,5,Undirected,
1,6,Undirected,
1,7,Undirected,
1,8,Undirected,
1,9,Undirected,
1,10,Undirected,
1,11,Undirected,
1,19,Undirected,
1,26,Undirected,
1,33,Undirected,
1,35,Undirected,
1,49,Undirected,
1,53,Undirected,
1,60,Undirected,
1,63,Undirected,
1,64,Undirected,
1,74,Undirected,
1,80,Undirected,
1,82,Undirected,
1,86,Undirected,
1,88,Undirected,
1,102,Undirected,
1,104,Undirected,
1,109,Undirected,
1,111,Undirected,
1,112,Undirected,
1,132,Undirected,
1,133,Undirected,
1,138,Undirected,
1,139,Undirected,
1,143,Undirected,
1,147,Undirected,
1,148,Undirected,
1,150,Undirected,
1,152,Undirected,
1,154,Undirected,
1,155,Undirected,
1,157,Undirected,
1,160,Undirected,
1,164,Undirected,
2,5,Undirected,
2,6,Undirected,
2,7,Undirected,
2,8,Undirected,
2,12,Undirected,
2,15,Undirected,
2,16,Undirected,
2,30,Undirected,
2,33,Undirected,
2,46,Undirected,
2,49,Undirected,
2,53,Undirected,
2,54,Undirected,
2,55,Undirected,
2,56,Undirected,
2,62,Undirected,
2,63,Undirected,
2,64,Undirected,
2,66,Undirected,
2,71,Undirected,
2,75,Undirected,
2,80,Undirected,
2,81,Undirected,
2,82,Undirected,
2,83,Undirected,
2,84,Undirected,
2,85,Undirected,
2,86,Undirected,
2,87,Undirected,
2,90,Undirected,
2,91,Undirected,
2,99,Undirected,
2,100,Undirected,
2,101,Undirected,
2,102,Undirected,
2,103,Undirected,
2,113,Undirected,
2,117,Undirected,
2,118,Undirected,
2,133,Undirected,
2,141,Undirected,
2,142,Undirected,
2,144,Undirected,
2,147,Undirected,
2,148,Undirected,
2,150,Undirected,
2,151,Undirected,
2,152,Undirected,
2,155,Undirected,
2,157,Undirected,
3,4,Undirected,
3,7,Undirected,
3,9,Undirected,
3,10,Undirected,
3,11,Undirected,
3,12,Undirected,
3,13,Undirected,
3,16,Undirected,
3,19,Undirected,
3,23,Undirected,
3,25,Undirected,
3,32,Undirected,
3,33,Undirected,
3,37,Undirected,
3,38,Undirected,
3,40,Undirected,
3,42,Undirected,
3,43,Undirected,
3,45,Undirected,
3,46,Undirected,
3,47,Undirected,
3,48,Undirected,
3,55,Undirected,
3,60,Undirected,
3,61,Undirected,
3,63,Undirected,
3,64,Undirected,
3,65,Undirected,
3,67,Undirected,
3,70,Undirected,
3,71,Undirected,
3,72,Undirected,
3,73,Undirected,
3,76,Undirected,
3,77,Undirected,
3,78,Undirected,
3,79,Undirected,
3,80,Undirected,
3,81,Undirected,
3,82,Undirected,
3,83,Undirected,
3,84,Undirected,
3,85,Undirected,
3,88,Undirected,
3,90,Undirected,
3,91,Undirected,
3,94,Undirected,
3,96,Undirected,
3,97,Undirected,
3,98,Undirected,
3,105,Undirected,
3,106,Undirected,
3,108,Undirected,
3,113,Undirected,
3,114,Undirected,
3,115,Undirected,
3,117,Undirected,
3,121,Undirected,
3,122,Undirected,
3,127,Undirected,
3,134,Undirected,
3,137,Undirected,
3,138,Undirected,
3,139,Undirected,
3,140,Undirected,
3,141,Undirected,
3,142,Undirected,
3,143,Undirected,
3,145,Undirected,
3,146,Undirected,
3,149,Undirected,
3,150,Undirected,
3,152,Undirected,
3,156,Undirected,
3,157,Undirected,
3,159,Undirected,
3,160,Undirected,
3,161,Undirected,
3,164,Undirected,
4,5,Undirected,
4,6,Undirected,
4,7,Undirected,
4,10,Undirected,
4,12,Undirected,
4,13,Undirected,
4,16,Undirected,
4,20,Undirected,
4,21,Undirected,
4,23,Undirected,
4,25,Undirected,
4,33,Undirected,
4,37,Undirected,
4,38,Undirected,
4,40,Undirected,
4,43,Undirected,
4,47,Undirected,
4,48,Undirected,
4,50,Undirected,
4,55,Undirected,
4,60,Undirected,
4,61,Undirected,
4,64,Undirected,
4,65,Undirected,
4,66,Undirected,
4,67,Undirected,
4,69,Undirected,
4,70,Undirected,
4,71,Undirected,
4,72,Undirected,
4,73,Undirected,
4,74,Undirected,
4,75,Undirected,
4,76,Undirected,
4,77,Undirected,
4,78,Undirected,
4,79,Undirected,
4,80,Undirected,
4,81,Undirected,
4,83,Undirected,
4,85,Undirected,
4,87,Undirected,
4,96,Undirected,
4,97,Undirected,
4,98,Undirected,
4,99,Undirected,
4,100,Undirected,
4,105,Undirected,
4,108,Undirected,
4,114,Undirected,
4,115,Undirected,
4,116,Undirected,
4,117,Undirected,
4,120,Undirected,
4,121,Undirected,
4,122,Undirected,
4,123,Undirected,
4,124,Undirected,
4,127,Undirected,
4,128,Undirected,
4,129,Undirected,
4,131,Undirected,
4,132,Undirected,
4,134,Undirected,
4,137,Undirected,
4,138,Undirected,
4,139,Undirected,
4,140,Undirected,
4,145,Undirected,
4,146,Undirected,
4,149,Undirected,
4,150,Undirected,
4,152,Undirected,
4,155,Undirected,
4,157,Undirected,
4,159,Undirected,
4,160,Undirected,
4,163,Undirected,
5,6,Undirected,
5,7,Undirected,
5,8,Undirected,
5,12,Undirected,
5,18,Undirected,
5,20,Undirected,
5,24,Undirected,
5,25,Undirected,
5,26,Undirected,
5,32,Undirected,
5,36,Undirected,
5,39,Undirected,
5,40,Undirected,
5,41,Undirected,
5,42,Undirected,
5,43,Undirected,
5,44,Undirected,
5,45,Undirected,
5,50,Undirected,
5,51,Undirected,
5,53,Undirected,
5,57,Undirected,
5,61,Undirected,
5,69,Undirected,
5,87,Undirected,
5,88,Undirected,
5,131,Undirected,
5,136,Undirected,
5,143,Undirected,
5,144,Undirected,
5,147,Undirected,
5,148,Undirected,
5,153,Undirected,
5,155,Undirected,
5,156,Undirected,
5,157,Undirected,
5,161,Undirected,
5,162,Undirected,
5,164,Undirected,
6,7,Undirected,
6,8,Undirected,
6,18,Undirected,
6,23,Undirected,
6,24,Undirected,
6,25,Undirected,
6,26,Undirected,
6,29,Undirected,
6,32,Undirected,
6,43,Undirected,
6,44,Undirected,
6,50,Undirected,
6,51,Undirected,
6,53,Undirected,
6,54,Undirected,
6,56,Undirected,
6,61,Undirected,
6,81,Undirected,
6,87,Undirected,
6,88,Undirected,
6,103,Undirected,
6,106,Undirected,
6,108,Undirected,
6,113,Undirected,
6,114,Undirected,
6,126,Undirected,
6,127,Undirected,
6,135,Undirected,
6,139,Undirected,
6,143,Undirected,
6,144,Undirected,
6,147,Undirected,
6,148,Undirected,
6,155,Undirected,
6,159,Undirected,
6,160,Undirected,
6,161,Undirected,
6,164,Undirected,
7,8,Undirected,
7,9,Undirected,
7,11,Undirected,
7,13,Undirected,
7,14,Undirected,
7,16,Undirected,
7,23,Undirected,
7,26,Undirected,
7,27,Undirected,
7,37,Undirected,
7,38,Undirected,
7,45,Undirected,
7,47,Undirected,
7,49,Undirected,
7,50,Undirected,
7,51,Undirected,
7,53,Undirected,
7,54,Undirected,
7,58,Undirected,
7,59,Undirected,
7,63,Undirected,
7,66,Undirected,
7,73,Undirected,
7,74,Undirected,
7,80,Undirected,
7,81,Undirected,
7,82,Undirected,
7,84,Undirected,
7,86,Undirected,
7,87,Undirected,
7,88,Undirected,
7,99,Undirected,
7,123,Undirected,
7,132,Undirected,
7,133,Undirected,
7,134,Undirected,
7,140,Undirected,
7,143,Undirected,
7,144,Undirected,
7,147,Undirected,
7,149,Undirected,
7,150,Undirected,
7,155,Undirected,
7,157,Undirected,
7,161,Undirected,
8,9,Undirected,
8,11,Undirected,
8,12,Undirected,
8,14,Undirected,
8,15,Undirected,
8,16,Undirected,
8,18,Undirected,
8,20,Undirected,
8,27,Undirected,
8,33,Undirected,
8,47,Undirected,
8,48,Undirected,
8,49,Undirected,
8,50,Undirected,
8,51,Undirected,
8,53,Undirected,
8,54,Undirected,
8,55,Undirected,
8,62,Undirected,
8,63,Undirected,
8,64,Undirected,
8,66,Undirected,
8,67,Undirected,
8,73,Undirected,
8,74,Undirected,
8,75,Undirected,
8,80,Undirected,
8,81,Undirected,
8,82,Undirected,
8,83,Undirected,
8,84,Undirected,
8,86,Undirected,
8,87,Undirected,
8,88,Undirected,
8,99,Undirected,
8,100,Undirected,
8,101,Undirected,
8,102,Undirected,
8,103,Undirected,
8,113,Undirected,
8,114,Undirected,
8,115,Undirected,
8,116,Undirected,
8,117,Undirected,
8,119,Undirected,
8,127,Undirected,
8,128,Undirected,
8,129,Undirected,
8,133,Undirected,
8,140,Undirected,
8,144,Undirected,
8,147,Undirected,
8,155,Undirected,
8,157,Undirected,
8,163,Undirected,
9,10,Undirected,
9,11,Undirected,
9,12,Undirected,
9,14,Undirected,
9,16,Undirected,
9,19,Undirected,
9,30,Undirected,
9,33,Undirected,
9,34,Undirected,
9,35,Undirected,
9,40,Undirected,
9,45,Undirected,
9,46,Undirected,
9,47,Undirected,
9,48,Undirected,
9,53,Undirected,
9,59,Undirected,
9,60,Undirected,
9,61,Undirected,
9,66,Undirected,
9,67,Undirected,
9,70,Undirected,
9,71,Undirected,
9,72,Undirected,
9,73,Undirected,
9,74,Undirected,
9,76,Undirected,
9,77,Undirected,
9,80,Undirected,
9,86,Undirected,
9,90,Undirected,
9,94,Undirected,
9,95,Undirected,
9,97,Undirected,
9,99,Undirected,
9,108,Undirected,
9,110,Undirected,
9,113,Undirected,
9,114,Undirected,
9,115,Undirected,
9,116,Undirected,
9,127,Undirected,
9,139,Undirected,
9,140,Undirected,
9,141,Undirected,
9,142,Undirected,
9,143,Undirected,
9,145,Undirected,
9,146,Undirected,
9,151,Undirected,
9,152,Undirected,
9,156,Undirected,
9,157,Undirected,
9,159,Undirected,
9,160,Undirected,
10,11,Undirected,
10,12,Undirected,
10,13,Undirected,
10,16,Undirected,
10,20,Undirected,
10,22,Undirected,
10,23,Undirected,
10,24,Undirected,
10,25,Undirected,
10,33,Undirected,
10,34,Undirected,
10,35,Undirected,
10,40,Undirected,
10,41,Undirected,
10,42,Undirected,
10,45,Undirected,
10,46,Undirected,
10,60,Undirected,
10,61,Undirected,
10,69,Undirected,
10,70,Undirected,
10,72,Undirected,
10,76,Undirected,
10,78,Undirected,
10,79,Undirected,
10,83,Undirected,
10,94,Undirected,
10,95,Undirected,
10,96,Undirected,
10,97,Undirected,
10,108,Undirected,
10,113,Undirected,
10,115,Undirected,
10,116,Undirected,
10,121,Undirected,
10,133,Undirected,
10,135,Undirected,
10,137,Undirected,
10,139,Undirected,
10,144,Undirected,
10,145,Undirected,
10,146,Undirected,
10,147,Undirected,
10,148,Undirected,
10,152,Undirected,
10,154,Undirected,
10,156,Undirected,
10,158,Undirected,
10,159,Undirected,
10,160,Undirected,
10,161,Undirected,
10,162,Undirected,
11,12,Undirected,
11,15,Undirected,
11,16,Undirected,
11,19,Undirected,
11,30,Undirected,
11,31,Undirected,
11,33,Undirected,
11,34,Undirected,
11,35,Undirected,
11,37,Undirected,
11,40,Undirected,
11,45,Undirected,
11,46,Undirected,
11,47,Undirected,
11,48,Undirected,
11,53,Undirected,
11,60,Undirected,
11,61,Undirected,
11,65,Undirected,
11,66,Undirected,
11,67,Undirected,
11,70,Undirected,
11,71,Undirected,
11,72,Undirected,
11,73,Undirected,
11,74,Undirected,
11,76,Undirected,
11,78,Undirected,
11,83,Undirected,
11,85,Undirected,
11,88,Undirected,
11,94,Undirected,
11,96,Undirected,
11,97,Undirected,
11,108,Undirected,
11,110,Undirected,
11,113,Undirected,
11,114,Undirected,
11,115,Undirected,
11,116,Undirected,
11,124,Undirected,
11,127,Undirected,
11,138,Undirected,
11,139,Undirected,
11,140,Undirected,
11,143,Undirected,
11,146,Undirected,
11,152,Undirected,
11,156,Undirected,
11,157,Undirected,
11,159,Undirected,
11,160,Undirected,
12,13,Undirected,
12,21,Undirected,
12,23,Undirected,
12,33,Undirected,
12,35,Undirected,
12,38,Undirected,
12,40,Undirected,
12,47,Undirected,
12,48,Undirected,
12,51,Undirected,
12,53,Undirected,
12,54,Undirected,
12,55,Undirected,
12,61,Undirected,
12,62,Undirected,
12,63,Undirected,
12,64,Undirected,
12,65,Undirected,
12,66,Undirected,
12,67,Undirected,
12,71,Undirected,
12,72,Undirected,
12,73,Undirected,
12,74,Undirected,
12,75,Undirected,
12,76,Undirected,
12,77,Undirected,
12,78,Undirected,
12,79,Undirected,
12,81,Undirected,
12,86,Undirected,
12,88,Undirected,
12,89,Undirected,
12,97,Undirected,
12,99,Undirected,
12,100,Undirected,
12,101,Undirected,
12,103,Undirected,
12,107,Undirected,
12,108,Undirected,
12,110,Undirected,
12,112,Undirected,
12,113,Undirected,
12,114,Undirected,
12,115,Undirected,
12,116,Undirected,
12,118,Undirected,
12,120,Undirected,
12,122,Undirected,
12,126,Undirected,
12,127,Undirected,
12,129,Undirected,
12,134,Undirected,
12,137,Undirected,
12,139,Undirected,
12,140,Undirected,
12,145,Undirected,
12,146,Undirected,
12,149,Undirected,
12,150,Undirected,
12,152,Undirected,
12,153,Undirected,
12,159,Undirected,
12,160,Undirected,
12,163,Undirected,
12,164,Undirected,
13,14,Undirected,
13,30,Undirected,
13,33,Undirected,
13,34,Undirected,
13,35,Undirected,
13,37,Undirected,
13,38,Undirected,
13,40,Undirected,
13,42,Undirected,
13,50,Undirected,
13,51,Undirected,
13,61,Undirected,
13,62,Undirected,
13,70,Undirected,
13,71,Undirected,
13,72,Undirected,
13,79,Undirected,
13,81,Undirected,
13,83,Undirected,
13,90,Undirected,
13,91,Undirected,
13,94,Undirected,
13,95,Undirected,
13,96,Undirected,
13,97,Undirected,
13,98,Undirected,
13,101,Undirected,
13,102,Undirected,
13,105,Undirected,
13,108,Undirected,
13,117,Undirected,
13,120,Undirected,
13,122,Undirected,
13,138,Undirected,
13,139,Undirected,
13,141,Undirected,
13,145,Undirected,
13,146,Undirected,
13,149,Undirected,
13,150,Undirected,
13,151,Undirected,
13,152,Undirected,
13,154,Undirected,
13,157,Undirected,
13,159,Undirected,
13,160,Undirected,
13,161,Undirected,
13,164,Undirected,
14,16,Undirected,
14,18,Undirected,
14,29,Undirected,
14,30,Undirected,
14,31,Undirected,
14,33,Undirected,
14,34,Undirected,
14,35,Undirected,
14,36,Undirected,
14,37,Undirected,
14,45,Undirected,
14,48,Undirected,
14,50,Undirected,
14,51,Undirected,
14,64,Undirected,
14,66,Undirected,
14,70,Undirected,
14,72,Undirected,
14,76,Undirected,
14,83,Undirected,
14,90,Undirected,
14,91,Undirected,
14,94,Undirected,
14,95,Undirected,
14,96,Undirected,
14,98,Undirected,
14,109,Undirected,
14,113,Undirected,
14,117,Undirected,
14,119,Undirected,
14,127,Undirected,
14,137,Undirected,
14,139,Undirected,
14,141,Undirected,
14,151,Undirected,
14,152,Undirected,
14,153,Undirected,
14,155,Undirected,
14,159,Undirected,
14,160,Undirected,
15,16,Undirected,
15,17,Undirected,
15,18,Undirected,
15,19,Undirected,
15,20,Undirected,
15,21,Undirected,
15,23,Undirected,
15,25,Undirected,
15,27,Undirected,
15,53,Undirected,
15,54,Undirected,
15,55,Undirected,
15,61,Undirected,
15,62,Undirected,
15,63,Undirected,
15,64,Undirected,
15,66,Undirected,
15,67,Undirected,
15,68,Undirected,
15,74,Undirected,
15,75,Undirected,
15,82,Undirected,
15,83,Undirected,
15,84,Undirected,
15,85,Undirected,
15,86,Undirected,
15,92,Undirected,
15,93,Undirected,
15,94,Undirected,
15,95,Undirected,
15,100,Undirected,
15,101,Undirected,
15,102,Undirected,
15,103,Undirected,
15,111,Undirected,
15,112,Undirected,
15,113,Undirected,
15,126,Undirected,
15,133,Undirected,
15,142,Undirected,
15,144,Undirected,
15,147,Undirected,
15,148,Undirected,
15,152,Undirected,
15,160,Undirected,
15,162,Undirected,
16,18,Undirected,
16,20,Undirected,
16,21,Undirected,
16,24,Undirected,
16,25,Undirected,
16,26,Undirected,
16,27,Undirected,
16,29,Undirected,
16,35,Undirected,
16,53,Undirected,
16,54,Undirected,
16,55,Undirected,
16,60,Undirected,
16,61,Undirected,
16,62,Undirected,
16,63,Undirected,
16,68,Undirected,
16,69,Undirected,
16,71,Undirected,
16,78,Undirected,
16,79,Undirected,
16,81,Undirected,
16,82,Undirected,
16,83,Undirected,
16,84,Undirected,
16,85,Undirected,
16,96,Undirected,
16,97,Undirected,
16,100,Undirected,
16,101,Undirected,
16,102,Undirected,
16,103,Undirected,
16,104,Undirected,
16,113,Undirected,
16,117,Undirected,
16,142,Undirected,
16,144,Undirected,
16,146,Undirected,
16,147,Undirected,
16,148,Undirected,
16,153,Undirected,
16,154,Undirected,
16,159,Undirected,
16,160,Undirected,
16,161,Undirected,
17,18,Undirected,
17,19,Undirected,
17,20,Undirected,
17,21,Undirected,
17,23,Undirected,
17,25,Undirected,
17,29,Undirected,
17,38,Undirected,
17,41,Undirected,
17,43,Undirected,
17,48,Undirected,
17,52,Undirected,
17,58,Undirected,
17,60,Undirected,
17,62,Undirected,
17,64,Undirected,
17,65,Undirected,
17,68,Undirected,
17,69,Undirected,
17,71,Undirected,
17,76,Undirected,
17,78,Undirected,
17,79,Undirected,
17,80,Undirected,
17,81,Undirected,
17,86,Undirected,
17,89,Undirected,
17,92,Undirected,
17,93,Undirected,
17,95,Undirected,
17,99,Undirected,
17,100,Undirected,
17,102,Undirected,
17,103,Undirected,
17,106,Undirected,
17,108,Undirected,
17,110,Undirected,
17,111,Undirected,
17,112,Undirected,
17,126,Undirected,
17,134,Undirected,
17,145,Undirected,
17,146,Undirected,
17,152,Undirected,
17,156,Undirected,
17,159,Undirected,
17,160,Undirected,
17,162,Undirected,
18,19,Undirected,
18,20,Undirected,
18,21,Undirected,
18,22,Undirected,
18,23,Undirected,
18,24,Undirected,
18,25,Undirected,
18,34,Undirected,
18,36,Undirected,
18,41,Undirected,
18,49,Undirected,
18,56,Undirected,
18,59,Undirected,
18,62,Undirected,
18,64,Undirected,
18,65,Undirected,
18,68,Undirected,
18,72,Undirected,
18,77,Undirected,
18,82,Undirected,
18,83,Undirected,
18,85,Undirected,
18,87,Undirected,
18,95,Undirected,
18,100,Undirected,
18,102,Undirected,
18,103,Undirected,
18,106,Undirected,
18,135,Undirected,
18,139,Undirected,
18,144,Undirected,
18,147,Undirected,
18,153,Undirected,
18,155,Undirected,
18,162,Undirected,
19,20,Undirected,
19,21,Undirected,
19,23,Undirected,
19,29,Undirected,
19,41,Undirected,
19,43,Undirected,
19,48,Undirected,
19,52,Undirected,
19,55,Undirected,
19,58,Undirected,
19,60,Undirected,
19,64,Undirected,
19,65,Undirected,
19,69,Undirected,
19,75,Undirected,
19,76,Undirected,
19,78,Undirected,
19,80,Undirected,
19,86,Undirected,
19,87,Undirected,
19,90,Undirected,
19,92,Undirected,
19,93,Undirected,
19,95,Undirected,
19,102,Undirected,
19,103,Undirected,
19,109,Undirected,
19,111,Undirected,
19,112,Undirected,
19,114,Undirected,
19,116,Undirected,
19,126,Undirected,
19,127,Undirected,
19,134,Undirected,
19,146,Undirected,
19,152,Undirected,
19,158,Undirected,
19,159,Undirected,
19,160,Undirected,
19,162,Undirected,
20,21,Undirected,
20,23,Undirected,
20,29,Undirected,
20,36,Undirected,
20,41,Undirected,
20,49,Undirected,
20,56,Undirected,
20,61,Undirected,
20,78,Undirected,
20,80,Undirected,
20,92,Undirected,
20,93,Undirected,
20,95,Undirected,
20,97,Undirected,
20,102,Undirected,
20,103,Undirected,
20,114,Undirected,
20,119,Undirected,
20,129,Undirected,
20,139,Undirected,
20,144,Undirected,
20,155,Undirected,
20,161,Undirected,
20,162,Undirected,
21,22,Undirected,
21,23,Undirected,
21,24,Undirected,
21,25,Undirected,
21,36,Undirected,
21,37,Undirected,
21,38,Undirected,
21,40,Undirected,
21,41,Undirected,
21,43,Undirected,
21,45,Undirected,
21,46,Undirected,
21,49,Undirected,
21,52,Undirected,
21,54,Undirected,
21,55,Undirected,
21,56,Undirected,
21,58,Undirected,
21,59,Undirected,
21,62,Undirected,
21,63,Undirected,
21,64,Undirected,
21,65,Undirected,
21,67,Undirected,
21,68,Undirected,
21,76,Undirected,
21,78,Undirected,
21,81,Undirected,
21,82,Undirected,
21,86,Undirected,
21,92,Undirected,
21,93,Undirected,
21,100,Undirected,
21,101,Undirected,
21,102,Undirected,
21,103,Undirected,
21,104,Undirected,
21,105,Undirected,
21,106,Undirected,
21,111,Undirected,
21,112,Undirected,
21,113,Undirected,
21,114,Undirected,
21,126,Undirected,
21,127,Undirected,
21,134,Undirected,
21,135,Undirected,
21,137,Undirected,
21,138,Undirected,
21,144,Undirected,
21,145,Undirected,
21,146,Undirected,
21,147,Undirected,
21,148,Undirected,
21,149,Undirected,
21,150,Undirected,
21,153,Undirected,
21,162,Undirected,
22,23,Undirected,
22,24,Undirected,
22,25,Undirected,
22,27,Undirected,
22,28,Undirected,
22,30,Undirected,
22,31,Undirected,
22,32,Undirected,
22,37,Undirected,
22,38,Undirected,
22,41,Undirected,
22,43,Undirected,
22,44,Undirected,
22,49,Undirected,
22,52,Undirected,
22,55,Undirected,
22,56,Undirected,
22,68,Undirected,
22,69,Undirected,
22,71,Undirected,
22,73,Undirected,
22,80,Undirected,
22,83,Undirected,
22,84,Undirected,
22,92,Undirected,
22,100,Undirected,
22,105,Undirected,
22,117,Undirected,
22,119,Undirected,
22,127,Undirected,
22,133,Undirected,
22,134,Undirected,
22,135,Undirected,
22,138,Undirected,
22,144,Undirected,
22,147,Undirected,
22,148,Undirected,
22,149,Undirected,
22,150,Undirected,
22,162,Undirected,
22,164,Undirected,
23,24,Undirected,
23,25,Undirected,
23,33,Undirected,
23,34,Undirected,
23,37,Undirected,
23,38,Undirected,
23,41,Undirected,
23,43,Undirected,
23,44,Undirected,
23,48,Undirected,
23,49,Undirected,
23,55,Undirected,
23,56,Undirected,
23,64,Undirected,
23,65,Undirected,
23,68,Undirected,
23,71,Undirected,
23,77,Undirected,
23,78,Undirected,
23,79,Undirected,
23,81,Undirected,
23,89,Undirected,
23,92,Undirected,
23,93,Undirected,
23,95,Undirected,
23,100,Undirected,
23,101,Undirected,
23,102,Undirected,
23,103,Undirected,
23,106,Undirected,
23,111,Undirected,
23,112,Undirected,
23,113,Undirected,
23,114,Undirected,
23,122,Undirected,
23,126,Undirected,
23,127,Undirected,
23,133,Undirected,
23,134,Undirected,
23,135,Undirected,
23,137,Undirected,
23,139,Undirected,
23,144,Undirected,
23,145,Undirected,
23,146,Undirected,
23,147,Undirected,
23,148,Undirected,
23,149,Undirected,
23,150,Undirected,
23,153,Undirected,
23,157,Undirected,
23,158,Undirected,
23,161,Undirected,
23,162,Undirected,
24,25,Undirected,
24,26,Undirected,
24,27,Undirected,
24,28,Undirected,
24,29,Undirected,
24,30,Undirected,
24,32,Undirected,
24,37,Undirected,
24,38,Undirected,
24,41,Undirected,
24,42,Undirected,
24,43,Undirected,
24,44,Undirected,
24,49,Undirected,
24,54,Undirected,
24,55,Undirected,
24,56,Undirected,
24,68,Undirected,
24,69,Undirected,
24,73,Undirected,
24,83,Undirected,
24,92,Undirected,
24,100,Undirected,
24,101,Undirected,
24,103,Undirected,
24,114,Undirected,
24,119,Undirected,
24,133,Undirected,
24,134,Undirected,
24,135,Undirected,
24,144,Undirected,
24,147,Undirected,
24,148,Undirected,
24,155,Undirected,
24,156,Undirected,
24,158,Undirected,
24,159,Undirected,
24,160,Undirected,
24,161,Undirected,
24,162,Undirected,
25,26,Undirected,
25,27,Undirected,
25,30,Undirected,
25,31,Undirected,
25,32,Undirected,
25,37,Undirected,
25,38,Undirected,
25,39,Undirected,
25,41,Undirected,
25,42,Undirected,
25,43,Undirected,
25,44,Undirected,
25,45,Undirected,
25,47,Undirected,
25,48,Undirected,
25,49,Undirected,
25,54,Undirected,
25,55,Undirected,
25,56,Undirected,
25,62,Undirected,
25,64,Undirected,
25,65,Undirected,
25,66,Undirected,
25,67,Undirected,
25,68,Undirected,
25,73,Undirected,
25,74,Undirected,
25,77,Undirected,
25,78,Undirected,
25,79,Undirected,
25,88,Undirected,
25,89,Undirected,
25,90,Undirected,
25,100,Undirected,
25,101,Undirected,
25,106,Undirected,
25,110,Undirected,
25,111,Undirected,
25,112,Undirected,
25,113,Undirected,
25,114,Undirected,
25,123,Undirected,
25,126,Undirected,
25,127,Undirected,
25,134,Undirected,
25,135,Undirected,
25,140,Undirected,
25,141,Undirected,
25,143,Undirected,
25,144,Undirected,
25,145,Undirected,
25,146,Undirected,
25,147,Undirected,
25,148,Undirected,
25,150,Undirected,
25,155,Undirected,
25,156,Undirected,
25,157,Undirected,
25,158,Undirected,
25,161,Undirected,
25,162,Undirected,
26,27,Undirected,
26,29,Undirected,
26,30,Undirected,
26,31,Undirected,
26,32,Undirected,
26,36,Undirected,
26,39,Undirected,
26,40,Undirected,
26,42,Undirected,
26,44,Undirected,
26,45,Undirected,
26,46,Undirected,
26,47,Undirected,
26,53,Undirected,
26,54,Undirected,
26,55,Undirected,
26,58,Undirected,
26,59,Undirected,
26,61,Undirected,
26,63,Undirected,
26,67,Undirected,
26,68,Undirected,
26,69,Undirected,
26,70,Undirected,
26,72,Undirected,
26,73,Undirected,
26,74,Undirected,
26,75,Undirected,
26,78,Undirected,
26,81,Undirected,
26,82,Undirected,
26,87,Undirected,
26,88,Undirected,
26,93,Undirected,
26,98,Undirected,
26,99,Undirected,
26,114,Undirected,
26,122,Undirected,
26,127,Undirected,
26,138,Undirected,
26,140,Undirected,
26,142,Undirected,
26,143,Undirected,
26,144,Undirected,
26,146,Undirected,
26,147,Undirected,
26,148,Undirected,
26,149,Undirected,
26,156,Undirected,
26,161,Undirected,
26,162,Undirected,
27,28,Undirected,
27,29,Undirected,
27,30,Undirected,
27,45,Undirected,
27,46,Undirected,
27,47,Undirected,
27,48,Undirected,
27,53,Undirected,
27,54,Undirected,
27,55,Undirected,
27,59,Undirected,
27,62,Undirected,
27,63,Undirected,
27,66,Undirected,
27,67,Undirected,
27,68,Undirected,
27,69,Undirected,
27,70,Undirected,
27,71,Undirected,
27,72,Undirected,
27,73,Undirected,
27,77,Undirected,
27,88,Undirected,
27,90,Undirected,
27,94,Undirected,
27,100,Undirected,
27,101,Undirected,
27,102,Undirected,
27,103,Undirected,
27,106,Undirected,
27,111,Undirected,
27,113,Undirected,
27,114,Undirected,
27,123,Undirected,
27,127,Undirected,
27,140,Undirected,
27,141,Undirected,
27,143,Undirected,
27,144,Undirected,
27,147,Undirected,
27,148,Undirected,
28,30,Undirected,
28,31,Undirected,
28,32,Undirected,
28,41,Undirected,
28,43,Undirected,
28,44,Undirected,
28,45,Undirected,
28,46,Undirected,
28,47,Undirected,
28,49,Undirected,
28,50,Undirected,
28,58,Undirected,
28,59,Undirected,
28,67,Undirected,
28,69,Undirected,
28,71,Undirected,
28,72,Undirected,
28,73,Undirected,
28,83,Undirected,
28,84,Undirected,
28,85,Undirected,
28,91,Undirected,
28,96,Undirected,
28,99,Undirected,
28,105,Undirected,
28,108,Undirected,
28,111,Undirected,
28,112,Undirected,
28,114,Undirected,
28,117,Undirected,
28,118,Undirected,
28,133,Undirected,
28,134,Undirected,
28,140,Undirected,
28,141,Undirected,
28,142,Undirected,
28,143,Undirected,
28,161,Undirected,
29,30,Undirected,
29,31,Undirected,
29,32,Undirected,
29,34,Undirected,
29,36,Undirected,
29,44,Undirected,
29,45,Undirected,
29,46,Undirected,
29,48,Undirected,
29,49,Undirected,
29,54,Undirected,
29,55,Undirected,
29,60,Undirected,
29,61,Undirected,
29,64,Undirected,
29,65,Undirected,
29,69,Undirected,
29,70,Undirected,
29,72,Undirected,
29,73,Undirected,
29,78,Undirected,
29,79,Undirected,
29,89,Undirected,
29,90,Undirected,
29,91,Undirected,
29,93,Undirected,
29,94,Undirected,
29,95,Undirected,
29,96,Undirected,
29,99,Undirected,
29,100,Undirected,
29,117,Undirected,
29,119,Undirected,
29,125,Undirected,
29,137,Undirected,
29,139,Undirected,
29,141,Undirected,
29,142,Undirected,
29,143,Undirected,
29,146,Undirected,
29,147,Undirected,
29,148,Undirected,
29,155,Undirected,
29,156,Undirected,
29,162,Undirected,
30,31,Undirected,
30,32,Undirected,
30,38,Undirected,
30,43,Undirected,
30,44,Undirected,
30,45,Undirected,
30,46,Undirected,
30,49,Undirected,
30,52,Undirected,
30,59,Undirected,
30,67,Undirected,
30,68,Undirected,
30,69,Undirected,
30,70,Undirected,
30,71,Undirected,
30,72,Undirected,
30,73,Undirected,
30,82,Undirected,
30,83,Undirected,
30,84,Undirected,
30,85,Undirected,
30,86,Undirected,
30,89,Undirected,
30,90,Undirected,
30,91,Undirected,
30,93,Undirected,
30,94,Undirected,
30,98,Undirected,
30,99,Undirected,
30,108,Undirected,
30,114,Undirected,
30,117,Undirected,
30,123,Undirected,
30,133,Undirected,
30,134,Undirected,
30,135,Undirected,
30,140,Undirected,
30,141,Undirected,
30,142,Undirected,
30,143,Undirected,
30,155,Undirected,
31,32,Undirected,
31,34,Undirected,
31,36,Undirected,
31,39,Undirected,
31,43,Undirected,
31,44,Undirected,
31,45,Undirected,
31,46,Undirected,
31,52,Undirected,
31,67,Undirected,
31,69,Undirected,
31,70,Undirected,
31,71,Undirected,
31,72,Undirected,
31,73,Undirected,
31,74,Undirected,
31,75,Undirected,
31,76,Undirected,
31,83,Undirected,
31,85,Undirected,
31,90,Undirected,
31,91,Undirected,
31,93,Undirected,
31,94,Undirected,
31,96,Undirected,
31,97,Undirected,
31,98,Undirected,
31,103,Undirected,
31,107,Undirected,
31,108,Undirected,
31,110,Undirected,
31,123,Undirected,
31,134,Undirected,
31,139,Undirected,
31,140,Undirected,
31,141,Undirected,
31,142,Undirected,
31,143,Undirected,
31,153,Undirected,
31,155,Undirected,
31,156,Undirected,
32,38,Undirected,
32,43,Undirected,
32,44,Undirected,
32,45,Undirected,
32,46,Undirected,
32,54,Undirected,
32,58,Undirected,
32,59,Undirected,
32,68,Undirected,
32,69,Undirected,
32,70,Undirected,
32,71,Undirected,
32,72,Undirected,
32,73,Undirected,
32,74,Undirected,
32,75,Undirected,
32,83,Undirected,
32,84,Undirected,
32,85,Undirected,
32,86,Undirected,
32,87,Undirected,
32,90,Undirected,
32,91,Undirected,
32,92,Undirected,
32,93,Undirected,
32,96,Undirected,
32,97,Undirected,
32,98,Undirected,
32,99,Undirected,
32,107,Undirected,
32,114,Undirected,
32,127,Undirected,
32,134,Undirected,
32,140,Undirected,
32,141,Undirected,
32,142,Undirected,
32,143,Undirected,
32,147,Undirected,
32,148,Undirected,
32,149,Undirected,
32,150,Undirected,
32,155,Undirected,
32,164,Undirected,
33,34,Undirected,
33,35,Undirected,
33,36,Undirected,
33,43,Undirected,
33,45,Undirected,
33,46,Undirected,
33,49,Undirected,
33,50,Undirected,
33,51,Undirected,
33,53,Undirected,
33,57,Undirected,
33,61,Undirected,
33,71,Undirected,
33,72,Undirected,
33,73,Undirected,
33,74,Undirected,
33,75,Undirected,
33,83,Undirected,
33,94,Undirected,
33,96,Undirected,
33,97,Undirected,
33,98,Undirected,
33,105,Undirected,
33,106,Undirected,
33,133,Undirected,
33,136,Undirected,
33,138,Undirected,
33,139,Undirected,
33,141,Undirected,
33,143,Undirected,
33,146,Undirected,
33,151,Undirected,
33,152,Undirected,
33,153,Undirected,
33,154,Undirected,
33,159,Undirected,
33,160,Undirected,
34,35,Undirected,
34,36,Undirected,
34,38,Undirected,
34,43,Undirected,
34,44,Undirected,
34,45,Undirected,
34,56,Undirected,
34,57,Undirected,
34,76,Undirected,
34,80,Undirected,
34,81,Undirected,
34,86,Undirected,
34,87,Undirected,
34,94,Undirected,
34,96,Undirected,
34,97,Undirected,
34,103,Undirected,
34,106,Undirected,
34,119,Undirected,
34,120,Undirected,
34,121,Undirected,
34,136,Undirected,
34,137,Undirected,
34,139,Undirected,
34,146,Undirected,
34,149,Undirected,
34,151,Undirected,
34,152,Undirected,
34,153,Undirected,
34,154,Undirected,
34,156,Undirected,
34,158,Undirected,
34,159,Undirected,
34,160,Undirected,
34,163,Undirected,
35,36,Undirected,
35,37,Undirected,
35,38,Undirected,
35,39,Undirected,
35,40,Undirected,
35,42,Undirected,
35,43,Undirected,
35,44,Undirected,
35,50,Undirected,
35,53,Undirected,
35,57,Undirected,
35,60,Undirected,
35,61,Undirected,
35,74,Undirected,
35,75,Undirected,
35,76,Undirected,
35,86,Undirected,
35,93,Undirected,
35,96,Undirected,
35,97,Undirected,
35,105,Undirected,
35,106,Undirected,
35,107,Undirected,
35,109,Undirected,
35,117,Undirected,
35,133,Undirected,
35,136,Undirected,
35,138,Undirected,
35,139,Undirected,
35,143,Undirected,
35,146,Undirected,
35,150,Undirected,
35,151,Undirected,
35,152,Undirected,
35,153,Undirected,
35,154,Undirected,
35,156,Undirected,
35,158,Undirected,
35,159,Undirected,
35,160,Undirected,
36,37,Undirected,
36,38,Undirected,
36,39,Undirected,
36,40,Undirected,
36,42,Undirected,
36,43,Undirected,
36,44,Undirected,
36,45,Undirected,
36,57,Undirected,
36,74,Undirected,
36,76,Undirected,
36,81,Undirected,
36,87,Undirected,
36,92,Undirected,
36,93,Undirected,
36,96,Undirected,
36,97,Undirected,
36,100,Undirected,
36,102,Undirected,
36,103,Undirected,
36,106,Undirected,
36,115,Undirected,
36,121,Undirected,
36,122,Undirected,
36,130,Undirected,
36,131,Undirected,
36,136,Undirected,
36,137,Undirected,
36,138,Undirected,
36,139,Undirected,
36,143,Undirected,
36,149,Undirected,
36,150,Undirected,
36,151,Undirected,
36,153,Undirected,
36,154,Undirected,
36,156,Undirected,
36,158,Undirected,
36,163,Undirected,
37,38,Undirected,
37,39,Undirected,
37,40,Undirected,
37,42,Undirected,
37,55,Undirected,
37,60,Undirected,
37,61,Undirected,
37,65,Undirected,
37,70,Undirected,
37,71,Undirected,
37,76,Undirected,
37,77,Undirected,
37,78,Undirected,
37,79,Undirected,
37,80,Undirected,
37,81,Undirected,
37,82,Undirected,
37,83,Undirected,
37,85,Undirected,
37,87,Undirected,
37,89,Undirected,
37,90,Undirected,
37,91,Undirected,
37,92,Undirected,
37,93,Undirected,
37,94,Undirected,
37,95,Undirected,
37,100,Undirected,
37,101,Undirected,
37,106,Undirected,
37,114,Undirected,
37,117,Undirected,
37,121,Undirected,
37,122,Undirected,
37,127,Undirected,
37,132,Undirected,
37,133,Undirected,
37,134,Undirected,
37,135,Undirected,
37,137,Undirected,
37,138,Undirected,
37,141,Undirected,
37,145,Undirected,
37,146,Undirected,
37,149,Undirected,
37,150,Undirected,
37,153,Undirected,
37,154,Undirected,
37,155,Undirected,
37,156,Undirected,
37,157,Undirected,
37,159,Undirected,
37,160,Undirected,
37,162,Undirected,
38,39,Undirected,
38,40,Undirected,
38,42,Undirected,
38,48,Undirected,
38,51,Undirected,
38,55,Undirected,
38,62,Undirected,
38,63,Undirected,
38,64,Undirected,
38,65,Undirected,
38,66,Undirected,
38,67,Undirected,
38,68,Undirected,
38,70,Undirected,
38,71,Undirected,
38,72,Undirected,
38,73,Undirected,
38,77,Undirected,
38,78,Undirected,
38,79,Undirected,
38,80,Undirected,
38,81,Undirected,
38,83,Undirected,
38,85,Undirected,
38,87,Undirected,
38,89,Undirected,
38,90,Undirected,
38,91,Undirected,
38,94,Undirected,
38,97,Undirected,
38,100,Undirected,
38,101,Undirected,
38,102,Undirected,
38,103,Undirected,
38,106,Undirected,
38,107,Undirected,
38,108,Undirected,
38,111,Undirected,
38,112,Undirected,
38,113,Undirected,
38,114,Undirected,
38,115,Undirected,
38,116,Undirected,
38,120,Undirected,
38,121,Undirected,
38,122,Undirected,
38,126,Undirected,
38,127,Undirected,
38,134,Undirected,
38,135,Undirected,
38,137,Undirected,
38,140,Undirected,
38,141,Undirected,
38,145,Undirected,
38,146,Undirected,
38,147,Undirected,
38,149,Undirected,
38,150,Undirected,
38,153,Undirected,
38,154,Undirected,
38,156,Undirected,
38,157,Undirected,
38,159,Undirected,
38,160,Undirected,
38,162,Undirected,
38,163,Undirected,
38,164,Undirected,
39,40,Undirected,
39,41,Undirected,
39,42,Undirected,
39,43,Undirected,
39,44,Undirected,
39,57,Undirected,
39,81,Undirected,
39,86,Undirected,
39,87,Undirected,
39,90,Undirected,
39,91,Undirected,
39,93,Undirected,
39,95,Undirected,
39,106,Undirected,
39,121,Undirected,
39,122,Undirected,
39,130,Undirected,
39,136,Undirected,
39,138,Undirected,
39,143,Undirected,
39,149,Undirected,
39,150,Undirected,
39,153,Undirected,
39,154,Undirected,
39,156,Undirected,
39,158,Undirected,
39,161,Undirected,
39,162,Undirected,
40,41,Undirected,
40,42,Undirected,
40,44,Undirected,
40,57,Undirected,
40,60,Undirected,
40,62,Undirected,
40,64,Undirected,
40,65,Undirected,
40,66,Undirected,
40,67,Undirected,
40,70,Undirected,
40,71,Undirected,
40,78,Undirected,
40,79,Undirected,
40,81,Undirected,
40,82,Undirected,
40,83,Undirected,
40,85,Undirected,
40,87,Undirected,
40,92,Undirected,
40,93,Undirected,
40,94,Undirected,
40,97,Undirected,
40,100,Undirected,
40,101,Undirected,
40,102,Undirected,
40,106,Undirected,
40,111,Undirected,
40,113,Undirected,
40,114,Undirected,
40,115,Undirected,
40,116,Undirected,
40,120,Undirected,
40,121,Undirected,
40,122,Undirected,
40,126,Undirected,
40,127,Undirected,
40,130,Undirected,
40,136,Undirected,
40,137,Undirected,
40,138,Undirected,
40,145,Undirected,
40,146,Undirected,
40,149,Undirected,
40,150,Undirected,
40,153,Undirected,
40,154,Undirected,
40,156,Undirected,
40,158,Undirected,
40,159,Undirected,
40,160,Undirected,
40,161,Undirected,
40,162,Undirected,
40,163,Undirected,
41,42,Undirected,
41,43,Undirected,
41,44,Undirected,
41,49,Undirected,
41,55,Undirected,
41,56,Undirected,
41,57,Undirected,
41,65,Undirected,
41,70,Undirected,
41,87,Undirected,
41,95,Undirected,
41,128,Undirected,
41,132,Undirected,
41,134,Undirected,
41,135,Undirected,
41,136,Undirected,
41,144,Undirected,
41,147,Undirected,
41,154,Undirected,
41,156,Undirected,
41,158,Undirected,
41,161,Undirected,
41,162,Undirected,
42,43,Undirected,
42,44,Undirected,
42,56,Undirected,
42,57,Undirected,
42,58,Undirected,
42,60,Undirected,
42,62,Undirected,
42,69,Undirected,
42,70,Undirected,
42,78,Undirected,
42,79,Undirected,
42,81,Undirected,
42,87,Undirected,
42,88,Undirected,
42,89,Undirected,
42,92,Undirected,
42,93,Undirected,
42,102,Undirected,
42,111,Undirected,
42,116,Undirected,
42,120,Undirected,
42,121,Undirected,
42,122,Undirected,
42,131,Undirected,
42,134,Undirected,
42,135,Undirected,
42,136,Undirected,
42,137,Undirected,
42,138,Undirected,
42,143,Undirected,
42,149,Undirected,
42,150,Undirected,
42,153,Undirected,
42,154,Undirected,
42,156,Undirected,
42,158,Undirected,
42,160,Undirected,
42,161,Undirected,
42,162,Undirected,
42,164,Undirected,
43,44,Undirected,
43,47,Undirected,
43,48,Undirected,
43,49,Undirected,
43,52,Undirected,
43,55,Undirected,
43,56,Undirected,
43,57,Undirected,
43,60,Undirected,
43,64,Undirected,
43,65,Undirected,
43,68,Undirected,
43,71,Undirected,
43,73,Undirected,
43,76,Undirected,
43,77,Undirected,
43,83,Undirected,
43,89,Undirected,
43,96,Undirected,
43,97,Undirected,
43,105,Undirected,
43,107,Undirected,
43,109,Undirected,
43,114,Undirected,
43,117,Undirected,
43,119,Undirected,
43,127,Undirected,
43,134,Undirected,
43,135,Undirected,
43,136,Undirected,
43,139,Undirected,
43,141,Undirected,
43,142,Undirected,
43,143,Undirected,
43,144,Undirected,
43,145,Undirected,
43,146,Undirected,
43,147,Undirected,
43,151,Undirected,
43,153,Undirected,
43,154,Undirected,
43,156,Undirected,
43,158,Undirected,
43,160,Undirected,
43,161,Undirected,
43,162,Undirected,
43,164,Undirected,
44,49,Undirected,
44,55,Undirected,
44,56,Undirected,
44,57,Undirected,
44,62,Undirected,
44,69,Undirected,
44,73,Undirected,
44,77,Undirected,
44,81,Undirected,
44,91,Undirected,
44,96,Undirected,
44,97,Undirected,
44,99,Undirected,
44,102,Undirected,
44,105,Undirected,
44,107,Undirected,
44,117,Undirected,
44,119,Undirected,
44,121,Undirected,
44,134,Undirected,
44,135,Undirected,
44,136,Undirected,
44,137,Undirected,
44,141,Undirected,
44,142,Undirected,
44,143,Undirected,
44,144,Undirected,
44,147,Undirected,
44,148,Undirected,
44,149,Undirected,
44,153,Undirected,
44,154,Undirected,
44,155,Undirected,
44,156,Undirected,
44,158,Undirected,
44,161,Undirected,
44,162,Undirected,
44,164,Undirected,
45,46,Undirected,
45,47,Undirected,
45,48,Undirected,
45,53,Undirected,
45,54,Undirected,
45,55,Undirected,
45,58,Undirected,
45,59,Undirected,
45,62,Undirected,
45,66,Undirected,
45,67,Undirected,
45,68,Undirected,
45,69,Undirected,
45,70,Undirected,
45,71,Undirected,
45,72,Undirected,
45,73,Undirected,
45,74,Undirected,
45,75,Undirected,
45,76,Undirected,
45,85,Undirected,
45,88,Undirected,
45,90,Undirected,
45,91,Undirected,
45,92,Undirected,
45,93,Undirected,
45,94,Undirected,
45,95,Undirected,
45,96,Undirected,
45,99,Undirected,
45,106,Undirected,
45,107,Undirected,
45,108,Undirected,
45,113,Undirected,
45,114,Undirected,
45,127,Undirected,
45,131,Undirected,
45,132,Undirected,
45,139,Undirected,
45,140,Undirected,
45,141,Undirected,
45,142,Undirected,
45,143,Undirected,
45,148,Undirected,
45,159,Undirected,
45,160,Undirected,
45,161,Undirected,
45,164,Undirected,
46,48,Undirected,
46,56,Undirected,
46,58,Undirected,
46,59,Undirected,
46,60,Undirected,
46,67,Undirected,
46,69,Undirected,
46,70,Undirected,
46,71,Undirected,
46,72,Undirected,
46,73,Undirected,
46,74,Undirected,
46,75,Undirected,
46,83,Undirected,
46,84,Undirected,
46,85,Undirected,
46,86,Undirected,
46,88,Undirected,
46,90,Undirected,
46,91,Undirected,
46,92,Undirected,
46,93,Undirected,
46,94,Undirected,
46,95,Undirected,
46,96,Undirected,
46,97,Undirected,
46,99,Undirected,
46,100,Undirected,
46,101,Undirected,
46,107,Undirected,
46,108,Undirected,
46,113,Undirected,
46,114,Undirected,
46,117,Undirected,
46,122,Undirected,
46,127,Undirected,
46,138,Undirected,
46,140,Undirected,
46,141,Undirected,
46,142,Undirected,
46,143,Undirected,
46,148,Undirected,
46,155,Undirected,
46,159,Undirected,
46,160,Undirected,
46,164,Undirected,
47,48,Undirected,
47,52,Undirected,
47,53,Undirected,
47,54,Undirected,
47,55,Undirected,
47,57,Undirected,
47,58,Undirected,
47,59,Undirected,
47,60,Undirected,
47,61,Undirected,
47,62,Undirected,
47,63,Undirected,
47,64,Undirected,
47,66,Undirected,
47,67,Undirected,
47,68,Undirected,
47,71,Undirected,
47,72,Undirected,
47,73,Undirected,
47,74,Undirected,
47,75,Undirected,
47,77,Undirected,
47,80,Undirected,
47,85,Undirected,
47,88,Undirected,
47,89,Undirected,
47,97,Undirected,
47,98,Undirected,
47,100,Undirected,
47,101,Undirected,
47,107,Undirected,
47,108,Undirected,
47,109,Undirected,
47,110,Undirected,
47,113,Undirected,
47,114,Undirected,
47,115,Undirected,
47,116,Undirected,
47,119,Undirected,
47,120,Undirected,
47,124,Undirected,
47,127,Undirected,
47,128,Undirected,
47,129,Undirected,
47,133,Undirected,
47,134,Undirected,
47,135,Undirected,
47,136,Undirected,
47,140,Undirected,
47,143,Undirected,
47,144,Undirected,
47,145,Undirected,
47,146,Undirected,
47,155,Undirected,
47,159,Undirected,
47,160,Undirected,
47,161,Undirected,
47,163,Undirected,
48,52,Undirected,
48,53,Undirected,
48,54,Undirected,
48,55,Undirected,
48,58,Undirected,
48,59,Undirected,
48,60,Undirected,
48,61,Undirected,
48,62,Undirected,
48,64,Undirected,
48,65,Undirected,
48,66,Undirected,
48,67,Undirected,
48,68,Undirected,
48,71,Undirected,
48,73,Undirected,
48,74,Undirected,
48,75,Undirected,
48,76,Undirected,
48,77,Undirected,
48,78,Undirected,
48,79,Undirected,
48,80,Undirected,
48,85,Undirected,
48,86,Undirected,
48,88,Undirected,
48,89,Undirected,
48,97,Undirected,
48,100,Undirected,
48,101,Undirected,
48,103,Undirected,
48,106,Undirected,
48,107,Undirected,
48,108,Undirected,
48,109,Undirected,
48,110,Undirected,
48,111,Undirected,
48,112,Undirected,
48,113,Undirected,
48,114,Undirected,
48,115,Undirected,
48,116,Undirected,
48,119,Undirected,
48,120,Undirected,
48,124,Undirected,
48,126,Undirected,
48,127,Undirected,
48,128,Undirected,
48,129,Undirected,
48,134,Undirected,
48,140,Undirected,
48,142,Undirected,
48,143,Undirected,
48,145,Undirected,
48,146,Undirected,
48,159,Undirected,
48,160,Undirected,
48,162,Undirected,
48,163,Undirected,
49,52,Undirected,
49,54,Undirected,
49,56,Undirected,
49,58,Undirected,
49,59,Undirected,
49,61,Undirected,
49,65,Undirected,
49,68,Undirected,
49,69,Undirected,
49,71,Undirected,
49,74,Undirected,
49,82,Undirected,
49,83,Undirected,
49,84,Undirected,
49,88,Undirected,
49,91,Undirected,
49,116,Undirected,
49,118,Undirected,
49,119,Undirected,
49,123,Undirected,
49,133,Undirected,
49,134,Undirected,
49,135,Undirected,
49,140,Undirected,
49,141,Undirected,
49,148,Undirected,
49,149,Undirected,
49,155,Undirected,
49,157,Undirected,
50,51,Undirected,
50,61,Undirected,
50,88,Undirected,
50,96,Undirected,
50,98,Undirected,
50,99,Undirected,
50,102,Undirected,
50,105,Undirected,
50,109,Undirected,
50,117,Undirected,
50,127,Undirected,
50,138,Undirected,
50,139,Undirected,
50,143,Undirected,
50,151,Undirected,
50,152,Undirected,
50,159,Undirected,
51,61,Undirected,
51,81,Undirected,
51,86,Undirected,
51,94,Undirected,
51,117,Undirected,
51,139,Undirected,
51,149,Undirected,
51,151,Undirected,
52,56,Undirected,
52,58,Undirected,
52,59,Undirected,
52,61,Undirected,
52,78,Undirected,
52,86,Undirected,
52,88,Undirected,
52,96,Undirected,
52,104,Undirected,
52,105,Undirected,
52,118,Undirected,
52,133,Undirected,
52,140,Undirected,
52,146,Undirected,
52,147,Undirected,
52,157,Undirected,
53,54,Undirected,
53,55,Undirected,
53,59,Undirected,
53,62,Undirected,
53,63,Undirected,
53,66,Undirected,
53,67,Undirected,
53,68,Undirected,
53,70,Undirected,
53,72,Undirected,
53,73,Undirected,
53,74,Undirected,
53,75,Undirected,
53,80,Undirected,
53,81,Undirected,
53,82,Undirected,
53,84,Undirected,
53,86,Undirected,
53,88,Undirected,
53,100,Undirected,
53,101,Undirected,
53,102,Undirected,
53,103,Undirected,
53,106,Undirected,
53,111,Undirected,
53,112,Undirected,
53,113,Undirected,
53,114,Undirected,
53,120,Undirected,
53,123,Undirected,
53,126,Undirected,
53,127,Undirected,
53,132,Undirected,
53,133,Undirected,
53,138,Undirected,
53,140,Undirected,
53,143,Undirected,
53,144,Undirected,
53,147,Undirected,
53,148,Undirected,
53,154,Undirected,
53,157,Undirected,
54,55,Undirected,
54,56,Undirected,
54,59,Undirected,
54,62,Undirected,
54,63,Undirected,
54,65,Undirected,
54,66,Undirected,
54,67,Undirected,
54,72,Undirected,
54,73,Undirected,
54,74,Undirected,
54,75,Undirected,
54,80,Undirected,
54,81,Undirected,
54,82,Undirected,
54,84,Undirected,
54,86,Undirected,
54,88,Undirected,
54,97,Undirected,
54,100,Undirected,
54,101,Undirected,
54,102,Undirected,
54,103,Undirected,
54,106,Undirected,
54,111,Undirected,
54,112,Undirected,
54,113,Undirected,
54,114,Undirected,
54,115,Undirected,
54,116,Undirected,
54,118,Undirected,
54,120,Undirected,
54,126,Undirected,
54,127,Undirected,
54,133,Undirected,
54,140,Undirected,
54,143,Undirected,
54,144,Undirected,
54,147,Undirected,
54,148,Undirected,
54,161,Undirected,
54,163,Undirected,
55,56,Undirected,
55,62,Undirected,
55,63,Undirected,
55,64,Undirected,
55,66,Undirected,
55,67,Undirected,
55,70,Undirected,
55,72,Undirected,
55,73,Undirected,
55,74,Undirected,
55,75,Undirected,
55,78,Undirected,
55,79,Undirected,
55,83,Undirected,
55,85,Undirected,
55,86,Undirected,
55,88,Undirected,
55,96,Undirected,
55,97,Undirected,
55,100,Undirected,
55,101,Undirected,
55,105,Undirected,
55,106,Undirected,
55,107,Undirected,
55,108,Undirected,
55,110,Undirected,
55,111,Undirected,
55,112,Undirected,
55,113,Undirected,
55,114,Undirected,
55,115,Undirected,
55,116,Undirected,
55,120,Undirected,
55,126,Undirected,
55,127,Undirected,
55,128,Undirected,
55,133,Undirected,
55,134,Undirected,
55,135,Undirected,
55,140,Undirected,
55,143,Undirected,
55,144,Undirected,
55,145,Undirected,
55,146,Undirected,
55,147,Undirected,
55,148,Undirected,
55,149,Undirected,
55,150,Undirected,
55,158,Undirected,
55,162,Undirected,
55,163,Undirected,
56,57,Undirected,
56,59,Undirected,
56,70,Undirected,
56,72,Undirected,
56,86,Undirected,
56,92,Undirected,
56,100,Undirected,
56,101,Undirected,
56,105,Undirected,
56,118,Undirected,
56,119,Undirected,
56,128,Undirected,
56,132,Undirected,
56,133,Undirected,
56,134,Undirected,
56,135,Undirected,
56,136,Undirected,
56,144,Undirected,
56,145,Undirected,
56,147,Undirected,
56,148,Undirected,
56,156,Undirected,
56,158,Undirected,
56,161,Undirected,
56,162,Undirected,
56,164,Undirected,
57,62,Undirected,
57,69,Undirected,
57,76,Undirected,
57,77,Undirected,
57,89,Undirected,
57,92,Undirected,
57,93,Undirected,
57,94,Undirected,
57,97,Undirected,
57,102,Undirected,
57,103,Undirected,
57,107,Undirected,
57,121,Undirected,
57,131,Undirected,
57,134,Undirected,
57,135,Undirected,
57,136,Undirected,
57,139,Undirected,
57,143,Undirected,
57,149,Undirected,
57,150,Undirected,
57,151,Undirected,
57,153,Undirected,
57,154,Undirected,
57,156,Undirected,
57,158,Undirected,
57,159,Undirected,
57,160,Undirected,
57,161,Undirected,
57,162,Undirected,
57,164,Undirected,
58,59,Undirected,
58,65,Undirected,
58,66,Undirected,
58,67,Undirected,
58,68,Undirected,
58,69,Undirected,
58,72,Undirected,
58,73,Undirected,
58,74,Undirected,
58,80,Undirected,
58,81,Undirected,
58,88,Undirected,
58,89,Undirected,
58,92,Undirected,
58,93,Undirected,
58,105,Undirected,
58,121,Undirected,
58,132,Undirected,
58,133,Undirected,
58,138,Undirected,
58,140,Undirected,
58,142,Undirected,
58,143,Undirected,
58,161,Undirected,
59,66,Undirected,
59,67,Undirected,
59,68,Undirected,
59,69,Undirected,
59,70,Undirected,
59,72,Undirected,
59,73,Undirected,
59,74,Undirected,
59,75,Undirected,
59,80,Undirected,
59,83,Undirected,
59,85,Undirected,
59,88,Undirected,
59,89,Undirected,
59,90,Undirected,
59,91,Undirected,
59,92,Undirected,
59,93,Undirected,
59,94,Undirected,
59,102,Undirected,
59,103,Undirected,
59,106,Undirected,
59,108,Undirected,
59,113,Undirected,
59,114,Undirected,
59,133,Undirected,
59,138,Undirected,
59,140,Undirected,
59,141,Undirected,
59,142,Undirected,
59,143,Undirected,
59,160,Undirected,
59,161,Undirected,
59,164,Undirected,
60,61,Undirected,
60,63,Undirected,
60,64,Undirected,
60,65,Undirected,
60,69,Undirected,
60,70,Undirected,
60,71,Undirected,
60,78,Undirected,
60,79,Undirected,
60,80,Undirected,
60,81,Undirected,
60,82,Undirected,
60,84,Undirected,
60,85,Undirected,
60,96,Undirected,
60,97,Undirected,
60,98,Undirected,
60,102,Undirected,
60,105,Undirected,
60,114,Undirected,
60,121,Undirected,
60,122,Undirected,
60,137,Undirected,
60,138,Undirected,
60,142,Undirected,
60,145,Undirected,
60,146,Undirected,
60,149,Undirected,
60,152,Undirected,
60,156,Undirected,
60,159,Undirected,
60,160,Undirected,
61,63,Undirected,
61,64,Undirected,
61,66,Undirected,
61,69,Undirected,
61,76,Undirected,
61,77,Undirected,
61,78,Undirected,
61,79,Undirected,
61,81,Undirected,
61,82,Undirected,
61,87,Undirected,
61,88,Undirected,
61,94,Undirected,
61,95,Undirected,
61,96,Undirected,
61,97,Undirected,
61,105,Undirected,
61,108,Undirected,
61,116,Undirected,
61,117,Undirected,
61,120,Undirected,
61,121,Undirected,
61,122,Undirected,
61,128,Undirected,
61,129,Undirected,
61,130,Undirected,
61,131,Undirected,
61,134,Undirected,
61,137,Undirected,
61,139,Undirected,
61,144,Undirected,
61,145,Undirected,
61,146,Undirected,
61,147,Undirected,
61,148,Undirected,
61,154,Undirected,
61,159,Undirected,
61,160,Undirected,
61,163,Undirected,
62,63,Undirected,
62,64,Undirected,
62,66,Undirected,
62,67,Undirected,
62,68,Undirected,
62,70,Undirected,
62,72,Undirected,
62,73,Undirected,
62,74,Undirected,
62,75,Undirected,
62,76,Undirected,
62,82,Undirected,
62,84,Undirected,
62,86,Undirected,
62,100,Undirected,
62,101,Undirected,
62,102,Undirected,
62,103,Undirected,
62,106,Undirected,
62,108,Undirected,
62,111,Undirected,
62,112,Undirected,
62,113,Undirected,
62,114,Undirected,
62,115,Undirected,
62,116,Undirected,
62,120,Undirected,
62,122,Undirected,
62,126,Undirected,
62,127,Undirected,
62,128,Undirected,
62,131,Undirected,
62,133,Undirected,
62,136,Undirected,
62,138,Undirected,
62,140,Undirected,
62,144,Undirected,
62,147,Undirected,
62,152,Undirected,
62,153,Undirected,
62,163,Undirected,
62,164,Undirected,
63,66,Undirected,
63,67,Undirected,
63,68,Undirected,
63,69,Undirected,
63,70,Undirected,
63,72,Undirected,
63,73,Undirected,
63,74,Undirected,
63,75,Undirected,
63,78,Undirected,
63,82,Undirected,
63,84,Undirected,
63,86,Undirected,
63,100,Undirected,
63,101,Undirected,
63,102,Undirected,
63,103,Undirected,
63,106,Undirected,
63,111,Undirected,
63,112,Undirected,
63,113,Undirected,
63,115,Undirected,
63,116,Undirected,
63,118,Undirected,
63,120,Undirected,
63,133,Undirected,
63,136,Undirected,
63,138,Undirected,
63,140,Undirected,
63,144,Undirected,
63,147,Undirected,
63,148,Undirected,
63,153,Undirected,
64,65,Undirected,
64,66,Undirected,
64,67,Undirected,
64,68,Undirected,
64,71,Undirected,
64,76,Undirected,
64,77,Undirected,
64,78,Undirected,
64,79,Undirected,
64,82,Undirected,
64,86,Undirected,
64,88,Undirected,
64,91,Undirected,
64,93,Undirected,
64,97,Undirected,
64,100,Undirected,
64,101,Undirected,
64,106,Undirected,
64,110,Undirected,
64,111,Undirected,
64,112,Undirected,
64,113,Undirected,
64,114,Undirected,
64,116,Undirected,
64,126,Undirected,
64,127,Undirected,
64,134,Undirected,
64,135,Undirected,
64,137,Undirected,
64,140,Undirected,
64,141,Undirected,
64,144,Undirected,
64,145,Undirected,
64,146,Undirected,
64,152,Undirected,
64,160,Undirected,
64,162,Undirected,
64,163,Undirected,
65,67,Undirected,
65,68,Undirected,
65,70,Undirected,
65,71,Undirected,
65,76,Undirected,
65,77,Undirected,
65,78,Undirected,
65,79,Undirected,
65,81,Undirected,
65,85,Undirected,
65,89,Undirected,
65,95,Undirected,
65,100,Undirected,
65,106,Undirected,
65,110,Undirected,
65,111,Undirected,
65,112,Undirected,
65,113,Undirected,
65,114,Undirected,
65,126,Undirected,
65,127,Undirected,
65,134,Undirected,
65,135,Undirected,
65,136,Undirected,
65,137,Undirected,
65,145,Undirected,
65,146,Undirected,
65,149,Undirected,
65,152,Undirected,
65,156,Undirected,
65,157,Undirected,
65,159,Undirected,
65,160,Undirected,
65,162,Undirected,
66,67,Undirected,
66,68,Undirected,
66,70,Undirected,
66,71,Undirected,
66,72,Undirected,
66,73,Undirected,
66,74,Undirected,
66,75,Undirected,
66,80,Undirected,
66,85,Undirected,
66,86,Undirected,
66,88,Undirected,
66,89,Undirected,
66,97,Undirected,
66,100,Undirected,
66,101,Undirected,
66,102,Undirected,
66,103,Undirected,
66,107,Undirected,
66,108,Undirected,
66,109,Undirected,
66,110,Undirected,
66,111,Undirected,
66,112,Undirected,
66,113,Undirected,
66,114,Undirected,
66,115,Undirected,
66,116,Undirected,
66,117,Undirected,
66,118,Undirected,
66,119,Undirected,
66,120,Undirected,
66,124,Undirected,
66,126,Undirected,
66,127,Undirected,
66,128,Undirected,
66,129,Undirected,
66,130,Undirected,
66,131,Undirected,
66,133,Undirected,
66,140,Undirected,
66,143,Undirected,
66,144,Undirected,
66,146,Undirected,
66,160,Undirected,
66,163,Undirected,
66,164,Undirected,
67,68,Undirected,
67,70,Undirected,
67,71,Undirected,
67,72,Undirected,
67,73,Undirected,
67,74,Undirected,
67,75,Undirected,
67,80,Undirected,
67,85,Undirected,
67,86,Undirected,
67,87,Undirected,
67,88,Undirected,
67,89,Undirected,
67,97,Undirected,
67,98,Undirected,
67,100,Undirected,
67,101,Undirected,
67,107,Undirected,
67,108,Undirected,
67,109,Undirected,
67,110,Undirected,
67,111,Undirected,
67,112,Undirected,
67,113,Undirected,
67,114,Undirected,
67,115,Undirected,
67,116,Undirected,
67,117,Undirected,
67,118,Undirected,
67,119,Undirected,
67,120,Undirected,
67,123,Undirected,
67,124,Undirected,
67,126,Undirected,
67,127,Undirected,
67,128,Undirected,
67,129,Undirected,
67,130,Undirected,
67,131,Undirected,
67,133,Undirected,
67,134,Undirected,
67,140,Undirected,
67,142,Undirected,
67,143,Undirected,
67,144,Undirected,
67,159,Undirected,
67,160,Undirected,
67,163,Undirected,
67,164,Undirected,
68,69,Undirected,
68,70,Undirected,
68,71,Undirected,
68,72,Undirected,
68,73,Undirected,
68,74,Undirected,
68,76,Undirected,
68,77,Undirected,
68,88,Undirected,
68,89,Undirected,
68,100,Undirected,
68,101,Undirected,
68,102,Undirected,
68,103,Undirected,
68,106,Undirected,
68,108,Undirected,
68,111,Undirected,
68,112,Undirected,
68,113,Undirected,
68,114,Undirected,
68,126,Undirected,
68,127,Undirected,
68,131,Undirected,
68,134,Undirected,
68,135,Undirected,
68,140,Undirected,
68,143,Undirected,
68,144,Undirected,
68,147,Undirected,
68,148,Undirected,
68,153,Undirected,
69,71,Undirected,
69,72,Undirected,
69,73,Undirected,
69,78,Undirected,
69,86,Undirected,
69,90,Undirected,
69,91,Undirected,
69,92,Undirected,
69,93,Undirected,
69,110,Undirected,
69,111,Undirected,
69,112,Undirected,
69,115,Undirected,
69,116,Undirected,
69,119,Undirected,
69,128,Undirected,
69,129,Undirected,
69,130,Undirected,
69,131,Undirected,
69,133,Undirected,
69,141,Undirected,
69,142,Undirected,
69,143,Undirected,
69,144,Undirected,
69,147,Undirected,
69,148,Undirected,
69,152,Undirected,
69,161,Undirected,
69,163,Undirected,
70,71,Undirected,
70,72,Undirected,
70,73,Undirected,
70,74,Undirected,
70,75,Undirected,
70,76,Undirected,
70,81,Undirected,
70,83,Undirected,
70,85,Undirected,
70,88,Undirected,
70,90,Undirected,
70,91,Undirected,
70,94,Undirected,
70,95,Undirected,
70,99,Undirected,
70,102,Undirected,
70,106,Undirected,
70,108,Undirected,
70,110,Undirected,
70,111,Undirected,
70,112,Undirected,
70,113,Undirected,
70,114,Undirected,
70,116,Undirected,
70,117,Undirected,
70,120,Undirected,
70,121,Undirected,
70,122,Undirected,
70,125,Undirected,
70,126,Undirected,
70,127,Undirected,
70,140,Undirected,
70,141,Undirected,
70,142,Undirected,
70,143,Undirected,
70,149,Undirected,
70,150,Undirected,
70,155,Undirected,
70,156,Undirected,
70,158,Undirected,
70,159,Undirected,
70,160,Undirected,
70,161,Undirected,
70,164,Undirected,
71,72,Undirected,
71,73,Undirected,
71,76,Undirected,
71,79,Undirected,
71,81,Undirected,
71,83,Undirected,
71,84,Undirected,
71,85,Undirected,
71,87,Undirected,
71,89,Undirected,
71,90,Undirected,
71,91,Undirected,
71,94,Undirected,
71,96,Undirected,
71,97,Undirected,
71,99,Undirected,
71,105,Undirected,
71,106,Undirected,
71,108,Undirected,
71,110,Undirected,
71,112,Undirected,
71,113,Undirected,
71,114,Undirected,
71,115,Undirected,
71,116,Undirected,
71,117,Undirected,
71,120,Undirected,
71,121,Undirected,
71,122,Undirected,
71,126,Undirected,
71,127,Undirected,
71,128,Undirected,
71,129,Undirected,
71,133,Undirected,
71,134,Undirected,
71,137,Undirected,
71,140,Undirected,
71,141,Undirected,
71,142,Undirected,
71,143,Undirected,
71,145,Undirected,
71,146,Undirected,
71,149,Undirected,
71,150,Undirected,
71,155,Undirected,
71,156,Undirected,
71,159,Undirected,
71,160,Undirected,
71,163,Undirected,
71,164,Undirected,
72,73,Undirected,
72,74,Undirected,
72,75,Undirected,
72,76,Undirected,
72,79,Undirected,
72,83,Undirected,
72,85,Undirected,
72,88,Undirected,
72,89,Undirected,
72,90,Undirected,
72,91,Undirected,
72,92,Undirected,
72,93,Undirected,
72,94,Undirected,
72,95,Undirected,
72,98,Undirected,
72,99,Undirected,
72,107,Undirected,
72,108,Undirected,
72,110,Undirected,
72,113,Undirected,
72,114,Undirected,
72,115,Undirected,
72,116,Undirected,
72,123,Undirected,
72,127,Undirected,
72,128,Undirected,
72,139,Undirected,
72,140,Undirected,
72,141,Undirected,
72,142,Undirected,
72,143,Undirected,
72,155,Undirected,
72,159,Undirected,
72,160,Undirected,
72,164,Undirected,
73,74,Undirected,
73,75,Undirected,
73,77,Undirected,
73,83,Undirected,
73,85,Undirected,
73,88,Undirected,
73,89,Undirected,
73,90,Undirected,
73,91,Undirected,
73,92,Undirected,
73,96,Undirected,
73,97,Undirected,
73,98,Undirected,
73,99,Undirected,
73,100,Undirected,
73,107,Undirected,
73,108,Undirected,
73,109,Undirected,
73,110,Undirected,
73,113,Undirected,
73,114,Undirected,
73,115,Undirected,
73,116,Undirected,
73,119,Undirected,
73,121,Undirected,
73,122,Undirected,
73,123,Undirected,
73,124,Undirected,
73,126,Undirected,
73,127,Undirected,
73,128,Undirected,
73,129,Undirected,
73,140,Undirected,
73,141,Undirected,
73,142,Undirected,
73,143,Undirected,
73,144,Undirected,
73,160,Undirected,
73,163,Undirected,
73,164,Undirected,
74,75,Undirected,
74,76,Undirected,
74,80,Undirected,
74,86,Undirected,
74,88,Undirected,
74,92,Undirected,
74,97,Undirected,
74,107,Undirected,
74,108,Undirected,
74,109,Undirected,
74,110,Undirected,
74,111,Undirected,
74,112,Undirected,
74,113,Undirected,
74,114,Undirected,
74,115,Undirected,
74,116,Undirected,
74,118,Undirected,
74,119,Undirected,
74,120,Undirected,
74,124,Undirected,
74,126,Undirected,
74,127,Undirected,
74,128,Undirected,
74,129,Undirected,
74,133,Undirected,
74,138,Undirected,
74,139,Undirected,
74,140,Undirected,
74,143,Undirected,
74,146,Undirected,
74,147,Undirected,
74,151,Undirected,
74,152,Undirected,
74,154,Undirected,
74,160,Undirected,
74,163,Undirected,
74,164,Undirected,
75,80,Undirected,
75,85,Undirected,
75,86,Undirected,
75,87,Undirected,
75,88,Undirected,
75,97,Undirected,
75,98,Undirected,
75,99,Undirected,
75,102,Undirected,
75,107,Undirected,
75,108,Undirected,
75,109,Undirected,
75,110,Undirected,
75,111,Undirected,
75,112,Undirected,
75,113,Undirected,
75,114,Undirected,
75,115,Undirected,
75,116,Undirected,
75,118,Undirected,
75,119,Undirected,
75,120,Undirected,
75,124,Undirected,
75,126,Undirected,
75,127,Undirected,
75,128,Undirected,
75,129,Undirected,
75,130,Undirected,
75,131,Undirected,
75,133,Undirected,
75,138,Undirected,
75,140,Undirected,
75,152,Undirected,
75,154,Undirected,
75,158,Undirected,
75,163,Undirected,
75,164,Undirected,
76,77,Undirected,
76,78,Undirected,
76,79,Undirected,
76,84,Undirected,
76,86,Undirected,
76,90,Undirected,
76,94,Undirected,
76,99,Undirected,
76,100,Undirected,
76,101,Undirected,
76,104,Undirected,
76,108,Undirected,
76,110,Undirected,
76,112,Undirected,
76,113,Undirected,
76,114,Undirected,
76,126,Undirected,
76,127,Undirected,
76,131,Undirected,
76,134,Undirected,
76,136,Undirected,
76,139,Undirected,
76,141,Undirected,
76,143,Undirected,
76,145,Undirected,
76,146,Undirected,
76,151,Undirected,
76,152,Undirected,
76,154,Undirected,
76,159,Undirected,
76,160,Undirected,
77,78,Undirected,
77,79,Undirected,
77,84,Undirected,
77,88,Undirected,
77,89,Undirected,
77,90,Undirected,
77,98,Undirected,
77,99,Undirected,
77,100,Undirected,
77,108,Undirected,
77,110,Undirected,
77,113,Undirected,
77,114,Undirected,
77,127,Undirected,
77,130,Undirected,
77,131,Undirected,
77,134,Undirected,
77,135,Undirected,
77,136,Undirected,
77,140,Undirected,
77,145,Undirected,
77,146,Undirected,
77,152,Undirected,
77,159,Undirected,
77,160,Undirected,
77,162,Undirected,
78,79,Undirected,
78,80,Undirected,
78,81,Undirected,
78,82,Undirected,
78,83,Undirected,
78,86,Undirected,
78,96,Undirected,
78,97,Undirected,
78,99,Undirected,
78,100,Undirected,
78,101,Undirected,
78,104,Undirected,
78,105,Undirected,
78,106,Undirected,
78,108,Undirected,
78,122,Undirected,
78,132,Undirected,
78,134,Undirected,
78,137,Undirected,
78,138,Undirected,
78,139,Undirected,
78,145,Undirected,
78,146,Undirected,
78,149,Undirected,
78,150,Undirected,
78,152,Undirected,
78,156,Undirected,
78,157,Undirected,
78,159,Undirected,
78,160,Undirected,
79,80,Undirected,
79,81,Undirected,
79,82,Undirected,
79,83,Undirected,
79,85,Undirected,
79,89,Undirected,
79,90,Undirected,
79,96,Undirected,
79,97,Undirected,
79,99,Undirected,
79,100,Undirected,
79,105,Undirected,
79,106,Undirected,
79,108,Undirected,
79,110,Undirected,
79,112,Undirected,
79,121,Undirected,
79,122,Undirected,
79,132,Undirected,
79,134,Undirected,
79,137,Undirected,
79,138,Undirected,
79,139,Undirected,
79,141,Undirected,
79,145,Undirected,
79,146,Undirected,
79,149,Undirected,
79,150,Undirected,
79,153,Undirected,
79,156,Undirected,
79,157,Undirected,
79,159,Undirected,
79,160,Undirected,
79,162,Undirected,
79,164,Undirected,
80,81,Undirected,
80,82,Undirected,
80,83,Undirected,
80,86,Undirected,
80,90,Undirected,
80,91,Undirected,
80,106,Undirected,
80,113,Undirected,
80,115,Undirected,
80,116,Undirected,
80,117,Undirected,
80,122,Undirected,
80,132,Undirected,
80,133,Undirected,
80,137,Undirected,
80,138,Undirected,
80,140,Undirected,
80,141,Undirected,
80,145,Undirected,
80,149,Undirected,
80,150,Undirected,
80,155,Undirected,
80,157,Undirected,
80,161,Undirected,
81,82,Undirected,
81,83,Undirected,
81,84,Undirected,
81,85,Undirected,
81,86,Undirected,
81,87,Undirected,
81,90,Undirected,
81,91,Undirected,
81,92,Undirected,
81,94,Undirected,
81,97,Undirected,
81,100,Undirected,
81,105,Undirected,
81,106,Undirected,
81,110,Undirected,
81,111,Undirected,
81,112,Undirected,
81,120,Undirected,
81,121,Undirected,
81,122,Undirected,
81,129,Undirected,
81,130,Undirected,
81,131,Undirected,
81,133,Undirected,
81,137,Undirected,
81,138,Undirected,
81,141,Undirected,
81,145,Undirected,
81,146,Undirected,
81,149,Undirected,
81,150,Undirected,
81,153,Undirected,
81,155,Undirected,
81,156,Undirected,
81,157,Undirected,
81,159,Undirected,
81,160,Undirected,
81,161,Undirected,
81,163,Undirected,
81,164,Undirected,
82,83,Undirected,
82,84,Undirected,
82,85,Undirected,
82,86,Undirected,
82,87,Undirected,
82,90,Undirected,
82,91,Undirected,
82,94,Undirected,
82,101,Undirected,
82,102,Undirected,
82,103,Undirected,
82,104,Undirected,
82,113,Undirected,
82,116,Undirected,
82,133,Undirected,
82,138,Undirected,
82,141,Undirected,
82,142,Undirected,
82,144,Undirected,
82,146,Undirected,
82,147,Undirected,
82,149,Undirected,
82,150,Undirected,
82,157,Undirected,
82,161,Undirected,
83,84,Undirected,
83,85,Undirected,
83,87,Undirected,
83,89,Undirected,
83,90,Undirected,
83,91,Undirected,
83,94,Undirected,
83,96,Undirected,
83,97,Undirected,
83,99,Undirected,
83,108,Undirected,
83,117,Undirected,
83,120,Undirected,
83,122,Undirected,
83,128,Undirected,
83,137,Undirected,
83,139,Undirected,
83,140,Undirected,
83,141,Undirected,
83,142,Undirected,
83,143,Undirected,
83,145,Undirected,
83,146,Undirected,
83,149,Undirected,
83,150,Undirected,
83,155,Undirected,
83,159,Undirected,
83,160,Undirected,
83,164,Undirected,
84,85,Undirected,
84,86,Undirected,
84,87,Undirected,
84,91,Undirected,
84,94,Undirected,
84,98,Undirected,
84,99,Undirected,
84,100,Undirected,
84,101,Undirected,
84,109,Undirected,
84,121,Undirected,
84,122,Undirected,
84,124,Undirected,
84,131,Undirected,
84,133,Undirected,
84,141,Undirected,
84,142,Undirected,
84,144,Undirected,
84,149,Undirected,
84,150,Undirected,
85,86,Undirected,
85,87,Undirected,
85,89,Undirected,
85,90,Undirected,
85,91,Undirected,
85,93,Undirected,
85,94,Undirected,
85,95,Undirected,
85,96,Undirected,
85,97,Undirected,
85,99,Undirected,
85,101,Undirected,
85,106,Undirected,
85,107,Undirected,
85,110,Undirected,
85,111,Undirected,
85,112,Undirected,
85,113,Undirected,
85,114,Undirected,
85,115,Undirected,
85,116,Undirected,
85,121,Undirected,
85,122,Undirected,
85,124,Undirected,
85,125,Undirected,
85,126,Undirected,
85,127,Undirected,
85,128,Undirected,
85,129,Undirected,
85,133,Undirected,
85,134,Undirected,
85,137,Undirected,
85,140,Undirected,
85,141,Undirected,
85,142,Undirected,
85,143,Undirected,
85,149,Undirected,
85,150,Undirected,
85,152,Undirected,
85,155,Undirected,
85,156,Undirected,
85,157,Undirected,
85,159,Undirected,
85,160,Undirected,
85,163,Undirected,
85,164,Undirected,
86,87,Undirected,
86,90,Undirected,
86,91,Undirected,
86,93,Undirected,
86,95,Undirected,
86,99,Undirected,
86,100,Undirected,
86,101,Undirected,
86,110,Undirected,
86,112,Undirected,
86,113,Undirected,
86,115,Undirected,
86,116,Undirected,
86,126,Undirected,
86,127,Undirected,
86,133,Undirected,
86,141,Undirected,
86,142,Undirected,
86,144,Undirected,
86,145,Undirected,
86,146,Undirected,
86,150,Undirected,
86,152,Undirected,
86,154,Undirected,
86,158,Undirected,
86,162,Undirected,
87,91,Undirected,
87,99,Undirected,
87,111,Undirected,
87,113,Undirected,
87,116,Undirected,
87,120,Undirected,
87,121,Undirected,
87,122,Undirected,
87,126,Undirected,
87,127,Undirected,
87,128,Undirected,
87,129,Undirected,
87,130,Undirected,
87,131,Undirected,
87,137,Undirected,
87,140,Undirected,
87,144,Undirected,
87,149,Undirected,
87,150,Undirected,
87,153,Undirected,
87,155,Undirected,
87,156,Undirected,
87,157,Undirected,
87,161,Undirected,
87,162,Undirected,
87,163,Undirected,
87,164,Undirected,
88,89,Undirected,
88,92,Undirected,
88,106,Undirected,
88,107,Undirected,
88,109,Undirected,
88,110,Undirected,
88,113,Undirected,
88,114,Undirected,
88,115,Undirected,
88,116,Undirected,
88,118,Undirected,
88,119,Undirected,
88,127,Undirected,
88,128,Undirected,
88,133,Undirected,
88,140,Undirected,
88,142,Undirected,
88,143,Undirected,
88,144,Undirected,
88,157,Undirected,
88,161,Undirected,
88,163,Undirected,
89,90,Undirected,
89,99,Undirected,
89,100,Undirected,
89,106,Undirected,
89,112,Undirected,
89,113,Undirected,
89,114,Undirected,
89,126,Undirected,
89,127,Undirected,
89,131,Undirected,
89,134,Undirected,
89,135,Undirected,
89,136,Undirected,
89,137,Undirected,
89,140,Undirected,
89,141,Undirected,
89,142,Undirected,
89,143,Undirected,
89,145,Undirected,
89,146,Undirected,
89,160,Undirected,
89,162,Undirected,
90,91,Undirected,
90,92,Undirected,
90,93,Undirected,
90,94,Undirected,
90,95,Undirected,
90,104,Undirected,
90,106,Undirected,
90,114,Undirected,
90,117,Undirected,
90,119,Undirected,
90,122,Undirected,
90,125,Undirected,
90,131,Undirected,
90,133,Undirected,
90,134,Undirected,
90,141,Undirected,
90,142,Undirected,
90,143,Undirected,
90,145,Undirected,
90,146,Undirected,
90,148,Undirected,
90,149,Undirected,
90,150,Undirected,
90,155,Undirected,
90,157,Undirected,
90,158,Undirected,
90,159,Undirected,
90,160,Undirected,
90,164,Undirected,
91,93,Undirected,
91,94,Undirected,
91,95,Undirected,
91,97,Undirected,
91,98,Undirected,
91,99,Undirected,
91,114,Undirected,
91,117,Undirected,
91,119,Undirected,
91,120,Undirected,
91,122,Undirected,
91,134,Undirected,
91,141,Undirected,
91,142,Undirected,
91,143,Undirected,
91,148,Undirected,
91,149,Undirected,
91,150,Undirected,
91,153,Undirected,
91,155,Undirected,
91,157,Undirected,
91,159,Undirected,
92,93,Undirected,
92,94,Undirected,
92,100,Undirected,
92,101,Undirected,
92,102,Undirected,
92,103,Undirected,
92,108,Undirected,
92,109,Undirected,
92,118,Undirected,
92,121,Undirected,
92,130,Undirected,
92,131,Undirected,
92,138,Undirected,
92,140,Undirected,
92,141,Undirected,
92,142,Undirected,
92,143,Undirected,
92,149,Undirected,
92,162,Undirected,
92,164,Undirected,
93,94,Undirected,
93,95,Undirected,
93,99,Undirected,
93,100,Undirected,
93,101,Undirected,
93,102,Undirected,
93,103,Undirected,
93,105,Undirected,
93,125,Undirected,
93,130,Undirected,
93,131,Undirected,
93,138,Undirected,
93,141,Undirected,
93,142,Undirected,
93,143,Undirected,
93,149,Undirected,
93,152,Undirected,
93,153,Undirected,
93,154,Undirected,
93,155,Undirected,
93,156,Undirected,
93,162,Undirected,
93,164,Undirected,
94,95,Undirected,
94,111,Undirected,
94,132,Undirected,
94,136,Undirected,
94,139,Undirected,
94,141,Undirected,
94,142,Undirected,
94,143,Undirected,
94,151,Undirected,
94,159,Undirected,
94,160,Undirected,
95,96,Undirected,
95,103,Undirected,
95,109,Undirected,
95,110,Undirected,
95,117,Undirected,
95,119,Undirected,
95,139,Undirected,
95,141,Undirected,
95,142,Undirected,
95,158,Undirected,
95,159,Undirected,
95,160,Undirected,
96,97,Undirected,
96,98,Undirected,
96,99,Undirected,
96,104,Undirected,
96,105,Undirected,
96,117,Undirected,
96,139,Undirected,
96,142,Undirected,
96,143,Undirected,
96,145,Undirected,
96,146,Undirected,
96,153,Undirected,
96,154,Undirected,
96,155,Undirected,
96,159,Undirected,
97,98,Undirected,
97,105,Undirected,
97,108,Undirected,
97,110,Undirected,
97,113,Undirected,
97,114,Undirected,
97,115,Undirected,
97,116,Undirected,
97,122,Undirected,
97,127,Undirected,
97,128,Undirected,
97,129,Undirected,
97,134,Undirected,
97,136,Undirected,
97,139,Undirected,
97,140,Undirected,
97,141,Undirected,
97,142,Undirected,
97,143,Undirected,
97,145,Undirected,
97,146,Undirected,
97,149,Undirected,
97,150,Undirected,
97,154,Undirected,
97,159,Undirected,
97,160,Undirected,
97,163,Undirected,
97,164,Undirected,
98,99,Undirected,
98,115,Undirected,
98,124,Undirected,
98,128,Undirected,
98,139,Undirected,
98,140,Undirected,
98,143,Undirected,
99,100,Undirected,
99,101,Undirected,
99,106,Undirected,
99,117,Undirected,
99,128,Undirected,
99,131,Undirected,
99,142,Undirected,
99,146,Undirected,
99,155,Undirected,
99,156,Undirected,
99,157,Undirected,
100,101,Undirected,
100,102,Undirected,
100,103,Undirected,
100,104,Undirected,
100,105,Undirected,
100,106,Undirected,
100,111,Undirected,
100,112,Undirected,
100,113,Undirected,
100,114,Undirected,
100,116,Undirected,
100,120,Undirected,
100,126,Undirected,
100,127,Undirected,
100,134,Undirected,
100,135,Undirected,
100,137,Undirected,
100,140,Undirected,
100,144,Undirected,
100,145,Undirected,
100,146,Undirected,
100,147,Undirected,
100,149,Undirected,
100,150,Undirected,
100,153,Undirected,
100,156,Undirected,
100,162,Undirected,
101,102,Undirected,
101,103,Undirected,
101,104,Undirected,
101,105,Undirected,
101,106,Undirected,
101,113,Undirected,
101,114,Undirected,
101,120,Undirected,
101,134,Undirected,
101,135,Undirected,
101,142,Undirected,
101,144,Undirected,
101,145,Undirected,
101,146,Undirected,
101,147,Undirected,
101,148,Undirected,
101,149,Undirected,
101,150,Undirected,
101,153,Undirected,
102,103,Undirected,
102,106,Undirected,
102,111,Undirected,
102,112,Undirected,
102,113,Undirected,
102,114,Undirected,
102,120,Undirected,
102,126,Undirected,
102,133,Undirected,
102,136,Undirected,
102,144,Undirected,
102,147,Undirected,
102,148,Undirected,
102,153,Undirected,
102,156,Undirected,
103,104,Undirected,
103,106,Undirected,
103,108,Undirected,
103,110,Undirected,
103,111,Undirected,
103,113,Undirected,
103,114,Undirected,
103,116,Undirected,
103,120,Undirected,
103,126,Undirected,
103,136,Undirected,
103,143,Undirected,
103,144,Undirected,
103,146,Undirected,
103,147,Undirected,
103,148,Undirected,
103,150,Undirected,
103,153,Undirected,
103,154,Undirected,
103,155,Undirected,
104,105,Undirected,
104,106,Undirected,
104,134,Undirected,
104,144,Undirected,
104,145,Undirected,
104,146,Undirected,
104,147,Undirected,
104,150,Undirected,
104,157,Undirected,
105,107,Undirected,
105,132,Undirected,
105,133,Undirected,
105,134,Undirected,
105,135,Undirected,
105,139,Undirected,
105,144,Undirected,
105,145,Undirected,
105,146,Undirected,
105,147,Undirected,
105,148,Undirected,
105,154,Undirected,
105,162,Undirected,
106,111,Undirected,
106,112,Undirected,
106,113,Undirected,
106,114,Undirected,
106,120,Undirected,
106,121,Undirected,
106,122,Undirected,
106,126,Undirected,
106,127,Undirected,
106,137,Undirected,
106,138,Undirected,
106,141,Undirected,
106,144,Undirected,
106,145,Undirected,
106,146,Undirected,
106,148,Undirected,
106,149,Undirected,
106,150,Undirected,
106,151,Undirected,
106,153,Undirected,
106,154,Undirected,
106,156,Undirected,
106,163,Undirected,
107,108,Undirected,
107,109,Undirected,
107,110,Undirected,
107,115,Undirected,
107,116,Undirected,
107,117,Undirected,
107,118,Undirected,
107,119,Undirected,
107,120,Undirected,
107,121,Undirected,
107,123,Undirected,
107,124,Undirected,
107,127,Undirected,
107,128,Undirected,
107,129,Undirected,
107,135,Undirected,
107,136,Undirected,
107,140,Undirected,
107,150,Undirected,
107,153,Undirected,
107,154,Undirected,
107,156,Undirected,
107,163,Undirected,
107,164,Undirected,
108,109,Undirected,
108,110,Undirected,
108,114,Undirected,
108,115,Undirected,
108,116,Undirected,
108,118,Undirected,
108,119,Undirected,
108,120,Undirected,
108,121,Undirected,
108,122,Undirected,
108,123,Undirected,
108,124,Undirected,
108,128,Undirected,
108,129,Undirected,
108,133,Undirected,
108,137,Undirected,
108,139,Undirected,
108,140,Undirected,
108,141,Undirected,
108,145,Undirected,
108,146,Undirected,
108,150,Undirected,
108,151,Undirected,
108,159,Undirected,
108,160,Undirected,
108,163,Undirected,
108,164,Undirected,
109,110,Undirected,
109,115,Undirected,
109,116,Undirected,
109,117,Undirected,
109,118,Undirected,
109,119,Undirected,
109,123,Undirected,
109,124,Undirected,
109,128,Undirected,
109,129,Undirected,
109,139,Undirected,
109,140,Undirected,
109,163,Undirected,
109,164,Undirected,
110,112,Undirected,
110,113,Undirected,
110,114,Undirected,
110,115,Undirected,
110,116,Undirected,
110,117,Undirected,
110,118,Undirected,
110,119,Undirected,
110,120,Undirected,
110,123,Undirected,
110,124,Undirected,
110,125,Undirected,
110,126,Undirected,
110,127,Undirected,
110,128,Undirected,
110,129,Undirected,
110,134,Undirected,
110,140,Undirected,
110,143,Undirected,
110,145,Undirected,
110,146,Undirected,
110,160,Undirected,
110,163,Undirected,
110,164,Undirected,
111,112,Undirected,
111,113,Undirected,
111,114,Undirected,
111,115,Undirected,
111,116,Undirected,
111,125,Undirected,
111,126,Undirected,
111,127,Undirected,
111,133,Undirected,
111,140,Undirected,
111,144,Undirected,
111,149,Undirected,
111,156,Undirected,
111,161,Undirected,
112,113,Undirected,
112,114,Undirected,
112,115,Undirected,
112,116,Undirected,
112,117,Undirected,
112,125,Undirected,
112,126,Undirected,
112,127,Undirected,
112,149,Undirected,
113,114,Undirected,
113,115,Undirected,
113,116,Undirected,
113,120,Undirected,
113,122,Undirected,
113,125,Undirected,
113,126,Undirected,
113,127,Undirected,
113,128,Undirected,
113,133,Undirected,
113,134,Undirected,
113,137,Undirected,
113,140,Undirected,
113,141,Undirected,
113,142,Undirected,
113,143,Undirected,
113,144,Undirected,
113,145,Undirected,
113,146,Undirected,
113,147,Undirected,
113,149,Undirected,
113,150,Undirected,
113,153,Undirected,
113,156,Undirected,
113,159,Undirected,
113,160,Undirected,
113,163,Undirected,
114,115,Undirected,
114,116,Undirected,
114,120,Undirected,
114,122,Undirected,
114,126,Undirected,
114,127,Undirected,
114,128,Undirected,
114,134,Undirected,
114,135,Undirected,
114,137,Undirected,
114,140,Undirected,
114,141,Undirected,
114,142,Undirected,
114,143,Undirected,
114,144,Undirected,
114,145,Undirected,
114,146,Undirected,
114,147,Undirected,
114,148,Undirected,
114,149,Undirected,
114,150,Undirected,
114,159,Undirected,
114,160,Undirected,
114,163,Undirected,
115,116,Undirected,
115,117,Undirected,
115,118,Undirected,
115,119,Undirected,
115,120,Undirected,
115,121,Undirected,
115,122,Undirected,
115,123,Undirected,
115,124,Undirected,
115,126,Undirected,
115,127,Undirected,
115,128,Undirected,
115,129,Undirected,
115,130,Undirected,
115,131,Undirected,
115,132,Undirected,
115,133,Undirected,
115,140,Undirected,
115,152,Undirected,
115,153,Undirected,
115,163,Undirected,
115,164,Undirected,
116,117,Undirected,
116,118,Undirected,
116,119,Undirected,
116,120,Undirected,
116,121,Undirected,
116,122,Undirected,
116,123,Undirected,
116,124,Undirected,
116,126,Undirected,
116,127,Undirected,
116,128,Undirected,
116,129,Undirected,
116,130,Undirected,
116,131,Undirected,
116,133,Undirected,
116,137,Undirected,
116,140,Undirected,
116,152,Undirected,
116,153,Undirected,
116,156,Undirected,
116,159,Undirected,
116,160,Undirected,
116,163,Undirected,
116,164,Undirected,
117,118,Undirected,
117,119,Undirected,
117,122,Undirected,
117,124,Undirected,
117,132,Undirected,
117,133,Undirected,
117,139,Undirected,
117,141,Undirected,
117,142,Undirected,
117,150,Undirected,
117,155,Undirected,
117,159,Undirected,
117,160,Undirected,
117,163,Undirected,
118,119,Undirected,
118,120,Undirected,
118,124,Undirected,
118,128,Undirected,
118,129,Undirected,
118,130,Undirected,
118,132,Undirected,
118,133,Undirected,
118,137,Undirected,
118,140,Undirected,
118,163,Undirected,
118,164,Undirected,
119,120,Undirected,
119,121,Undirected,
119,124,Undirected,
119,128,Undirected,
119,129,Undirected,
119,130,Undirected,
119,131,Undirected,
119,133,Undirected,
119,134,Undirected,
119,135,Undirected,
119,137,Undirected,
119,140,Undirected,
119,141,Undirected,
119,142,Undirected,
119,148,Undirected,
119,155,Undirected,
119,157,Undirected,
119,163,Undirected,
119,164,Undirected,
120,121,Undirected,
120,122,Undirected,
120,124,Undirected,
120,128,Undirected,
120,129,Undirected,
120,130,Undirected,
120,131,Undirected,
120,137,Undirected,
120,140,Undirected,
120,150,Undirected,
120,153,Undirected,
120,161,Undirected,
120,163,Undirected,
121,122,Undirected,
121,124,Undirected,
121,128,Undirected,
121,129,Undirected,
121,130,Undirected,
121,131,Undirected,
121,132,Undirected,
121,136,Undirected,
121,137,Undirected,
121,138,Undirected,
121,143,Undirected,
121,149,Undirected,
121,150,Undirected,
121,153,Undirected,
121,156,Undirected,
121,159,Undirected,
121,163,Undirected,
121,164,Undirected,
122,127,Undirected,
122,128,Undirected,
122,129,Undirected,
122,130,Undirected,
122,131,Undirected,
122,132,Undirected,
122,137,Undirected,
122,141,Undirected,
122,142,Undirected,
122,145,Undirected,
122,146,Undirected,
122,149,Undirected,
122,150,Undirected,
122,153,Undirected,
122,156,Undirected,
122,159,Undirected,
122,160,Undirected,
122,163,Undirected,
122,164,Undirected,
123,124,Undirected,
123,128,Undirected,
123,132,Undirected,
123,155,Undirected,
123,157,Undirected,
123,158,Undirected,
123,163,Undirected,
123,164,Undirected,
124,127,Undirected,
124,128,Undirected,
124,129,Undirected,
124,130,Undirected,
124,131,Undirected,
124,132,Undirected,
124,140,Undirected,
124,163,Undirected,
125,126,Undirected,
125,127,Undirected,
125,131,Undirected,
125,138,Undirected,
125,141,Undirected,
126,127,Undirected,
126,134,Undirected,
126,140,Undirected,
126,142,Undirected,
126,144,Undirected,
126,145,Undirected,
126,146,Undirected,
126,149,Undirected,
126,159,Undirected,
127,128,Undirected,
127,129,Undirected,
127,134,Undirected,
127,135,Undirected,
127,140,Undirected,
127,142,Undirected,
127,143,Undirected,
127,144,Undirected,
127,145,Undirected,
127,146,Undirected,
127,147,Undirected,
127,160,Undirected,
127,163,Undirected,
128,129,Undirected,
128,130,Undirected,
128,131,Undirected,
128,132,Undirected,
128,140,Undirected,
128,152,Undirected,
128,158,Undirected,
128,163,Undirected,
128,164,Undirected,
129,130,Undirected,
129,131,Undirected,
129,137,Undirected,
129,140,Undirected,
129,163,Undirected,
129,164,Undirected,
130,131,Undirected,
130,132,Undirected,
130,137,Undirected,
130,143,Undirected,
130,149,Undirected,
130,153,Undirected,
130,163,Undirected,
131,132,Undirected,
131,136,Undirected,
131,137,Undirected,
131,143,Undirected,
131,149,Undirected,
131,150,Undirected,
131,163,Undirected,
132,138,Undirected,
132,143,Undirected,
132,149,Undirected,
133,134,Undirected,
133,135,Undirected,
133,138,Undirected,
133,140,Undirected,
133,141,Undirected,
133,149,Undirected,
133,150,Undirected,
133,151,Undirected,
133,154,Undirected,
133,155,Undirected,
133,157,Undirected,
134,135,Undirected,
134,136,Undirected,
134,140,Undirected,
134,141,Undirected,
134,142,Undirected,
134,143,Undirected,
134,144,Undirected,
134,145,Undirected,
134,146,Undirected,
134,155,Undirected,
134,156,Undirected,
134,157,Undirected,
134,158,Undirected,
134,159,Undirected,
134,160,Undirected,
134,161,Undirected,
134,162,Undirected,
135,136,Undirected,
135,138,Undirected,
135,144,Undirected,
135,145,Undirected,
135,146,Undirected,
135,147,Undirected,
135,150,Undirected,
135,156,Undirected,
135,158,Undirected,
135,161,Undirected,
135,162,Undirected,
135,164,Undirected,
136,139,Undirected,
136,143,Undirected,
136,149,Undirected,
136,150,Undirected,
136,151,Undirected,
136,153,Undirected,
136,154,Undirected,
136,156,Undirected,
136,158,Undirected,
136,159,Undirected,
136,160,Undirected,
136,161,Undirected,
136,162,Undirected,
136,164,Undirected,
137,138,Undirected,
137,145,Undirected,
137,146,Undirected,
137,149,Undirected,
137,150,Undirected,
137,153,Undirected,
137,156,Undirected,
137,163,Undirected,
137,164,Undirected,
138,142,Undirected,
138,146,Undirected,
138,149,Undirected,
138,150,Undirected,
138,151,Undirected,
138,154,Undirected,
138,156,Undirected,
139,141,Undirected,
139,145,Undirected,
139,146,Undirected,
139,151,Undirected,
139,152,Undirected,
139,153,Undirected,
139,154,Undirected,
139,159,Undirected,
139,160,Undirected,
140,142,Undirected,
140,143,Undirected,
140,144,Undirected,
140,159,Undirected,
140,160,Undirected,
140,161,Undirected,
140,163,Undirected,
140,164,Undirected,
141,142,Undirected,
141,143,Undirected,
141,145,Undirected,
141,148,Undirected,
141,149,Undirected,
141,150,Undirected,
141,155,Undirected,
141,157,Undirected,
141,159,Undirected,
141,160,Undirected,
141,164,Undirected,
142,143,Undirected,
142,152,Undirected,
142,155,Undirected,
142,159,Undirected,
142,160,Undirected,
143,144,Undirected,
143,153,Undirected,
143,154,Undirected,
143,160,Undirected,
143,161,Undirected,
144,147,Undirected,
144,148,Undirected,
144,156,Undirected,
144,161,Undirected,
144,162,Undirected,
145,146,Undirected,
145,149,Undirected,
145,150,Undirected,
145,152,Undirected,
145,153,Undirected,
145,156,Undirected,
145,157,Undirected,
145,159,Undirected,
145,160,Undirected,
145,162,Undirected,
145,164,Undirected,
146,149,Undirected,
146,150,Undirected,
146,152,Undirected,
146,156,Undirected,
146,159,Undirected,
146,160,Undirected,
147,148,Undirected,
147,155,Undirected,
147,156,Undirected,
147,158,Undirected,
147,159,Undirected,
147,160,Undirected,
147,162,Undirected,
148,156,Undirected,
148,160,Undirected,
148,162,Undirected,
149,150,Undirected,
149,153,Undirected,
149,154,Undirected,
149,156,Undirected,
149,157,Undirected,
149,161,Undirected,
149,163,Undirected,
150,153,Undirected,
150,154,Undirected,
150,155,Undirected,
150,156,Undirected,
150,157,Undirected,
150,161,Undirected,
150,163,Undirected,
150,164,Undirected,
151,152,Undirected,
151,154,Undirected,
151,158,Undirected,
151,159,Undirected,
151,160,Undirected,
152,155,Undirected,
152,159,Undirected,
152,160,Undirected,
152,163,Undirected,
153,154,Undirected,
153,156,Undirected,
153,158,Undirected,
153,163,Undirected,
153,164,Undirected,
154,156,Undirected,
154,158,Undirected,
155,157,Undirected,
156,158,Undirected,
156,159,Undirected,
156,160,Undirected,
156,161,Undirected,
156,162,Undirected,
156,164,Undirected,
157,158,Undirected,
157,164,Undirected,
158,161,Undirected,
158,162,Undirected,
159,160,Undirected,
160,161,Undirected,
160,164,Undirected,
161,162,Undirected,
163,164,Undirected,
