Source,Target,Type,timeset
1,2,Undirected,
1,5,Undirected,
1,6,Undirected,
1,7,Undirected,
1,8,Undirected,
1,15,Undirected,
1,19,Undirected,
1,24,Undirected,
1,25,Undirected,
1,26,Undirected,
1,27,Undirected,
1,28,Undirected,
1,29,Undirected,
1,30,Undirected,
1,31,Undirected,
1,32,Undirected,
1,33,Undirected,
1,34,Undirected,
1,37,Undirected,
1,38,Undirected,
1,44,Undirected,
1,45,Undirected,
1,46,Undirected,
1,48,Undirected,
1,59,Undirected,
1,62,Undirected,
1,63,Undirected,
1,68,Undirected,
1,69,Undirected,
1,70,Undirected,
1,71,Undirected,
1,73,Undirected,
1,74,Undirected,
1,75,Undirected,
1,89,Undirected,
1,90,Undirected,
1,91,Undirected,
1,95,Undirected,
1,98,Undirected,
1,100,Undirected,
1,102,Undirected,
1,108,Undirected,
1,109,Undirected,
1,124,Undirected,
1,127,Undirected,
1,129,Undirected,
1,131,Undirected,
1,134,Undirected,
1,139,Undirected,
1,141,Undirected,
1,142,Undirected,
1,143,Undirected,
1,147,Undirected,
1,148,Undirected,
1,152,Undirected,
1,153,Undirected,
1,155,Undirected,
1,157,Undirected,
1,161,Undirected,
1,164,Undirected,
2,6,Undirected,
2,7,Undirected,
2,8,Undirected,
2,11,Undirected,
2,13,Undirected,
2,14,Undirected,
2,15,Undirected,
2,19,Undirected,
2,22,Undirected,
2,23,Undirected,
2,24,Undirected,
2,25,Undirected,
2,27,Undirected,
2,28,Undirected,
2,29,Undirected,
2,30,Undirected,
2,31,Undirected,
2,32,Undirected,
2,33,Undirected,
2,34,Undirected,
2,37,Undirected,
2,44,Undirected,
2,45,Undirected,
2,46,Undirected,
2,48,Undirected,
2,50,Undirected,
2,51,Undirected,
2,54,Undirected,
2,62,Undirected,
2,63,Undirected,
2,68,Undirected,
2,69,Undirected,
2,70,Undirected,
2,71,Undirected,
2,73,Undirected,
2,74,Undirected,
2,75,Undirected,
2,87,Undirected,
2,89,Undirected,
2,90,Undirected,
2,91,Undirected,
2,95,Undirected,
2,98,Undirected,
2,100,Undirected,
2,102,Undirected,
2,108,Undirected,
2,109,Undirected,
2,124,Undirected,
2,127,Undirected,
2,128,Undirected,
2,129,Undirected,
2,131,Undirected,
2,134,Undirected,
2,139,Undirected,
2,141,Undirected,
2,142,Undirected,
2,143,Undirected,
2,144,Undirected,
2,147,Undirected,
2,148,Undirected,
2,151,Undirected,
2,152,Undirected,
2,155,Undirected,
2,157,Undirected,
2,159,Undirected,
2,164,Undirected,
3,4,Undirected,
3,5,Undirected,
3,6,Undirected,
3,15,Undirected,
3,16,Undirected,
3,17,Undirected,
3,19,Undirected,
3,20,Undirected,
3,24,Undirected,
3,25,Undirected,
3,27,Undirected,
3,32,Undirected,
3,39,Undirected,
3,42,Undirected,
3,43,Undirected,
3,44,Undirected,
3,47,Undirected,
3,48,Undirected,
3,49,Undirected,
3,52,Undirected,
3,53,Undirected,
3,54,Undirected,
3,58,Undirected,
3,62,Undirected,
3,63,Undirected,
3,69,Undirected,
3,71,Undirected,
3,76,Undirected,
3,77,Undirected,
3,78,Undirected,
3,79,Undirected,
3,80,Undirected,
3,81,Undirected,
3,82,Undirected,
3,83,Undirected,
3,84,Undirected,
3,85,Undirected,
3,86,Undirected,
3,87,Undirected,
3,88,Undirected,
3,89,Undirected,
3,96,Undirected,
3,97,Undirected,
3,101,Undirected,
3,102,Undirected,
3,103,Undirected,
3,104,Undirected,
3,107,Undirected,
3,108,Undirected,
3,110,Undirected,
3,116,Undirected,
3,121,Undirected,
3,122,Undirected,
3,124,Undirected,
3,125,Undirected,
3,128,Undirected,
3,129,Undirected,
3,131,Undirected,
3,133,Undirected,
3,135,Undirected,
3,138,Undirected,
3,142,Undirected,
3,145,Undirected,
3,146,Undirected,
3,150,Undirected,
3,156,Undirected,
3,162,Undirected,
3,163,Undirected,
3,164,Undirected,
4,5,Undirected,
4,6,Undirected,
4,15,Undirected,
4,16,Undirected,
4,19,Undirected,
4,20,Undirected,
4,25,Undirected,
4,27,Undirected,
4,28,Undirected,
4,32,Undirected,
4,43,Undirected,
4,44,Undirected,
4,49,Undirected,
4,52,Undirected,
4,53,Undirected,
4,62,Undirected,
4,63,Undirected,
4,68,Undirected,
4,69,Undirected,
4,70,Undirected,
4,71,Undirected,
4,77,Undirected,
4,78,Undirected,
4,79,Undirected,
4,80,Undirected,
4,81,Undirected,
4,82,Undirected,
4,83,Undirected,
4,84,Undirected,
4,85,Undirected,
4,86,Undirected,
4,87,Undirected,
4,88,Undirected,
4,96,Undirected,
4,97,Undirected,
4,100,Undirected,
4,101,Undirected,
4,102,Undirected,
4,103,Undirected,
4,104,Undirected,
4,106,Undirected,
4,107,Undirected,
4,108,Undirected,
4,116,Undirected,
4,124,Undirected,
4,125,Undirected,
4,127,Undirected,
4,128,Undirected,
4,130,Undirected,
4,133,Undirected,
4,137,Undirected,
4,138,Undirected,
4,145,Undirected,
4,146,Undirected,
4,149,Undirected,
4,156,Undirected,
4,161,Undirected,
4,162,Undirected,
4,164,Undirected,
5,6,Undirected,
5,7,Undirected,
5,8,Undirected,
5,9,Undirected,
5,13,Undirected,
5,14,Undirected,
5,24,Undirected,
5,30,Undirected,
5,32,Undirected,
5,33,Undirected,
5,34,Undirected,
5,38,Undirected,
5,43,Undirected,
5,44,Undirected,
5,47,Undirected,
5,48,Undirected,
5,50,Undirected,
5,51,Undirected,
5,53,Undirected,
5,54,Undirected,
5,58,Undirected,
5,63,Undirected,
5,65,Undirected,
5,66,Undirected,
5,67,Undirected,
5,73,Undirected,
5,78,Undirected,
5,79,Undirected,
5,80,Undirected,
5,81,Undirected,
5,82,Undirected,
5,83,Undirected,
5,84,Undirected,
5,85,Undirected,
5,86,Undirected,
5,87,Undirected,
5,88,Undirected,
5,89,Undirected,
5,100,Undirected,
5,101,Undirected,
5,102,Undirected,
5,103,Undirected,
5,108,Undirected,
5,134,Undirected,
5,139,Undirected,
5,140,Undirected,
5,145,Undirected,
5,147,Undirected,
5,151,Undirected,
5,152,Undirected,
5,153,Undirected,
5,154,Undirected,
5,156,Undirected,
5,158,Undirected,
5,163,Undirected,
6,7,Undirected,
6,8,Undirected,
6,10,Undirected,
6,12,Undirected,
6,13,Undirected,
6,14,Undirected,
6,24,Undirected,
6,30,Undirected,
6,34,Undirected,
6,38,Undirected,
6,41,Undirected,
6,42,Undirected,
6,43,Undirected,
6,44,Undirected,
6,47,Undirected,
6,48,Undirected,
6,50,Undirected,
6,51,Undirected,
6,53,Undirected,
6,54,Undirected,
6,58,Undirected,
6,65,Undirected,
6,66,Undirected,
6,67,Undirected,
6,73,Undirected,
6,78,Undirected,
6,80,Undirected,
6,82,Undirected,
6,83,Undirected,
6,84,Undirected,
6,86,Undirected,
6,88,Undirected,
6,89,Undirected,
6,100,Undirected,
6,101,Undirected,
6,102,Undirected,
6,103,Undirected,
6,108,Undirected,
6,110,Undirected,
6,113,Undirected,
6,134,Undirected,
6,135,Undirected,
6,139,Undirected,
6,140,Undirected,
6,146,Undirected,
6,149,Undirected,
6,151,Undirected,
6,152,Undirected,
6,155,Undirected,
6,156,Undirected,
6,158,Undirected,
6,164,Undirected,
7,8,Undirected,
7,10,Undirected,
7,13,Undirected,
7,14,Undirected,
7,24,Undirected,
7,27,Undirected,
7,29,Undirected,
7,30,Undirected,
7,31,Undirected,
7,32,Undirected,
7,33,Undirected,
7,34,Undirected,
7,37,Undirected,
7,38,Undirected,
7,39,Undirected,
7,44,Undirected,
7,47,Undirected,
7,48,Undirected,
7,50,Undirected,
7,51,Undirected,
7,53,Undirected,
7,54,Undirected,
7,56,Undirected,
7,68,Undirected,
7,69,Undirected,
7,70,Undirected,
7,74,Undirected,
7,84,Undirected,
7,88,Undirected,
7,124,Undirected,
7,129,Undirected,
7,139,Undirected,
7,141,Undirected,
7,144,Undirected,
7,146,Undirected,
7,147,Undirected,
7,148,Undirected,
7,151,Undirected,
7,152,Undirected,
7,153,Undirected,
7,154,Undirected,
7,155,Undirected,
7,156,Undirected,
7,157,Undirected,
7,158,Undirected,
8,9,Undirected,
8,10,Undirected,
8,13,Undirected,
8,14,Undirected,
8,21,Undirected,
8,23,Undirected,
8,24,Undirected,
8,25,Undirected,
8,27,Undirected,
8,28,Undirected,
8,29,Undirected,
8,30,Undirected,
8,31,Undirected,
8,32,Undirected,
8,34,Undirected,
8,38,Undirected,
8,42,Undirected,
8,45,Undirected,
8,47,Undirected,
8,48,Undirected,
8,50,Undirected,
8,51,Undirected,
8,53,Undirected,
8,54,Undirected,
8,56,Undirected,
8,62,Undirected,
8,63,Undirected,
8,68,Undirected,
8,69,Undirected,
8,70,Undirected,
8,71,Undirected,
8,74,Undirected,
8,88,Undirected,
8,89,Undirected,
8,90,Undirected,
8,108,Undirected,
8,109,Undirected,
8,110,Undirected,
8,119,Undirected,
8,124,Undirected,
8,128,Undirected,
8,135,Undirected,
8,139,Undirected,
8,141,Undirected,
8,143,Undirected,
8,146,Undirected,
8,147,Undirected,
8,148,Undirected,
8,151,Undirected,
8,155,Undirected,
8,157,Undirected,
8,161,Undirected,
8,163,Undirected,
8,164,Undirected,
9,10,Undirected,
9,11,Undirected,
9,12,Undirected,
9,25,Undirected,
9,26,Undirected,
9,27,Undirected,
9,31,Undirected,
9,32,Undirected,
9,35,Undirected,
9,36,Undirected,
9,38,Undirected,
9,39,Undirected,
9,42,Undirected,
9,46,Undirected,
9,60,Undirected,
9,70,Undirected,
9,91,Undirected,
9,107,Undirected,
9,109,Undirected,
9,117,Undirected,
9,118,Undirected,
9,135,Undirected,
9,141,Undirected,
9,150,Undirected,
9,153,Undirected,
9,154,Undirected,
9,157,Undirected,
9,159,Undirected,
9,160,Undirected,
9,163,Undirected,
10,11,Undirected,
10,12,Undirected,
10,23,Undirected,
10,33,Undirected,
10,34,Undirected,
10,42,Undirected,
10,46,Undirected,
10,47,Undirected,
10,48,Undirected,
10,56,Undirected,
10,65,Undirected,
10,76,Undirected,
10,77,Undirected,
10,79,Undirected,
10,81,Undirected,
10,82,Undirected,
10,87,Undirected,
10,92,Undirected,
10,93,Undirected,
10,102,Undirected,
10,104,Undirected,
10,111,Undirected,
10,113,Undirected,
10,114,Undirected,
10,123,Undirected,
10,124,Undirected,
10,126,Undirected,
10,139,Undirected,
10,140,Undirected,
10,142,Undirected,
10,149,Undirected,
10,159,Undirected,
10,160,Undirected,
10,161,Undirected,
10,164,Undirected,
11,12,Undirected,
11,22,Undirected,
11,24,Undirected,
11,26,Undirected,
11,28,Undirected,
11,39,Undirected,
11,56,Undirected,
11,62,Undirected,
11,63,Undirected,
11,64,Undirected,
11,68,Undirected,
11,69,Undirected,
11,71,Undirected,
11,74,Undirected,
11,76,Undirected,
11,77,Undirected,
11,78,Undirected,
11,98,Undirected,
11,100,Undirected,
11,101,Undirected,
11,121,Undirected,
11,122,Undirected,
11,145,Undirected,
11,146,Undirected,
11,147,Undirected,
11,148,Undirected,
11,150,Undirected,
11,155,Undirected,
11,156,Undirected,
11,157,Undirected,
11,159,Undirected,
11,160,Undirected,
11,162,Undirected,
12,46,Undirected,
12,65,Undirected,
12,76,Undirected,
12,77,Undirected,
12,79,Undirected,
12,81,Undirected,
12,91,Undirected,
12,95,Undirected,
12,97,Undirected,
12,114,Undirected,
12,126,Undirected,
12,127,Undirected,
12,131,Undirected,
12,132,Undirected,
12,139,Undirected,
12,141,Undirected,
12,142,Undirected,
12,143,Undirected,
12,145,Undirected,
12,148,Undirected,
12,149,Undirected,
12,159,Undirected,
12,160,Undirected,
13,14,Undirected,
13,18,Undirected,
13,19,Undirected,
13,24,Undirected,
13,29,Undirected,
13,30,Undirected,
13,33,Undirected,
13,34,Undirected,
13,35,Undirected,
13,36,Undirected,
13,37,Undirected,
13,38,Undirected,
13,39,Undirected,
13,44,Undirected,
13,45,Undirected,
13,46,Undirected,
13,49,Undirected,
13,50,Undirected,
13,51,Undirected,
13,53,Undirected,
13,54,Undirected,
13,55,Undirected,
13,60,Undirected,
13,65,Undirected,
13,68,Undirected,
13,69,Undirected,
13,70,Undirected,
13,71,Undirected,
13,74,Undirected,
13,76,Undirected,
13,90,Undirected,
13,91,Undirected,
13,92,Undirected,
13,93,Undirected,
13,95,Undirected,
13,101,Undirected,
13,103,Undirected,
13,107,Undirected,
13,123,Undirected,
13,129,Undirected,
13,133,Undirected,
13,137,Undirected,
13,138,Undirected,
13,139,Undirected,
13,141,Undirected,
13,143,Undirected,
13,144,Undirected,
13,147,Undirected,
13,148,Undirected,
13,151,Undirected,
13,152,Undirected,
13,153,Undirected,
13,154,Undirected,
13,155,Undirected,
13,157,Undirected,
13,158,Undirected,
14,15,Undirected,
14,16,Undirected,
14,17,Undirected,
14,18,Undirected,
14,19,Undirected,
14,24,Undirected,
14,29,Undirected,
14,30,Undirected,
14,33,Undirected,
14,34,Undirected,
14,35,Undirected,
14,36,Undirected,
14,37,Undirected,
14,38,Undirected,
14,45,Undirected,
14,46,Undirected,
14,50,Undirected,
14,51,Undirected,
14,53,Undirected,
14,54,Undirected,
14,55,Undirected,
14,65,Undirected,
14,68,Undirected,
14,69,Undirected,
14,70,Undirected,
14,71,Undirected,
14,74,Undirected,
14,76,Undirected,
14,85,Undirected,
14,90,Undirected,
14,91,Undirected,
14,92,Undirected,
14,93,Undirected,
14,95,Undirected,
14,103,Undirected,
14,107,Undirected,
14,111,Undirected,
14,123,Undirected,
14,127,Undirected,
14,137,Undirected,
14,138,Undirected,
14,139,Undirected,
14,141,Undirected,
14,142,Undirected,
14,143,Undirected,
14,144,Undirected,
14,147,Undirected,
14,148,Undirected,
14,151,Undirected,
14,152,Undirected,
14,153,Undirected,
14,154,Undirected,
14,155,Undirected,
14,157,Undirected,
14,159,Undirected,
15,16,Undirected,
15,17,Undirected,
15,18,Undirected,
15,19,Undirected,
15,20,Undirected,
15,21,Undirected,
15,22,Undirected,
15,23,Undirected,
15,24,Undirected,
15,25,Undirected,
15,27,Undirected,
15,28,Undirected,
15,29,Undirected,
15,30,Undirected,
15,31,Undirected,
15,33,Undirected,
15,37,Undirected,
15,38,Undirected,
15,39,Undirected,
15,45,Undirected,
15,46,Undirected,
15,47,Undirected,
15,48,Undirected,
15,49,Undirected,
15,55,Undirected,
15,58,Undirected,
15,59,Undirected,
15,62,Undirected,
15,63,Undirected,
15,66,Undirected,
15,67,Undirected,
15,68,Undirected,
15,69,Undirected,
15,70,Undirected,
15,71,Undirected,
15,72,Undirected,
15,73,Undirected,
15,74,Undirected,
15,75,Undirected,
15,76,Undirected,
15,78,Undirected,
15,79,Undirected,
15,80,Undirected,
15,81,Undirected,
15,82,Undirected,
15,83,Undirected,
15,84,Undirected,
15,85,Undirected,
15,86,Undirected,
15,87,Undirected,
15,90,Undirected,
15,91,Undirected,
15,93,Undirected,
15,98,Undirected,
15,99,Undirected,
15,100,Undirected,
15,101,Undirected,
15,102,Undirected,
15,103,Undirected,
15,106,Undirected,
15,115,Undirected,
15,117,Undirected,
15,118,Undirected,
15,119,Undirected,
15,120,Undirected,
15,129,Undirected,
15,130,Undirected,
15,133,Undirected,
15,137,Undirected,
15,138,Undirected,
15,140,Undirected,
15,141,Undirected,
15,142,Undirected,
15,143,Undirected,
15,144,Undirected,
15,147,Undirected,
15,148,Undirected,
15,150,Undirected,
15,152,Undirected,
15,154,Undirected,
15,155,Undirected,
15,156,Undirected,
15,157,Undirected,
15,159,Undirected,
15,162,Undirected,
15,164,Undirected,
16,17,Undirected,
16,18,Undirected,
16,19,Undirected,
16,20,Undirected,
16,21,Undirected,
16,22,Undirected,
16,23,Undirected,
16,24,Undirected,
16,27,Undirected,
16,28,Undirected,
16,30,Undirected,
16,33,Undirected,
16,37,Undirected,
16,39,Undirected,
16,45,Undirected,
16,46,Undirected,
16,47,Undirected,
16,49,Undirected,
16,50,Undirected,
16,55,Undirected,
16,61,Undirected,
16,62,Undirected,
16,63,Undirected,
16,68,Undirected,
16,69,Undirected,
16,70,Undirected,
16,71,Undirected,
16,72,Undirected,
16,73,Undirected,
16,74,Undirected,
16,75,Undirected,
16,76,Undirected,
16,78,Undirected,
16,79,Undirected,
16,80,Undirected,
16,81,Undirected,
16,82,Undirected,
16,83,Undirected,
16,84,Undirected,
16,85,Undirected,
16,86,Undirected,
16,87,Undirected,
16,90,Undirected,
16,91,Undirected,
16,98,Undirected,
16,99,Undirected,
16,100,Undirected,
16,101,Undirected,
16,102,Undirected,
16,103,Undirected,
16,104,Undirected,
16,105,Undirected,
16,106,Undirected,
16,117,Undirected,
16,118,Undirected,
16,119,Undirected,
16,120,Undirected,
16,121,Undirected,
16,123,Undirected,
16,129,Undirected,
16,130,Undirected,
16,133,Undirected,
16,137,Undirected,
16,138,Undirected,
16,140,Undirected,
16,141,Undirected,
16,142,Undirected,
16,143,Undirected,
16,144,Undirected,
16,150,Undirected,
16,152,Undirected,
16,156,Undirected,
16,161,Undirected,
16,162,Undirected,
16,163,Undirected,
17,18,Undirected,
17,19,Undirected,
17,21,Undirected,
17,23,Undirected,
17,29,Undirected,
17,33,Undirected,
17,39,Undirected,
17,42,Undirected,
17,46,Undirected,
17,47,Undirected,
17,48,Undirected,
17,49,Undirected,
17,54,Undirected,
17,55,Undirected,
17,58,Undirected,
17,62,Undirected,
17,63,Undirected,
17,66,Undirected,
17,67,Undirected,
17,72,Undirected,
17,73,Undirected,
17,74,Undirected,
17,75,Undirected,
17,76,Undirected,
17,77,Undirected,
17,78,Undirected,
17,82,Undirected,
17,83,Undirected,
17,84,Undirected,
17,85,Undirected,
17,86,Undirected,
17,87,Undirected,
17,88,Undirected,
17,91,Undirected,
17,98,Undirected,
17,99,Undirected,
17,100,Undirected,
17,101,Undirected,
17,102,Undirected,
17,103,Undirected,
17,117,Undirected,
17,118,Undirected,
17,119,Undirected,
17,120,Undirected,
17,126,Undirected,
17,133,Undirected,
17,135,Undirected,
17,137,Undirected,
17,138,Undirected,
17,140,Undirected,
17,141,Undirected,
17,142,Undirected,
17,156,Undirected,
17,159,Undirected,
18,19,Undirected,
18,20,Undirected,
18,25,Undirected,
18,31,Undirected,
18,32,Undirected,
18,33,Undirected,
18,37,Undirected,
18,38,Undirected,
18,39,Undirected,
18,45,Undirected,
18,46,Undirected,
18,47,Undirected,
18,48,Undirected,
18,50,Undirected,
18,58,Undirected,
18,61,Undirected,
18,65,Undirected,
18,66,Undirected,
18,67,Undirected,
18,74,Undirected,
18,75,Undirected,
18,76,Undirected,
18,77,Undirected,
18,82,Undirected,
18,83,Undirected,
18,85,Undirected,
18,86,Undirected,
18,88,Undirected,
18,89,Undirected,
18,90,Undirected,
18,91,Undirected,
18,92,Undirected,
18,93,Undirected,
18,96,Undirected,
18,111,Undirected,
18,119,Undirected,
18,120,Undirected,
18,123,Undirected,
18,129,Undirected,
18,130,Undirected,
18,133,Undirected,
18,137,Undirected,
18,138,Undirected,
18,140,Undirected,
18,141,Undirected,
18,142,Undirected,
18,143,Undirected,
18,150,Undirected,
18,154,Undirected,
19,20,Undirected,
19,23,Undirected,
19,24,Undirected,
19,25,Undirected,
19,26,Undirected,
19,27,Undirected,
19,28,Undirected,
19,29,Undirected,
19,30,Undirected,
19,31,Undirected,
19,32,Undirected,
19,33,Undirected,
19,34,Undirected,
19,35,Undirected,
19,36,Undirected,
19,37,Undirected,
19,38,Undirected,
19,39,Undirected,
19,42,Undirected,
19,45,Undirected,
19,46,Undirected,
19,47,Undirected,
19,48,Undirected,
19,49,Undirected,
19,55,Undirected,
19,58,Undirected,
19,59,Undirected,
19,62,Undirected,
19,63,Undirected,
19,65,Undirected,
19,66,Undirected,
19,67,Undirected,
19,68,Undirected,
19,69,Undirected,
19,70,Undirected,
19,71,Undirected,
19,72,Undirected,
19,73,Undirected,
19,74,Undirected,
19,75,Undirected,
19,78,Undirected,
19,79,Undirected,
19,80,Undirected,
19,81,Undirected,
19,82,Undirected,
19,83,Undirected,
19,84,Undirected,
19,85,Undirected,
19,86,Undirected,
19,87,Undirected,
19,88,Undirected,
19,89,Undirected,
19,90,Undirected,
19,91,Undirected,
19,93,Undirected,
19,102,Undirected,
19,106,Undirected,
19,117,Undirected,
19,131,Undirected,
19,133,Undirected,
19,137,Undirected,
19,138,Undirected,
19,140,Undirected,
19,141,Undirected,
19,142,Undirected,
19,143,Undirected,
19,144,Undirected,
19,145,Undirected,
19,146,Undirected,
19,147,Undirected,
19,148,Undirected,
19,150,Undirected,
19,152,Undirected,
19,153,Undirected,
19,154,Undirected,
19,156,Undirected,
19,157,Undirected,
19,159,Undirected,
19,161,Undirected,
19,162,Undirected,
19,164,Undirected,
20,22,Undirected,
20,23,Undirected,
20,24,Undirected,
20,25,Undirected,
20,27,Undirected,
20,30,Undirected,
20,39,Undirected,
20,41,Undirected,
20,43,Undirected,
20,45,Undirected,
20,46,Undirected,
20,49,Undirected,
20,63,Undirected,
20,64,Undirected,
20,65,Undirected,
20,77,Undirected,
20,78,Undirected,
20,80,Undirected,
20,81,Undirected,
20,83,Undirected,
20,84,Undirected,
20,85,Undirected,
20,86,Undirected,
20,87,Undirected,
20,88,Undirected,
20,90,Undirected,
20,94,Undirected,
20,96,Undirected,
20,97,Undirected,
20,124,Undirected,
20,141,Undirected,
20,143,Undirected,
20,145,Undirected,
20,146,Undirected,
20,148,Undirected,
20,149,Undirected,
20,155,Undirected,
20,157,Undirected,
20,158,Undirected,
20,161,Undirected,
20,162,Undirected,
21,23,Undirected,
21,27,Undirected,
21,42,Undirected,
21,56,Undirected,
21,62,Undirected,
21,63,Undirected,
21,64,Undirected,
21,65,Undirected,
21,70,Undirected,
21,72,Undirected,
21,73,Undirected,
21,82,Undirected,
21,92,Undirected,
21,98,Undirected,
21,99,Undirected,
21,100,Undirected,
21,101,Undirected,
21,102,Undirected,
21,103,Undirected,
21,108,Undirected,
21,109,Undirected,
21,110,Undirected,
21,113,Undirected,
21,115,Undirected,
21,117,Undirected,
21,126,Undirected,
21,130,Undirected,
21,145,Undirected,
21,146,Undirected,
21,155,Undirected,
21,163,Undirected,
22,37,Undirected,
22,45,Undirected,
22,56,Undirected,
22,62,Undirected,
22,63,Undirected,
22,68,Undirected,
22,74,Undirected,
22,83,Undirected,
22,87,Undirected,
22,90,Undirected,
22,98,Undirected,
22,114,Undirected,
22,121,Undirected,
22,122,Undirected,
22,141,Undirected,
22,146,Undirected,
22,150,Undirected,
22,155,Undirected,
23,24,Undirected,
23,25,Undirected,
23,38,Undirected,
23,39,Undirected,
23,40,Undirected,
23,41,Undirected,
23,42,Undirected,
23,43,Undirected,
23,60,Undirected,
23,61,Undirected,
23,70,Undirected,
23,87,Undirected,
23,113,Undirected,
23,115,Undirected,
23,116,Undirected,
23,149,Undirected,
23,155,Undirected,
23,158,Undirected,
23,161,Undirected,
23,162,Undirected,
23,163,Undirected,
24,25,Undirected,
24,28,Undirected,
24,31,Undirected,
24,34,Undirected,
24,40,Undirected,
24,41,Undirected,
24,42,Undirected,
24,43,Undirected,
24,44,Undirected,
24,45,Undirected,
24,46,Undirected,
24,53,Undirected,
24,54,Undirected,
24,55,Undirected,
24,61,Undirected,
24,65,Undirected,
24,68,Undirected,
24,69,Undirected,
24,70,Undirected,
24,71,Undirected,
24,74,Undirected,
24,76,Undirected,
24,83,Undirected,
24,88,Undirected,
24,89,Undirected,
24,90,Undirected,
24,91,Undirected,
24,94,Undirected,
24,108,Undirected,
24,125,Undirected,
24,135,Undirected,
24,139,Undirected,
24,141,Undirected,
24,142,Undirected,
24,143,Undirected,
24,144,Undirected,
24,146,Undirected,
24,147,Undirected,
24,148,Undirected,
24,149,Undirected,
24,155,Undirected,
24,157,Undirected,
24,158,Undirected,
24,161,Undirected,
24,162,Undirected,
24,163,Undirected,
25,26,Undirected,
25,27,Undirected,
25,31,Undirected,
25,35,Undirected,
25,36,Undirected,
25,37,Undirected,
25,38,Undirected,
25,39,Undirected,
25,40,Undirected,
25,41,Undirected,
25,43,Undirected,
25,44,Undirected,
25,45,Undirected,
25,46,Undirected,
25,49,Undirected,
25,60,Undirected,
25,62,Undirected,
25,64,Undirected,
25,71,Undirected,
25,74,Undirected,
25,80,Undirected,
25,81,Undirected,
25,85,Undirected,
25,87,Undirected,
25,88,Undirected,
25,90,Undirected,
25,91,Undirected,
25,133,Undirected,
25,134,Undirected,
25,140,Undirected,
25,141,Undirected,
25,142,Undirected,
25,143,Undirected,
25,145,Undirected,
25,146,Undirected,
25,147,Undirected,
25,148,Undirected,
25,149,Undirected,
25,150,Undirected,
25,153,Undirected,
25,154,Undirected,
25,155,Undirected,
25,157,Undirected,
25,158,Undirected,
25,160,Undirected,
25,161,Undirected,
25,162,Undirected,
25,163,Undirected,
26,28,Undirected,
26,30,Undirected,
26,31,Undirected,
26,32,Undirected,
26,35,Undirected,
26,36,Undirected,
26,37,Undirected,
26,38,Undirected,
26,39,Undirected,
26,40,Undirected,
26,44,Undirected,
26,46,Undirected,
26,48,Undirected,
26,49,Undirected,
26,50,Undirected,
26,56,Undirected,
26,57,Undirected,
26,60,Undirected,
26,69,Undirected,
26,71,Undirected,
26,74,Undirected,
26,81,Undirected,
26,91,Undirected,
26,107,Undirected,
26,109,Undirected,
26,110,Undirected,
26,115,Undirected,
26,116,Undirected,
26,129,Undirected,
26,133,Undirected,
26,134,Undirected,
26,135,Undirected,
26,136,Undirected,
26,141,Undirected,
26,142,Undirected,
26,143,Undirected,
26,145,Undirected,
26,150,Undirected,
26,153,Undirected,
26,154,Undirected,
26,157,Undirected,
26,160,Undirected,
26,161,Undirected,
26,162,Undirected,
26,163,Undirected,
27,28,Undirected,
27,29,Undirected,
27,30,Undirected,
27,31,Undirected,
27,34,Undirected,
27,37,Undirected,
27,39,Undirected,
27,43,Undirected,
27,45,Undirected,
27,46,Undirected,
27,48,Undirected,
27,49,Undirected,
27,57,Undirected,
27,62,Undirected,
27,63,Undirected,
27,68,Undirected,
27,69,Undirected,
27,70,Undirected,
27,71,Undirected,
27,74,Undirected,
27,77,Undirected,
27,78,Undirected,
27,79,Undirected,
27,80,Undirected,
27,81,Undirected,
27,82,Undirected,
27,83,Undirected,
27,84,Undirected,
27,85,Undirected,
27,86,Undirected,
27,87,Undirected,
27,92,Undirected,
27,93,Undirected,
27,98,Undirected,
27,100,Undirected,
27,101,Undirected,
27,102,Undirected,
27,106,Undirected,
27,127,Undirected,
27,128,Undirected,
27,133,Undirected,
27,136,Undirected,
27,137,Undirected,
27,138,Undirected,
27,141,Undirected,
27,144,Undirected,
27,145,Undirected,
27,147,Undirected,
27,148,Undirected,
27,150,Undirected,
27,155,Undirected,
27,156,Undirected,
27,157,Undirected,
28,29,Undirected,
28,30,Undirected,
28,31,Undirected,
28,32,Undirected,
28,41,Undirected,
28,43,Undirected,
28,45,Undirected,
28,46,Undirected,
28,48,Undirected,
28,57,Undirected,
28,58,Undirected,
28,62,Undirected,
28,63,Undirected,
28,68,Undirected,
28,69,Undirected,
28,70,Undirected,
28,71,Undirected,
28,74,Undirected,
28,75,Undirected,
28,77,Undirected,
28,83,Undirected,
28,89,Undirected,
28,96,Undirected,
28,97,Undirected,
28,100,Undirected,
28,101,Undirected,
28,103,Undirected,
28,106,Undirected,
28,124,Undirected,
28,127,Undirected,
28,129,Undirected,
28,136,Undirected,
28,141,Undirected,
28,142,Undirected,
28,145,Undirected,
28,147,Undirected,
28,148,Undirected,
28,155,Undirected,
28,157,Undirected,
28,158,Undirected,
29,30,Undirected,
29,31,Undirected,
29,33,Undirected,
29,34,Undirected,
29,37,Undirected,
29,38,Undirected,
29,45,Undirected,
29,46,Undirected,
29,48,Undirected,
29,49,Undirected,
29,50,Undirected,
29,51,Undirected,
29,56,Undirected,
29,57,Undirected,
29,60,Undirected,
29,62,Undirected,
29,63,Undirected,
29,68,Undirected,
29,69,Undirected,
29,70,Undirected,
29,71,Undirected,
29,74,Undirected,
29,75,Undirected,
29,77,Undirected,
29,80,Undirected,
29,87,Undirected,
29,89,Undirected,
29,90,Undirected,
29,91,Undirected,
29,98,Undirected,
29,124,Undirected,
29,129,Undirected,
29,131,Undirected,
29,136,Undirected,
29,137,Undirected,
29,138,Undirected,
29,139,Undirected,
29,141,Undirected,
29,142,Undirected,
29,143,Undirected,
29,144,Undirected,
29,147,Undirected,
29,148,Undirected,
29,151,Undirected,
29,155,Undirected,
29,157,Undirected,
29,159,Undirected,
30,31,Undirected,
30,32,Undirected,
30,33,Undirected,
30,34,Undirected,
30,37,Undirected,
30,38,Undirected,
30,39,Undirected,
30,45,Undirected,
30,46,Undirected,
30,53,Undirected,
30,62,Undirected,
30,63,Undirected,
30,68,Undirected,
30,69,Undirected,
30,70,Undirected,
30,71,Undirected,
30,74,Undirected,
30,81,Undirected,
30,83,Undirected,
30,85,Undirected,
30,90,Undirected,
30,91,Undirected,
30,123,Undirected,
30,127,Undirected,
30,129,Undirected,
30,130,Undirected,
30,137,Undirected,
30,138,Undirected,
30,139,Undirected,
30,141,Undirected,
30,142,Undirected,
30,143,Undirected,
30,144,Undirected,
30,147,Undirected,
30,148,Undirected,
30,152,Undirected,
30,154,Undirected,
30,155,Undirected,
30,157,Undirected,
30,163,Undirected,
31,32,Undirected,
31,34,Undirected,
31,35,Undirected,
31,38,Undirected,
31,39,Undirected,
31,42,Undirected,
31,45,Undirected,
31,46,Undirected,
31,57,Undirected,
31,62,Undirected,
31,63,Undirected,
31,68,Undirected,
31,69,Undirected,
31,70,Undirected,
31,71,Undirected,
31,72,Undirected,
31,73,Undirected,
31,74,Undirected,
31,75,Undirected,
31,76,Undirected,
31,84,Undirected,
31,90,Undirected,
31,91,Undirected,
31,95,Undirected,
31,102,Undirected,
31,107,Undirected,
31,115,Undirected,
31,116,Undirected,
31,129,Undirected,
31,135,Undirected,
31,136,Undirected,
31,139,Undirected,
31,141,Undirected,
31,142,Undirected,
31,143,Undirected,
31,147,Undirected,
31,148,Undirected,
31,152,Undirected,
31,153,Undirected,
31,154,Undirected,
31,155,Undirected,
31,157,Undirected,
31,159,Undirected,
31,163,Undirected,
32,33,Undirected,
32,35,Undirected,
32,36,Undirected,
32,42,Undirected,
32,46,Undirected,
32,52,Undirected,
32,70,Undirected,
32,71,Undirected,
32,72,Undirected,
32,73,Undirected,
32,74,Undirected,
32,75,Undirected,
32,76,Undirected,
32,77,Undirected,
32,79,Undirected,
32,80,Undirected,
32,81,Undirected,
32,84,Undirected,
32,87,Undirected,
32,91,Undirected,
32,107,Undirected,
32,109,Undirected,
32,113,Undirected,
32,115,Undirected,
32,116,Undirected,
32,128,Undirected,
32,129,Undirected,
32,130,Undirected,
32,135,Undirected,
32,139,Undirected,
32,141,Undirected,
32,142,Undirected,
32,147,Undirected,
32,149,Undirected,
32,152,Undirected,
32,153,Undirected,
32,154,Undirected,
32,155,Undirected,
32,157,Undirected,
32,160,Undirected,
32,163,Undirected,
33,34,Undirected,
33,35,Undirected,
33,36,Undirected,
33,37,Undirected,
33,38,Undirected,
33,39,Undirected,
33,43,Undirected,
33,44,Undirected,
33,45,Undirected,
33,46,Undirected,
33,49,Undirected,
33,50,Undirected,
33,51,Undirected,
33,53,Undirected,
33,54,Undirected,
33,55,Undirected,
33,62,Undirected,
33,65,Undirected,
33,68,Undirected,
33,69,Undirected,
33,70,Undirected,
33,71,Undirected,
33,74,Undirected,
33,75,Undirected,
33,76,Undirected,
33,80,Undirected,
33,90,Undirected,
33,91,Undirected,
33,92,Undirected,
33,93,Undirected,
33,94,Undirected,
33,95,Undirected,
33,98,Undirected,
33,99,Undirected,
33,103,Undirected,
33,107,Undirected,
33,118,Undirected,
33,120,Undirected,
33,123,Undirected,
33,129,Undirected,
33,133,Undirected,
33,137,Undirected,
33,138,Undirected,
33,139,Undirected,
33,140,Undirected,
33,141,Undirected,
33,142,Undirected,
33,143,Undirected,
33,144,Undirected,
33,147,Undirected,
33,148,Undirected,
33,151,Undirected,
33,152,Undirected,
33,153,Undirected,
33,154,Undirected,
33,155,Undirected,
33,157,Undirected,
33,158,Undirected,
33,159,Undirected,
34,35,Undirected,
34,36,Undirected,
34,37,Undirected,
34,38,Undirected,
34,39,Undirected,
34,44,Undirected,
34,45,Undirected,
34,46,Undirected,
34,49,Undirected,
34,50,Undirected,
34,51,Undirected,
34,53,Undirected,
34,55,Undirected,
34,56,Undirected,
34,62,Undirected,
34,63,Undirected,
34,65,Undirected,
34,68,Undirected,
34,69,Undirected,
34,70,Undirected,
34,71,Undirected,
34,74,Undirected,
34,76,Undirected,
34,90,Undirected,
34,91,Undirected,
34,92,Undirected,
34,93,Undirected,
34,95,Undirected,
34,98,Undirected,
34,107,Undirected,
34,118,Undirected,
34,123,Undirected,
34,127,Undirected,
34,129,Undirected,
34,133,Undirected,
34,136,Undirected,
34,137,Undirected,
34,138,Undirected,
34,139,Undirected,
34,140,Undirected,
34,141,Undirected,
34,142,Undirected,
34,143,Undirected,
34,144,Undirected,
34,147,Undirected,
34,148,Undirected,
34,151,Undirected,
34,152,Undirected,
34,153,Undirected,
34,154,Undirected,
34,155,Undirected,
34,157,Undirected,
34,159,Undirected,
35,36,Undirected,
35,37,Undirected,
35,38,Undirected,
35,39,Undirected,
35,42,Undirected,
35,43,Undirected,
35,44,Undirected,
35,46,Undirected,
35,54,Undirected,
35,88,Undirected,
35,90,Undirected,
35,91,Undirected,
35,101,Undirected,
35,117,Undirected,
35,119,Undirected,
35,129,Undirected,
35,130,Undirected,
35,133,Undirected,
35,138,Undirected,
35,139,Undirected,
35,140,Undirected,
35,142,Undirected,
35,143,Undirected,
35,150,Undirected,
35,151,Undirected,
35,152,Undirected,
35,153,Undirected,
35,154,Undirected,
36,37,Undirected,
36,38,Undirected,
36,39,Undirected,
36,42,Undirected,
36,46,Undirected,
36,66,Undirected,
36,67,Undirected,
36,74,Undirected,
36,90,Undirected,
36,91,Undirected,
36,95,Undirected,
36,110,Undirected,
36,137,Undirected,
36,138,Undirected,
36,139,Undirected,
36,140,Undirected,
36,142,Undirected,
36,143,Undirected,
36,148,Undirected,
36,150,Undirected,
36,151,Undirected,
36,152,Undirected,
36,153,Undirected,
36,154,Undirected,
36,160,Undirected,
37,38,Undirected,
37,39,Undirected,
37,40,Undirected,
37,41,Undirected,
37,44,Undirected,
37,45,Undirected,
37,46,Undirected,
37,49,Undirected,
37,50,Undirected,
37,51,Undirected,
37,53,Undirected,
37,55,Undirected,
37,56,Undirected,
37,62,Undirected,
37,65,Undirected,
37,68,Undirected,
37,69,Undirected,
37,70,Undirected,
37,71,Undirected,
37,74,Undirected,
37,80,Undirected,
37,90,Undirected,
37,91,Undirected,
37,104,Undirected,
37,105,Undirected,
37,120,Undirected,
37,129,Undirected,
37,131,Undirected,
37,133,Undirected,
37,137,Undirected,
37,138,Undirected,
37,139,Undirected,
37,140,Undirected,
37,141,Undirected,
37,142,Undirected,
37,143,Undirected,
37,144,Undirected,
37,145,Undirected,
37,147,Undirected,
37,148,Undirected,
37,150,Undirected,
37,152,Undirected,
37,153,Undirected,
37,154,Undirected,
37,157,Undirected,
37,158,Undirected,
37,161,Undirected,
37,164,Undirected,
38,39,Undirected,
38,40,Undirected,
38,41,Undirected,
38,43,Undirected,
38,44,Undirected,
38,49,Undirected,
38,53,Undirected,
38,55,Undirected,
38,56,Undirected,
38,60,Undirected,
38,64,Undirected,
38,65,Undirected,
38,68,Undirected,
38,74,Undirected,
38,76,Undirected,
38,90,Undirected,
38,91,Undirected,
38,100,Undirected,
38,101,Undirected,
38,106,Undirected,
38,115,Undirected,
38,116,Undirected,
38,117,Undirected,
38,120,Undirected,
38,123,Undirected,
38,129,Undirected,
38,130,Undirected,
38,133,Undirected,
38,134,Undirected,
38,136,Undirected,
38,137,Undirected,
38,138,Undirected,
38,139,Undirected,
38,141,Undirected,
38,143,Undirected,
38,144,Undirected,
38,147,Undirected,
38,148,Undirected,
38,149,Undirected,
38,150,Undirected,
38,153,Undirected,
38,154,Undirected,
38,157,Undirected,
38,158,Undirected,
38,160,Undirected,
38,161,Undirected,
38,162,Undirected,
38,163,Undirected,
39,40,Undirected,
39,41,Undirected,
39,43,Undirected,
39,46,Undirected,
39,49,Undirected,
39,55,Undirected,
39,58,Undirected,
39,59,Undirected,
39,65,Undirected,
39,78,Undirected,
39,80,Undirected,
39,81,Undirected,
39,82,Undirected,
39,85,Undirected,
39,86,Undirected,
39,88,Undirected,
39,91,Undirected,
39,105,Undirected,
39,115,Undirected,
39,117,Undirected,
39,119,Undirected,
39,131,Undirected,
39,133,Undirected,
39,137,Undirected,
39,138,Undirected,
39,140,Undirected,
39,142,Undirected,
39,143,Undirected,
39,144,Undirected,
39,146,Undirected,
39,150,Undirected,
39,153,Undirected,
39,154,Undirected,
39,158,Undirected,
39,161,Undirected,
39,162,Undirected,
39,163,Undirected,
39,164,Undirected,
40,41,Undirected,
40,42,Undirected,
40,43,Undirected,
40,44,Undirected,
40,49,Undirected,
40,53,Undirected,
40,65,Undirected,
40,66,Undirected,
40,67,Undirected,
40,76,Undirected,
40,82,Undirected,
40,85,Undirected,
40,87,Undirected,
40,91,Undirected,
40,95,Undirected,
40,100,Undirected,
40,101,Undirected,
40,113,Undirected,
40,117,Undirected,
40,133,Undirected,
40,134,Undirected,
40,135,Undirected,
40,138,Undirected,
40,144,Undirected,
40,149,Undirected,
40,150,Undirected,
40,153,Undirected,
40,154,Undirected,
40,156,Undirected,
40,158,Undirected,
40,161,Undirected,
40,162,Undirected,
40,163,Undirected,
41,42,Undirected,
41,43,Undirected,
41,44,Undirected,
41,47,Undirected,
41,50,Undirected,
41,53,Undirected,
41,54,Undirected,
41,57,Undirected,
41,58,Undirected,
41,63,Undirected,
41,64,Undirected,
41,65,Undirected,
41,66,Undirected,
41,67,Undirected,
41,68,Undirected,
41,69,Undirected,
41,73,Undirected,
41,87,Undirected,
41,95,Undirected,
41,100,Undirected,
41,101,Undirected,
41,102,Undirected,
41,103,Undirected,
41,108,Undirected,
41,118,Undirected,
41,121,Undirected,
41,122,Undirected,
41,132,Undirected,
41,134,Undirected,
41,135,Undirected,
41,136,Undirected,
41,143,Undirected,
41,149,Undirected,
41,156,Undirected,
41,158,Undirected,
41,161,Undirected,
41,162,Undirected,
42,43,Undirected,
42,44,Undirected,
42,46,Undirected,
42,47,Undirected,
42,50,Undirected,
42,53,Undirected,
42,54,Undirected,
42,56,Undirected,
42,57,Undirected,
42,66,Undirected,
42,67,Undirected,
42,69,Undirected,
42,73,Undirected,
42,77,Undirected,
42,78,Undirected,
42,82,Undirected,
42,88,Undirected,
42,95,Undirected,
42,102,Undirected,
42,103,Undirected,
42,108,Undirected,
42,119,Undirected,
42,120,Undirected,
42,134,Undirected,
42,135,Undirected,
42,136,Undirected,
42,142,Undirected,
42,146,Undirected,
42,149,Undirected,
42,150,Undirected,
42,156,Undirected,
42,158,Undirected,
42,160,Undirected,
42,161,Undirected,
42,162,Undirected,
42,163,Undirected,
43,44,Undirected,
43,45,Undirected,
43,50,Undirected,
43,53,Undirected,
43,54,Undirected,
43,57,Undirected,
43,58,Undirected,
43,59,Undirected,
43,62,Undirected,
43,63,Undirected,
43,64,Undirected,
43,65,Undirected,
43,67,Undirected,
43,68,Undirected,
43,69,Undirected,
43,73,Undirected,
43,82,Undirected,
43,90,Undirected,
43,91,Undirected,
43,100,Undirected,
43,101,Undirected,
43,102,Undirected,
43,103,Undirected,
43,108,Undirected,
43,111,Undirected,
43,113,Undirected,
43,123,Undirected,
43,124,Undirected,
43,134,Undirected,
43,135,Undirected,
43,136,Undirected,
43,139,Undirected,
43,143,Undirected,
43,149,Undirected,
43,151,Undirected,
43,153,Undirected,
43,154,Undirected,
43,156,Undirected,
43,158,Undirected,
43,161,Undirected,
43,162,Undirected,
43,163,Undirected,
44,46,Undirected,
44,50,Undirected,
44,53,Undirected,
44,54,Undirected,
44,57,Undirected,
44,58,Undirected,
44,59,Undirected,
44,90,Undirected,
44,91,Undirected,
44,98,Undirected,
44,101,Undirected,
44,134,Undirected,
44,135,Undirected,
44,136,Undirected,
44,139,Undirected,
44,140,Undirected,
44,141,Undirected,
44,142,Undirected,
44,143,Undirected,
44,148,Undirected,
44,149,Undirected,
44,151,Undirected,
44,152,Undirected,
44,153,Undirected,
44,154,Undirected,
44,155,Undirected,
44,156,Undirected,
44,157,Undirected,
44,158,Undirected,
44,161,Undirected,
45,46,Undirected,
45,49,Undirected,
45,58,Undirected,
45,59,Undirected,
45,62,Undirected,
45,63,Undirected,
45,65,Undirected,
45,68,Undirected,
45,69,Undirected,
45,70,Undirected,
45,71,Undirected,
45,74,Undirected,
45,75,Undirected,
45,79,Undirected,
45,80,Undirected,
45,81,Undirected,
45,82,Undirected,
45,83,Undirected,
45,85,Undirected,
45,86,Undirected,
45,87,Undirected,
45,90,Undirected,
45,91,Undirected,
45,93,Undirected,
45,95,Undirected,
45,98,Undirected,
45,100,Undirected,
45,102,Undirected,
45,107,Undirected,
45,111,Undirected,
45,114,Undirected,
45,124,Undirected,
45,127,Undirected,
45,135,Undirected,
45,137,Undirected,
45,138,Undirected,
45,139,Undirected,
45,140,Undirected,
45,141,Undirected,
45,142,Undirected,
45,143,Undirected,
45,144,Undirected,
45,147,Undirected,
45,148,Undirected,
45,151,Undirected,
45,152,Undirected,
45,155,Undirected,
45,157,Undirected,
45,159,Undirected,
46,47,Undirected,
46,48,Undirected,
46,49,Undirected,
46,53,Undirected,
46,54,Undirected,
46,56,Undirected,
46,58,Undirected,
46,59,Undirected,
46,62,Undirected,
46,63,Undirected,
46,65,Undirected,
46,66,Undirected,
46,67,Undirected,
46,68,Undirected,
46,69,Undirected,
46,70,Undirected,
46,71,Undirected,
46,72,Undirected,
46,73,Undirected,
46,74,Undirected,
46,75,Undirected,
46,78,Undirected,
46,80,Undirected,
46,82,Undirected,
46,83,Undirected,
46,85,Undirected,
46,86,Undirected,
46,88,Undirected,
46,90,Undirected,
46,91,Undirected,
46,92,Undirected,
46,93,Undirected,
46,95,Undirected,
46,98,Undirected,
46,102,Undirected,
46,110,Undirected,
46,122,Undirected,
46,129,Undirected,
46,131,Undirected,
46,133,Undirected,
46,137,Undirected,
46,138,Undirected,
46,139,Undirected,
46,140,Undirected,
46,141,Undirected,
46,142,Undirected,
46,143,Undirected,
46,145,Undirected,
46,146,Undirected,
46,147,Undirected,
46,148,Undirected,
46,150,Undirected,
46,152,Undirected,
46,153,Undirected,
46,154,Undirected,
46,155,Undirected,
46,157,Undirected,
46,159,Undirected,
46,160,Undirected,
46,161,Undirected,
46,162,Undirected,
47,48,Undirected,
47,49,Undirected,
47,50,Undirected,
47,53,Undirected,
47,54,Undirected,
47,57,Undirected,
47,58,Undirected,
47,59,Undirected,
47,66,Undirected,
47,67,Undirected,
47,72,Undirected,
47,73,Undirected,
47,74,Undirected,
47,75,Undirected,
47,78,Undirected,
47,79,Undirected,
47,80,Undirected,
47,81,Undirected,
47,82,Undirected,
47,83,Undirected,
47,84,Undirected,
47,85,Undirected,
47,86,Undirected,
47,88,Undirected,
47,89,Undirected,
47,90,Undirected,
47,92,Undirected,
47,93,Undirected,
47,95,Undirected,
47,98,Undirected,
47,99,Undirected,
47,102,Undirected,
47,105,Undirected,
47,107,Undirected,
47,108,Undirected,
47,110,Undirected,
47,116,Undirected,
47,127,Undirected,
47,131,Undirected,
47,133,Undirected,
47,137,Undirected,
47,138,Undirected,
47,140,Undirected,
47,142,Undirected,
47,143,Undirected,
47,155,Undirected,
47,156,Undirected,
47,163,Undirected,
47,164,Undirected,
48,50,Undirected,
48,51,Undirected,
48,53,Undirected,
48,54,Undirected,
48,57,Undirected,
48,58,Undirected,
48,59,Undirected,
48,66,Undirected,
48,67,Undirected,
48,68,Undirected,
48,70,Undirected,
48,72,Undirected,
48,73,Undirected,
48,75,Undirected,
48,77,Undirected,
48,80,Undirected,
48,82,Undirected,
48,83,Undirected,
48,84,Undirected,
48,85,Undirected,
48,86,Undirected,
48,88,Undirected,
48,89,Undirected,
48,91,Undirected,
48,92,Undirected,
48,93,Undirected,
48,95,Undirected,
48,97,Undirected,
48,99,Undirected,
48,105,Undirected,
48,108,Undirected,
48,110,Undirected,
48,127,Undirected,
48,128,Undirected,
48,133,Undirected,
48,137,Undirected,
48,138,Undirected,
48,140,Undirected,
48,142,Undirected,
48,143,Undirected,
48,150,Undirected,
48,151,Undirected,
48,155,Undirected,
48,156,Undirected,
48,157,Undirected,
48,164,Undirected,
49,50,Undirected,
49,51,Undirected,
49,52,Undirected,
49,54,Undirected,
49,56,Undirected,
49,60,Undirected,
49,61,Undirected,
49,62,Undirected,
49,63,Undirected,
49,65,Undirected,
49,68,Undirected,
49,69,Undirected,
49,70,Undirected,
49,71,Undirected,
49,72,Undirected,
49,74,Undirected,
49,75,Undirected,
49,78,Undirected,
49,79,Undirected,
49,80,Undirected,
49,81,Undirected,
49,82,Undirected,
49,83,Undirected,
49,84,Undirected,
49,85,Undirected,
49,86,Undirected,
49,87,Undirected,
49,88,Undirected,
49,90,Undirected,
49,102,Undirected,
49,104,Undirected,
49,108,Undirected,
49,109,Undirected,
49,110,Undirected,
49,111,Undirected,
49,121,Undirected,
49,122,Undirected,
49,124,Undirected,
49,125,Undirected,
49,130,Undirected,
49,131,Undirected,
49,133,Undirected,
49,135,Undirected,
49,136,Undirected,
49,137,Undirected,
49,138,Undirected,
49,140,Undirected,
49,141,Undirected,
49,142,Undirected,
49,143,Undirected,
49,144,Undirected,
49,145,Undirected,
49,146,Undirected,
49,147,Undirected,
49,148,Undirected,
49,149,Undirected,
49,150,Undirected,
49,151,Undirected,
49,153,Undirected,
49,154,Undirected,
49,157,Undirected,
49,158,Undirected,
49,161,Undirected,
49,162,Undirected,
49,164,Undirected,
50,51,Undirected,
50,52,Undirected,
50,53,Undirected,
50,54,Undirected,
50,55,Undirected,
50,60,Undirected,
50,61,Undirected,
50,88,Undirected,
50,89,Undirected,
50,103,Undirected,
50,106,Undirected,
50,107,Undirected,
50,109,Undirected,
50,121,Undirected,
50,130,Undirected,
50,131,Undirected,
50,137,Undirected,
50,139,Undirected,
50,144,Undirected,
50,147,Undirected,
50,148,Undirected,
50,151,Undirected,
50,152,Undirected,
50,155,Undirected,
50,156,Undirected,
50,158,Undirected,
50,163,Undirected,
51,53,Undirected,
51,54,Undirected,
51,60,Undirected,
51,61,Undirected,
51,88,Undirected,
51,89,Undirected,
51,103,Undirected,
51,106,Undirected,
51,107,Undirected,
51,115,Undirected,
51,116,Undirected,
51,121,Undirected,
51,124,Undirected,
51,128,Undirected,
51,131,Undirected,
51,137,Undirected,
51,139,Undirected,
51,144,Undirected,
51,147,Undirected,
51,148,Undirected,
51,150,Undirected,
51,151,Undirected,
51,152,Undirected,
51,155,Undirected,
51,156,Undirected,
51,158,Undirected,
51,162,Undirected,
51,163,Undirected,
52,56,Undirected,
52,60,Undirected,
52,61,Undirected,
52,76,Undirected,
52,77,Undirected,
52,91,Undirected,
52,99,Undirected,
52,104,Undirected,
52,109,Undirected,
52,111,Undirected,
52,112,Undirected,
52,114,Undirected,
52,126,Undirected,
52,129,Undirected,
52,131,Undirected,
52,133,Undirected,
52,141,Undirected,
52,145,Undirected,
52,146,Undirected,
52,164,Undirected,
53,54,Undirected,
53,55,Undirected,
53,58,Undirected,
53,59,Undirected,
53,60,Undirected,
53,64,Undirected,
53,65,Undirected,
53,66,Undirected,
53,67,Undirected,
53,72,Undirected,
53,73,Undirected,
53,75,Undirected,
53,78,Undirected,
53,80,Undirected,
53,82,Undirected,
53,86,Undirected,
53,88,Undirected,
53,89,Undirected,
53,101,Undirected,
53,102,Undirected,
53,103,Undirected,
53,111,Undirected,
53,112,Undirected,
53,113,Undirected,
53,114,Undirected,
53,125,Undirected,
53,127,Undirected,
53,128,Undirected,
53,133,Undirected,
53,134,Undirected,
53,135,Undirected,
53,139,Undirected,
53,140,Undirected,
53,142,Undirected,
53,144,Undirected,
53,146,Undirected,
53,147,Undirected,
53,156,Undirected,
53,158,Undirected,
54,55,Undirected,
54,56,Undirected,
54,58,Undirected,
54,66,Undirected,
54,67,Undirected,
54,72,Undirected,
54,73,Undirected,
54,78,Undirected,
54,80,Undirected,
54,82,Undirected,
54,88,Undirected,
54,89,Undirected,
54,102,Undirected,
54,103,Undirected,
54,107,Undirected,
54,110,Undirected,
54,115,Undirected,
54,117,Undirected,
54,119,Undirected,
54,120,Undirected,
54,125,Undirected,
54,127,Undirected,
54,128,Undirected,
54,133,Undirected,
54,134,Undirected,
54,135,Undirected,
54,139,Undirected,
54,140,Undirected,
54,142,Undirected,
54,144,Undirected,
54,146,Undirected,
54,147,Undirected,
54,148,Undirected,
54,150,Undirected,
54,151,Undirected,
54,155,Undirected,
54,156,Undirected,
54,157,Undirected,
54,164,Undirected,
55,65,Undirected,
55,79,Undirected,
55,80,Undirected,
55,81,Undirected,
55,83,Undirected,
55,84,Undirected,
55,85,Undirected,
55,86,Undirected,
55,90,Undirected,
55,99,Undirected,
55,107,Undirected,
55,109,Undirected,
55,111,Undirected,
55,112,Undirected,
55,115,Undirected,
55,116,Undirected,
55,123,Undirected,
55,127,Undirected,
55,128,Undirected,
55,137,Undirected,
55,138,Undirected,
55,139,Undirected,
55,143,Undirected,
55,144,Undirected,
55,147,Undirected,
55,159,Undirected,
55,164,Undirected,
56,57,Undirected,
56,64,Undirected,
56,65,Undirected,
56,80,Undirected,
56,100,Undirected,
56,101,Undirected,
56,104,Undirected,
56,110,Undirected,
56,133,Undirected,
56,135,Undirected,
56,136,Undirected,
56,139,Undirected,
56,145,Undirected,
56,146,Undirected,
56,149,Undirected,
56,150,Undirected,
56,160,Undirected,
56,162,Undirected,
57,58,Undirected,
57,59,Undirected,
57,64,Undirected,
57,65,Undirected,
57,68,Undirected,
57,69,Undirected,
57,86,Undirected,
57,88,Undirected,
57,89,Undirected,
57,97,Undirected,
57,134,Undirected,
57,135,Undirected,
57,136,Undirected,
57,140,Undirected,
57,143,Undirected,
57,158,Undirected,
57,160,Undirected,
58,59,Undirected,
58,66,Undirected,
58,67,Undirected,
58,69,Undirected,
58,72,Undirected,
58,73,Undirected,
58,75,Undirected,
58,78,Undirected,
58,79,Undirected,
58,80,Undirected,
58,81,Undirected,
58,82,Undirected,
58,84,Undirected,
58,85,Undirected,
58,86,Undirected,
58,87,Undirected,
58,88,Undirected,
58,89,Undirected,
58,90,Undirected,
58,91,Undirected,
58,94,Undirected,
58,98,Undirected,
58,99,Undirected,
58,100,Undirected,
58,102,Undirected,
58,107,Undirected,
58,119,Undirected,
58,122,Undirected,
58,125,Undirected,
58,126,Undirected,
58,131,Undirected,
58,133,Undirected,
58,134,Undirected,
58,135,Undirected,
58,136,Undirected,
58,137,Undirected,
58,138,Undirected,
58,140,Undirected,
58,142,Undirected,
58,143,Undirected,
58,150,Undirected,
58,160,Undirected,
58,162,Undirected,
58,164,Undirected,
59,60,Undirected,
59,66,Undirected,
59,67,Undirected,
59,71,Undirected,
59,72,Undirected,
59,73,Undirected,
59,74,Undirected,
59,75,Undirected,
59,78,Undirected,
59,79,Undirected,
59,80,Undirected,
59,81,Undirected,
59,85,Undirected,
59,86,Undirected,
59,87,Undirected,
59,88,Undirected,
59,89,Undirected,
59,90,Undirected,
59,91,Undirected,
59,92,Undirected,
59,93,Undirected,
59,94,Undirected,
59,98,Undirected,
59,99,Undirected,
59,102,Undirected,
59,122,Undirected,
59,125,Undirected,
59,131,Undirected,
59,134,Undirected,
59,135,Undirected,
59,136,Undirected,
59,137,Undirected,
59,138,Undirected,
59,140,Undirected,
59,141,Undirected,
59,142,Undirected,
59,143,Undirected,
59,148,Undirected,
59,150,Undirected,
59,161,Undirected,
59,163,Undirected,
60,61,Undirected,
60,73,Undirected,
60,75,Undirected,
60,78,Undirected,
60,79,Undirected,
60,80,Undirected,
60,85,Undirected,
60,86,Undirected,
60,108,Undirected,
60,109,Undirected,
60,110,Undirected,
60,111,Undirected,
60,112,Undirected,
60,113,Undirected,
60,114,Undirected,
60,125,Undirected,
60,131,Undirected,
60,133,Undirected,
60,137,Undirected,
60,138,Undirected,
60,144,Undirected,
60,145,Undirected,
60,160,Undirected,
60,162,Undirected,
60,163,Undirected,
60,164,Undirected,
61,91,Undirected,
61,110,Undirected,
61,111,Undirected,
61,112,Undirected,
61,113,Undirected,
61,114,Undirected,
61,126,Undirected,
61,131,Undirected,
61,133,Undirected,
61,134,Undirected,
61,147,Undirected,
61,148,Undirected,
61,151,Undirected,
61,160,Undirected,
61,162,Undirected,
61,164,Undirected,
62,63,Undirected,
62,64,Undirected,
62,68,Undirected,
62,69,Undirected,
62,70,Undirected,
62,71,Undirected,
62,72,Undirected,
62,73,Undirected,
62,74,Undirected,
62,75,Undirected,
62,78,Undirected,
62,79,Undirected,
62,80,Undirected,
62,81,Undirected,
62,82,Undirected,
62,83,Undirected,
62,85,Undirected,
62,86,Undirected,
62,87,Undirected,
62,90,Undirected,
62,91,Undirected,
62,98,Undirected,
62,99,Undirected,
62,100,Undirected,
62,101,Undirected,
62,102,Undirected,
62,103,Undirected,
62,106,Undirected,
62,118,Undirected,
62,127,Undirected,
62,129,Undirected,
62,137,Undirected,
62,138,Undirected,
62,141,Undirected,
62,142,Undirected,
62,143,Undirected,
62,147,Undirected,
62,148,Undirected,
62,152,Undirected,
62,155,Undirected,
62,156,Undirected,
62,157,Undirected,
62,159,Undirected,
63,66,Undirected,
63,67,Undirected,
63,68,Undirected,
63,69,Undirected,
63,70,Undirected,
63,71,Undirected,
63,72,Undirected,
63,73,Undirected,
63,74,Undirected,
63,75,Undirected,
63,78,Undirected,
63,79,Undirected,
63,80,Undirected,
63,81,Undirected,
63,82,Undirected,
63,83,Undirected,
63,85,Undirected,
63,86,Undirected,
63,87,Undirected,
63,90,Undirected,
63,98,Undirected,
63,100,Undirected,
63,101,Undirected,
63,102,Undirected,
63,103,Undirected,
63,104,Undirected,
63,106,Undirected,
63,124,Undirected,
63,129,Undirected,
63,131,Undirected,
63,135,Undirected,
63,137,Undirected,
63,138,Undirected,
63,140,Undirected,
63,141,Undirected,
63,142,Undirected,
63,143,Undirected,
63,144,Undirected,
63,145,Undirected,
63,147,Undirected,
63,148,Undirected,
63,155,Undirected,
63,156,Undirected,
63,157,Undirected,
63,158,Undirected,
63,159,Undirected,
64,65,Undirected,
64,66,Undirected,
64,67,Undirected,
64,69,Undirected,
64,70,Undirected,
64,71,Undirected,
64,72,Undirected,
64,73,Undirected,
64,75,Undirected,
64,79,Undirected,
64,82,Undirected,
64,98,Undirected,
64,100,Undirected,
64,101,Undirected,
64,102,Undirected,
64,103,Undirected,
64,109,Undirected,
64,111,Undirected,
64,112,Undirected,
64,113,Undirected,
64,114,Undirected,
64,115,Undirected,
64,126,Undirected,
64,127,Undirected,
64,128,Undirected,
64,136,Undirected,
64,146,Undirected,
64,149,Undirected,
64,150,Undirected,
64,155,Undirected,
64,158,Undirected,
64,160,Undirected,
64,161,Undirected,
64,162,Undirected,
65,66,Undirected,
65,67,Undirected,
65,72,Undirected,
65,73,Undirected,
65,79,Undirected,
65,91,Undirected,
65,100,Undirected,
65,101,Undirected,
65,102,Undirected,
65,103,Undirected,
65,109,Undirected,
65,111,Undirected,
65,112,Undirected,
65,113,Undirected,
65,114,Undirected,
65,117,Undirected,
65,119,Undirected,
65,123,Undirected,
65,125,Undirected,
65,126,Undirected,
65,127,Undirected,
65,128,Undirected,
65,136,Undirected,
65,138,Undirected,
65,139,Undirected,
65,141,Undirected,
65,143,Undirected,
65,144,Undirected,
65,146,Undirected,
65,149,Undirected,
65,150,Undirected,
65,153,Undirected,
65,154,Undirected,
65,158,Undirected,
65,162,Undirected,
66,67,Undirected,
66,71,Undirected,
66,72,Undirected,
66,73,Undirected,
66,74,Undirected,
66,75,Undirected,
66,76,Undirected,
66,82,Undirected,
66,83,Undirected,
66,88,Undirected,
66,89,Undirected,
66,90,Undirected,
66,92,Undirected,
66,93,Undirected,
66,95,Undirected,
66,98,Undirected,
66,99,Undirected,
66,100,Undirected,
66,101,Undirected,
66,102,Undirected,
66,103,Undirected,
66,108,Undirected,
66,110,Undirected,
66,113,Undirected,
66,117,Undirected,
66,119,Undirected,
66,120,Undirected,
66,126,Undirected,
66,127,Undirected,
66,128,Undirected,
66,131,Undirected,
66,133,Undirected,
66,137,Undirected,
66,138,Undirected,
66,140,Undirected,
66,142,Undirected,
66,143,Undirected,
66,149,Undirected,
66,159,Undirected,
66,164,Undirected,
67,71,Undirected,
67,72,Undirected,
67,73,Undirected,
67,74,Undirected,
67,75,Undirected,
67,80,Undirected,
67,82,Undirected,
67,83,Undirected,
67,88,Undirected,
67,89,Undirected,
67,90,Undirected,
67,91,Undirected,
67,92,Undirected,
67,93,Undirected,
67,94,Undirected,
67,95,Undirected,
67,98,Undirected,
67,99,Undirected,
67,100,Undirected,
67,101,Undirected,
67,102,Undirected,
67,103,Undirected,
67,108,Undirected,
67,110,Undirected,
67,113,Undirected,
67,117,Undirected,
67,119,Undirected,
67,127,Undirected,
67,128,Undirected,
67,129,Undirected,
67,131,Undirected,
67,133,Undirected,
67,135,Undirected,
67,137,Undirected,
67,138,Undirected,
67,140,Undirected,
67,142,Undirected,
67,143,Undirected,
67,149,Undirected,
67,156,Undirected,
67,158,Undirected,
67,159,Undirected,
68,69,Undirected,
68,70,Undirected,
68,71,Undirected,
68,74,Undirected,
68,75,Undirected,
68,79,Undirected,
68,80,Undirected,
68,81,Undirected,
68,82,Undirected,
68,83,Undirected,
68,88,Undirected,
68,89,Undirected,
68,90,Undirected,
68,91,Undirected,
68,100,Undirected,
68,101,Undirected,
68,102,Undirected,
68,103,Undirected,
68,106,Undirected,
68,110,Undirected,
68,124,Undirected,
68,127,Undirected,
68,129,Undirected,
68,136,Undirected,
68,137,Undirected,
68,138,Undirected,
68,139,Undirected,
68,141,Undirected,
68,142,Undirected,
68,143,Undirected,
68,144,Undirected,
68,147,Undirected,
68,148,Undirected,
68,152,Undirected,
68,155,Undirected,
68,157,Undirected,
69,70,Undirected,
69,71,Undirected,
69,73,Undirected,
69,74,Undirected,
69,75,Undirected,
69,79,Undirected,
69,80,Undirected,
69,82,Undirected,
69,83,Undirected,
69,89,Undirected,
69,91,Undirected,
69,100,Undirected,
69,101,Undirected,
69,102,Undirected,
69,103,Undirected,
69,106,Undirected,
69,109,Undirected,
69,124,Undirected,
69,127,Undirected,
69,129,Undirected,
69,135,Undirected,
69,136,Undirected,
69,137,Undirected,
69,138,Undirected,
69,139,Undirected,
69,141,Undirected,
69,142,Undirected,
69,144,Undirected,
69,145,Undirected,
69,147,Undirected,
69,148,Undirected,
69,155,Undirected,
69,156,Undirected,
69,157,Undirected,
69,158,Undirected,
70,71,Undirected,
70,72,Undirected,
70,73,Undirected,
70,74,Undirected,
70,75,Undirected,
70,77,Undirected,
70,79,Undirected,
70,80,Undirected,
70,81,Undirected,
70,82,Undirected,
70,83,Undirected,
70,87,Undirected,
70,88,Undirected,
70,89,Undirected,
70,90,Undirected,
70,91,Undirected,
70,98,Undirected,
70,100,Undirected,
70,101,Undirected,
70,102,Undirected,
70,103,Undirected,
70,106,Undirected,
70,109,Undirected,
70,112,Undirected,
70,113,Undirected,
70,114,Undirected,
70,115,Undirected,
70,116,Undirected,
70,124,Undirected,
70,129,Undirected,
70,136,Undirected,
70,137,Undirected,
70,139,Undirected,
70,141,Undirected,
70,142,Undirected,
70,143,Undirected,
70,144,Undirected,
70,147,Undirected,
70,148,Undirected,
70,151,Undirected,
70,155,Undirected,
70,157,Undirected,
71,72,Undirected,
71,73,Undirected,
71,74,Undirected,
71,75,Undirected,
71,76,Undirected,
71,79,Undirected,
71,80,Undirected,
71,81,Undirected,
71,82,Undirected,
71,83,Undirected,
71,90,Undirected,
71,91,Undirected,
71,98,Undirected,
71,100,Undirected,
71,101,Undirected,
71,102,Undirected,
71,103,Undirected,
71,106,Undirected,
71,118,Undirected,
71,129,Undirected,
71,132,Undirected,
71,137,Undirected,
71,138,Undirected,
71,139,Undirected,
71,140,Undirected,
71,141,Undirected,
71,142,Undirected,
71,143,Undirected,
71,144,Undirected,
71,145,Undirected,
71,147,Undirected,
71,148,Undirected,
71,152,Undirected,
71,155,Undirected,
71,157,Undirected,
71,159,Undirected,
72,73,Undirected,
72,74,Undirected,
72,75,Undirected,
72,79,Undirected,
72,82,Undirected,
72,83,Undirected,
72,94,Undirected,
72,95,Undirected,
72,98,Undirected,
72,99,Undirected,
72,100,Undirected,
72,101,Undirected,
72,102,Undirected,
72,103,Undirected,
72,105,Undirected,
72,106,Undirected,
72,111,Undirected,
72,112,Undirected,
72,113,Undirected,
72,114,Undirected,
72,115,Undirected,
72,116,Undirected,
72,126,Undirected,
72,127,Undirected,
72,128,Undirected,
72,129,Undirected,
72,133,Undirected,
72,140,Undirected,
72,142,Undirected,
72,155,Undirected,
72,157,Undirected,
73,74,Undirected,
73,75,Undirected,
73,76,Undirected,
73,79,Undirected,
73,80,Undirected,
73,82,Undirected,
73,83,Undirected,
73,95,Undirected,
73,98,Undirected,
73,100,Undirected,
73,101,Undirected,
73,102,Undirected,
73,103,Undirected,
73,105,Undirected,
73,108,Undirected,
73,111,Undirected,
73,112,Undirected,
73,113,Undirected,
73,114,Undirected,
73,115,Undirected,
73,116,Undirected,
73,126,Undirected,
73,127,Undirected,
73,128,Undirected,
73,131,Undirected,
73,135,Undirected,
73,137,Undirected,
73,138,Undirected,
73,140,Undirected,
73,142,Undirected,
73,147,Undirected,
73,152,Undirected,
73,155,Undirected,
73,157,Undirected,
73,159,Undirected,
74,75,Undirected,
74,76,Undirected,
74,80,Undirected,
74,81,Undirected,
74,82,Undirected,
74,83,Undirected,
74,85,Undirected,
74,86,Undirected,
74,90,Undirected,
74,91,Undirected,
74,92,Undirected,
74,93,Undirected,
74,95,Undirected,
74,98,Undirected,
74,100,Undirected,
74,101,Undirected,
74,102,Undirected,
74,106,Undirected,
74,124,Undirected,
74,129,Undirected,
74,131,Undirected,
74,136,Undirected,
74,137,Undirected,
74,138,Undirected,
74,139,Undirected,
74,140,Undirected,
74,141,Undirected,
74,142,Undirected,
74,143,Undirected,
74,144,Undirected,
74,147,Undirected,
74,148,Undirected,
74,152,Undirected,
74,153,Undirected,
74,155,Undirected,
74,157,Undirected,
74,159,Undirected,
75,82,Undirected,
75,83,Undirected,
75,86,Undirected,
75,90,Undirected,
75,91,Undirected,
75,92,Undirected,
75,93,Undirected,
75,94,Undirected,
75,95,Undirected,
75,98,Undirected,
75,99,Undirected,
75,100,Undirected,
75,101,Undirected,
75,107,Undirected,
75,113,Undirected,
75,115,Undirected,
75,116,Undirected,
75,128,Undirected,
75,129,Undirected,
75,131,Undirected,
75,137,Undirected,
75,138,Undirected,
75,140,Undirected,
75,141,Undirected,
75,142,Undirected,
75,143,Undirected,
75,147,Undirected,
75,148,Undirected,
75,155,Undirected,
75,157,Undirected,
75,159,Undirected,
76,77,Undirected,
76,78,Undirected,
76,82,Undirected,
76,98,Undirected,
76,99,Undirected,
76,106,Undirected,
76,117,Undirected,
76,120,Undirected,
76,121,Undirected,
76,122,Undirected,
76,123,Undirected,
76,124,Undirected,
76,129,Undirected,
76,132,Undirected,
76,137,Undirected,
76,138,Undirected,
76,145,Undirected,
76,146,Undirected,
76,153,Undirected,
76,154,Undirected,
76,159,Undirected,
76,160,Undirected,
76,162,Undirected,
76,163,Undirected,
77,78,Undirected,
77,79,Undirected,
77,80,Undirected,
77,81,Undirected,
77,84,Undirected,
77,87,Undirected,
77,96,Undirected,
77,97,Undirected,
77,99,Undirected,
77,111,Undirected,
77,117,Undirected,
77,119,Undirected,
77,120,Undirected,
77,123,Undirected,
77,124,Undirected,
77,130,Undirected,
77,145,Undirected,
77,146,Undirected,
77,149,Undirected,
77,155,Undirected,
77,159,Undirected,
77,160,Undirected,
77,161,Undirected,
77,162,Undirected,
78,79,Undirected,
78,80,Undirected,
78,81,Undirected,
78,82,Undirected,
78,83,Undirected,
78,84,Undirected,
78,85,Undirected,
78,86,Undirected,
78,87,Undirected,
78,88,Undirected,
78,89,Undirected,
78,90,Undirected,
78,108,Undirected,
78,117,Undirected,
78,119,Undirected,
78,120,Undirected,
78,125,Undirected,
78,126,Undirected,
78,131,Undirected,
78,133,Undirected,
78,137,Undirected,
78,138,Undirected,
78,140,Undirected,
78,141,Undirected,
78,142,Undirected,
78,144,Undirected,
78,145,Undirected,
78,146,Undirected,
78,150,Undirected,
78,156,Undirected,
78,163,Undirected,
78,164,Undirected,
79,80,Undirected,
79,81,Undirected,
79,82,Undirected,
79,83,Undirected,
79,84,Undirected,
79,85,Undirected,
79,86,Undirected,
79,87,Undirected,
79,90,Undirected,
79,97,Undirected,
79,100,Undirected,
79,106,Undirected,
79,107,Undirected,
79,109,Undirected,
79,111,Undirected,
79,126,Undirected,
79,137,Undirected,
79,138,Undirected,
79,140,Undirected,
79,144,Undirected,
79,145,Undirected,
80,81,Undirected,
80,82,Undirected,
80,83,Undirected,
80,84,Undirected,
80,85,Undirected,
80,86,Undirected,
80,87,Undirected,
80,88,Undirected,
80,90,Undirected,
80,91,Undirected,
80,98,Undirected,
80,99,Undirected,
80,102,Undirected,
80,104,Undirected,
80,106,Undirected,
80,107,Undirected,
80,108,Undirected,
80,109,Undirected,
80,111,Undirected,
80,125,Undirected,
80,126,Undirected,
80,131,Undirected,
80,133,Undirected,
80,137,Undirected,
80,138,Undirected,
80,140,Undirected,
80,141,Undirected,
80,142,Undirected,
80,143,Undirected,
80,144,Undirected,
80,145,Undirected,
80,146,Undirected,
80,148,Undirected,
80,150,Undirected,
80,156,Undirected,
80,162,Undirected,
80,163,Undirected,
80,164,Undirected,
81,82,Undirected,
81,83,Undirected,
81,84,Undirected,
81,85,Undirected,
81,86,Undirected,
81,87,Undirected,
81,88,Undirected,
81,90,Undirected,
81,100,Undirected,
81,103,Undirected,
81,106,Undirected,
81,107,Undirected,
81,137,Undirected,
81,138,Undirected,
81,140,Undirected,
81,141,Undirected,
81,142,Undirected,
81,143,Undirected,
81,145,Undirected,
81,149,Undirected,
81,150,Undirected,
81,156,Undirected,
81,159,Undirected,
81,161,Undirected,
81,162,Undirected,
81,164,Undirected,
82,83,Undirected,
82,84,Undirected,
82,85,Undirected,
82,86,Undirected,
82,87,Undirected,
82,88,Undirected,
82,89,Undirected,
82,90,Undirected,
82,91,Undirected,
82,94,Undirected,
82,95,Undirected,
82,98,Undirected,
82,99,Undirected,
82,100,Undirected,
82,101,Undirected,
82,102,Undirected,
82,103,Undirected,
82,104,Undirected,
82,105,Undirected,
82,107,Undirected,
82,108,Undirected,
82,117,Undirected,
82,118,Undirected,
82,131,Undirected,
82,133,Undirected,
82,137,Undirected,
82,138,Undirected,
82,140,Undirected,
82,141,Undirected,
82,142,Undirected,
82,149,Undirected,
82,150,Undirected,
82,156,Undirected,
82,159,Undirected,
82,164,Undirected,
83,84,Undirected,
83,85,Undirected,
83,86,Undirected,
83,87,Undirected,
83,90,Undirected,
83,92,Undirected,
83,93,Undirected,
83,100,Undirected,
83,101,Undirected,
83,102,Undirected,
83,107,Undirected,
83,108,Undirected,
83,137,Undirected,
83,138,Undirected,
83,140,Undirected,
83,141,Undirected,
83,142,Undirected,
83,144,Undirected,
83,164,Undirected,
84,85,Undirected,
84,86,Undirected,
84,87,Undirected,
84,88,Undirected,
84,89,Undirected,
84,90,Undirected,
84,107,Undirected,
84,108,Undirected,
84,115,Undirected,
84,116,Undirected,
84,117,Undirected,
84,119,Undirected,
84,128,Undirected,
84,129,Undirected,
84,137,Undirected,
84,138,Undirected,
84,140,Undirected,
84,145,Undirected,
84,146,Undirected,
84,150,Undirected,
84,161,Undirected,
84,162,Undirected,
84,163,Undirected,
84,164,Undirected,
85,86,Undirected,
85,87,Undirected,
85,88,Undirected,
85,89,Undirected,
85,90,Undirected,
85,91,Undirected,
85,107,Undirected,
85,117,Undirected,
85,119,Undirected,
85,133,Undirected,
85,137,Undirected,
85,138,Undirected,
85,140,Undirected,
85,141,Undirected,
85,142,Undirected,
85,143,Undirected,
85,144,Undirected,
85,145,Undirected,
85,146,Undirected,
85,150,Undirected,
85,161,Undirected,
85,162,Undirected,
85,164,Undirected,
86,87,Undirected,
86,88,Undirected,
86,89,Undirected,
86,90,Undirected,
86,91,Undirected,
86,98,Undirected,
86,99,Undirected,
86,100,Undirected,
86,109,Undirected,
86,117,Undirected,
86,119,Undirected,
86,131,Undirected,
86,133,Undirected,
86,137,Undirected,
86,138,Undirected,
86,140,Undirected,
86,141,Undirected,
86,142,Undirected,
86,143,Undirected,
86,144,Undirected,
86,145,Undirected,
86,146,Undirected,
86,150,Undirected,
86,156,Undirected,
86,162,Undirected,
86,163,Undirected,
86,164,Undirected,
87,88,Undirected,
87,90,Undirected,
87,97,Undirected,
87,98,Undirected,
87,107,Undirected,
87,109,Undirected,
87,117,Undirected,
87,124,Undirected,
87,125,Undirected,
87,131,Undirected,
87,133,Undirected,
87,137,Undirected,
87,138,Undirected,
87,140,Undirected,
87,141,Undirected,
87,142,Undirected,
87,143,Undirected,
87,145,Undirected,
87,149,Undirected,
87,150,Undirected,
87,155,Undirected,
87,161,Undirected,
87,162,Undirected,
88,89,Undirected,
88,90,Undirected,
88,91,Undirected,
88,102,Undirected,
88,108,Undirected,
88,110,Undirected,
88,117,Undirected,
88,119,Undirected,
88,125,Undirected,
88,133,Undirected,
88,136,Undirected,
88,138,Undirected,
88,140,Undirected,
88,142,Undirected,
88,143,Undirected,
88,145,Undirected,
88,146,Undirected,
88,150,Undirected,
88,155,Undirected,
88,156,Undirected,
88,162,Undirected,
88,164,Undirected,
89,105,Undirected,
89,108,Undirected,
89,110,Undirected,
89,125,Undirected,
89,133,Undirected,
89,136,Undirected,
89,138,Undirected,
89,139,Undirected,
89,140,Undirected,
89,142,Undirected,
89,146,Undirected,
89,147,Undirected,
89,155,Undirected,
89,163,Undirected,
89,164,Undirected,
90,91,Undirected,
90,93,Undirected,
90,94,Undirected,
90,95,Undirected,
90,98,Undirected,
90,99,Undirected,
90,102,Undirected,
90,106,Undirected,
90,107,Undirected,
90,114,Undirected,
90,117,Undirected,
90,127,Undirected,
90,129,Undirected,
90,131,Undirected,
90,134,Undirected,
90,135,Undirected,
90,137,Undirected,
90,138,Undirected,
90,139,Undirected,
90,140,Undirected,
90,141,Undirected,
90,142,Undirected,
90,143,Undirected,
90,144,Undirected,
90,147,Undirected,
90,148,Undirected,
90,150,Undirected,
90,151,Undirected,
90,152,Undirected,
90,153,Undirected,
90,154,Undirected,
90,155,Undirected,
90,157,Undirected,
90,159,Undirected,
91,93,Undirected,
91,95,Undirected,
91,98,Undirected,
91,109,Undirected,
91,122,Undirected,
91,129,Undirected,
91,131,Undirected,
91,134,Undirected,
91,137,Undirected,
91,138,Undirected,
91,139,Undirected,
91,140,Undirected,
91,141,Undirected,
91,142,Undirected,
91,143,Undirected,
91,147,Undirected,
91,148,Undirected,
91,150,Undirected,
91,152,Undirected,
91,153,Undirected,
91,154,Undirected,
91,155,Undirected,
91,157,Undirected,
91,159,Undirected,
91,161,Undirected,
92,93,Undirected,
92,95,Undirected,
92,96,Undirected,
92,99,Undirected,
92,108,Undirected,
92,111,Undirected,
92,123,Undirected,
92,126,Undirected,
92,129,Undirected,
92,132,Undirected,
92,137,Undirected,
92,138,Undirected,
92,139,Undirected,
92,140,Undirected,
92,142,Undirected,
92,143,Undirected,
92,144,Undirected,
92,162,Undirected,
93,95,Undirected,
93,99,Undirected,
93,104,Undirected,
93,106,Undirected,
93,108,Undirected,
93,111,Undirected,
93,129,Undirected,
93,132,Undirected,
93,137,Undirected,
93,138,Undirected,
93,139,Undirected,
93,140,Undirected,
93,141,Undirected,
93,142,Undirected,
93,143,Undirected,
93,144,Undirected,
93,159,Undirected,
93,164,Undirected,
94,95,Undirected,
94,96,Undirected,
94,97,Undirected,
94,98,Undirected,
94,99,Undirected,
94,104,Undirected,
94,105,Undirected,
94,131,Undirected,
94,140,Undirected,
94,144,Undirected,
94,147,Undirected,
94,149,Undirected,
94,159,Undirected,
94,161,Undirected,
95,96,Undirected,
95,97,Undirected,
95,98,Undirected,
95,99,Undirected,
95,104,Undirected,
95,105,Undirected,
95,109,Undirected,
95,118,Undirected,
95,127,Undirected,
95,129,Undirected,
95,131,Undirected,
95,139,Undirected,
95,140,Undirected,
95,141,Undirected,
95,142,Undirected,
95,143,Undirected,
95,144,Undirected,
95,147,Undirected,
95,148,Undirected,
95,149,Undirected,
95,152,Undirected,
95,157,Undirected,
95,159,Undirected,
95,161,Undirected,
96,97,Undirected,
96,98,Undirected,
96,99,Undirected,
96,103,Undirected,
96,104,Undirected,
96,105,Undirected,
96,106,Undirected,
96,119,Undirected,
96,124,Undirected,
96,145,Undirected,
96,149,Undirected,
96,159,Undirected,
97,98,Undirected,
97,99,Undirected,
97,103,Undirected,
97,104,Undirected,
97,105,Undirected,
97,106,Undirected,
97,119,Undirected,
97,124,Undirected,
97,132,Undirected,
97,145,Undirected,
97,149,Undirected,
97,159,Undirected,
97,161,Undirected,
98,99,Undirected,
98,100,Undirected,
98,105,Undirected,
98,129,Undirected,
98,131,Undirected,
98,134,Undirected,
98,140,Undirected,
98,141,Undirected,
98,142,Undirected,
98,143,Undirected,
98,146,Undirected,
98,147,Undirected,
98,148,Undirected,
98,155,Undirected,
98,157,Undirected,
98,159,Undirected,
99,100,Undirected,
99,102,Undirected,
99,105,Undirected,
99,114,Undirected,
99,117,Undirected,
99,118,Undirected,
99,123,Undirected,
99,124,Undirected,
99,140,Undirected,
99,142,Undirected,
99,143,Undirected,
99,144,Undirected,
99,146,Undirected,
99,159,Undirected,
99,160,Undirected,
100,101,Undirected,
100,102,Undirected,
100,103,Undirected,
100,113,Undirected,
100,126,Undirected,
100,139,Undirected,
100,140,Undirected,
100,142,Undirected,
100,146,Undirected,
100,147,Undirected,
100,149,Undirected,
100,151,Undirected,
100,153,Undirected,
100,155,Undirected,
100,156,Undirected,
100,157,Undirected,
100,158,Undirected,
100,159,Undirected,
100,162,Undirected,
101,102,Undirected,
101,103,Undirected,
101,106,Undirected,
101,108,Undirected,
101,113,Undirected,
101,134,Undirected,
101,135,Undirected,
101,139,Undirected,
101,146,Undirected,
101,151,Undirected,
101,153,Undirected,
101,154,Undirected,
101,156,Undirected,
101,158,Undirected,
102,103,Undirected,
102,111,Undirected,
102,125,Undirected,
102,126,Undirected,
102,131,Undirected,
102,135,Undirected,
102,140,Undirected,
102,141,Undirected,
102,142,Undirected,
102,147,Undirected,
102,156,Undirected,
102,157,Undirected,
102,158,Undirected,
102,159,Undirected,
103,106,Undirected,
103,111,Undirected,
103,126,Undirected,
103,135,Undirected,
103,139,Undirected,
103,156,Undirected,
103,158,Undirected,
104,105,Undirected,
104,108,Undirected,
104,125,Undirected,
104,133,Undirected,
104,135,Undirected,
104,137,Undirected,
104,138,Undirected,
104,144,Undirected,
104,146,Undirected,
104,150,Undirected,
104,156,Undirected,
104,164,Undirected,
106,115,Undirected,
106,117,Undirected,
106,121,Undirected,
106,122,Undirected,
106,126,Undirected,
106,129,Undirected,
106,132,Undirected,
106,133,Undirected,
106,136,Undirected,
106,137,Undirected,
106,138,Undirected,
106,149,Undirected,
106,163,Undirected,
107,108,Undirected,
107,109,Undirected,
107,115,Undirected,
107,116,Undirected,
107,128,Undirected,
107,129,Undirected,
107,135,Undirected,
107,137,Undirected,
107,138,Undirected,
107,144,Undirected,
107,150,Undirected,
107,160,Undirected,
107,163,Undirected,
107,164,Undirected,
108,110,Undirected,
108,115,Undirected,
108,116,Undirected,
108,121,Undirected,
108,122,Undirected,
108,129,Undirected,
108,130,Undirected,
108,131,Undirected,
108,135,Undirected,
108,138,Undirected,
108,140,Undirected,
108,142,Undirected,
108,146,Undirected,
108,155,Undirected,
108,156,Undirected,
108,163,Undirected,
108,164,Undirected,
109,110,Undirected,
109,115,Undirected,
109,116,Undirected,
109,123,Undirected,
109,129,Undirected,
109,134,Undirected,
109,137,Undirected,
109,144,Undirected,
109,146,Undirected,
109,155,Undirected,
109,157,Undirected,
109,160,Undirected,
109,163,Undirected,
109,164,Undirected,
110,117,Undirected,
110,118,Undirected,
110,119,Undirected,
110,120,Undirected,
110,121,Undirected,
110,122,Undirected,
110,123,Undirected,
110,127,Undirected,
110,129,Undirected,
110,130,Undirected,
110,131,Undirected,
110,133,Undirected,
110,135,Undirected,
110,140,Undirected,
110,142,Undirected,
110,145,Undirected,
110,146,Undirected,
110,150,Undirected,
110,155,Undirected,
110,157,Undirected,
110,163,Undirected,
110,164,Undirected,
111,112,Undirected,
111,113,Undirected,
111,114,Undirected,
111,117,Undirected,
111,119,Undirected,
111,123,Undirected,
111,125,Undirected,
111,126,Undirected,
111,127,Undirected,
111,128,Undirected,
111,133,Undirected,
111,135,Undirected,
111,143,Undirected,
111,145,Undirected,
112,113,Undirected,
112,114,Undirected,
112,115,Undirected,
112,123,Undirected,
112,125,Undirected,
112,126,Undirected,
112,127,Undirected,
112,128,Undirected,
112,133,Undirected,
112,139,Undirected,
112,143,Undirected,
113,114,Undirected,
113,115,Undirected,
113,116,Undirected,
113,117,Undirected,
113,119,Undirected,
113,125,Undirected,
113,126,Undirected,
113,127,Undirected,
113,128,Undirected,
113,133,Undirected,
113,135,Undirected,
114,115,Undirected,
114,116,Undirected,
114,119,Undirected,
114,125,Undirected,
114,126,Undirected,
114,127,Undirected,
114,128,Undirected,
114,133,Undirected,
114,141,Undirected,
114,143,Undirected,
115,116,Undirected,
115,124,Undirected,
115,126,Undirected,
115,127,Undirected,
115,128,Undirected,
115,129,Undirected,
115,130,Undirected,
115,132,Undirected,
115,133,Undirected,
115,135,Undirected,
115,150,Undirected,
115,154,Undirected,
115,163,Undirected,
116,127,Undirected,
116,128,Undirected,
116,129,Undirected,
116,130,Undirected,
116,132,Undirected,
116,135,Undirected,
116,163,Undirected,
116,164,Undirected,
117,118,Undirected,
117,119,Undirected,
117,120,Undirected,
117,121,Undirected,
117,122,Undirected,
117,123,Undirected,
117,124,Undirected,
117,127,Undirected,
117,130,Undirected,
117,138,Undirected,
117,150,Undirected,
117,153,Undirected,
117,154,Undirected,
117,163,Undirected,
118,119,Undirected,
118,120,Undirected,
118,121,Undirected,
118,122,Undirected,
118,123,Undirected,
118,124,Undirected,
118,127,Undirected,
118,129,Undirected,
118,130,Undirected,
118,132,Undirected,
118,137,Undirected,
118,138,Undirected,
118,139,Undirected,
118,144,Undirected,
118,152,Undirected,
118,154,Undirected,
119,120,Undirected,
119,121,Undirected,
119,122,Undirected,
119,123,Undirected,
119,124,Undirected,
119,130,Undirected,
119,138,Undirected,
119,150,Undirected,
119,152,Undirected,
119,154,Undirected,
119,155,Undirected,
120,121,Undirected,
120,122,Undirected,
120,123,Undirected,
120,124,Undirected,
120,129,Undirected,
120,130,Undirected,
120,137,Undirected,
120,138,Undirected,
120,150,Undirected,
120,152,Undirected,
120,154,Undirected,
121,122,Undirected,
121,123,Undirected,
121,124,Undirected,
121,129,Undirected,
121,130,Undirected,
121,131,Undirected,
121,132,Undirected,
121,145,Undirected,
121,146,Undirected,
121,151,Undirected,
121,158,Undirected,
121,162,Undirected,
121,163,Undirected,
121,164,Undirected,
122,123,Undirected,
122,124,Undirected,
122,129,Undirected,
122,130,Undirected,
122,131,Undirected,
122,132,Undirected,
122,141,Undirected,
122,142,Undirected,
122,145,Undirected,
122,146,Undirected,
122,151,Undirected,
122,162,Undirected,
122,163,Undirected,
122,164,Undirected,
123,124,Undirected,
123,130,Undirected,
123,132,Undirected,
123,137,Undirected,
123,138,Undirected,
123,139,Undirected,
123,144,Undirected,
123,154,Undirected,
124,130,Undirected,
124,131,Undirected,
124,141,Undirected,
124,145,Undirected,
124,147,Undirected,
124,148,Undirected,
124,154,Undirected,
124,155,Undirected,
124,157,Undirected,
125,126,Undirected,
125,133,Undirected,
125,145,Undirected,
125,146,Undirected,
125,159,Undirected,
125,160,Undirected,
126,127,Undirected,
126,128,Undirected,
126,133,Undirected,
127,128,Undirected,
127,140,Undirected,
127,141,Undirected,
127,144,Undirected,
127,147,Undirected,
127,148,Undirected,
128,129,Undirected,
128,132,Undirected,
128,133,Undirected,
128,140,Undirected,
128,144,Undirected,
128,147,Undirected,
129,130,Undirected,
129,132,Undirected,
129,135,Undirected,
129,137,Undirected,
129,139,Undirected,
129,141,Undirected,
129,142,Undirected,
129,146,Undirected,
129,147,Undirected,
129,148,Undirected,
129,152,Undirected,
129,153,Undirected,
129,154,Undirected,
129,155,Undirected,
129,157,Undirected,
129,163,Undirected,
129,164,Undirected,
130,131,Undirected,
130,132,Undirected,
130,138,Undirected,
130,145,Undirected,
130,154,Undirected,
130,163,Undirected,
131,132,Undirected,
131,133,Undirected,
131,135,Undirected,
131,140,Undirected,
131,141,Undirected,
131,142,Undirected,
131,143,Undirected,
131,144,Undirected,
131,145,Undirected,
131,147,Undirected,
131,148,Undirected,
131,150,Undirected,
131,163,Undirected,
131,164,Undirected,
132,137,Undirected,
132,163,Undirected,
133,135,Undirected,
133,136,Undirected,
133,137,Undirected,
133,138,Undirected,
133,140,Undirected,
133,142,Undirected,
133,144,Undirected,
133,145,Undirected,
133,146,Undirected,
133,148,Undirected,
133,150,Undirected,
133,153,Undirected,
133,154,Undirected,
133,158,Undirected,
133,162,Undirected,
133,164,Undirected,
134,135,Undirected,
134,136,Undirected,
134,139,Undirected,
134,142,Undirected,
134,143,Undirected,
134,148,Undirected,
134,149,Undirected,
134,156,Undirected,
134,157,Undirected,
134,158,Undirected,
134,161,Undirected,
135,136,Undirected,
135,143,Undirected,
135,146,Undirected,
135,149,Undirected,
135,156,Undirected,
135,158,Undirected,
135,161,Undirected,
135,162,Undirected,
136,139,Undirected,
136,145,Undirected,
136,150,Undirected,
136,158,Undirected,
136,160,Undirected,
137,138,Undirected,
137,139,Undirected,
137,140,Undirected,
137,141,Undirected,
137,142,Undirected,
137,143,Undirected,
137,144,Undirected,
137,147,Undirected,
137,148,Undirected,
137,150,Undirected,
137,152,Undirected,
137,153,Undirected,
137,154,Undirected,
137,157,Undirected,
137,159,Undirected,
137,164,Undirected,
138,139,Undirected,
138,140,Undirected,
138,141,Undirected,
138,142,Undirected,
138,143,Undirected,
138,144,Undirected,
138,150,Undirected,
138,152,Undirected,
138,153,Undirected,
138,154,Undirected,
138,164,Undirected,
139,141,Undirected,
139,143,Undirected,
139,144,Undirected,
139,147,Undirected,
139,148,Undirected,
139,151,Undirected,
139,152,Undirected,
139,153,Undirected,
139,154,Undirected,
139,155,Undirected,
139,156,Undirected,
139,157,Undirected,
139,159,Undirected,
140,141,Undirected,
140,142,Undirected,
140,143,Undirected,
140,150,Undirected,
140,152,Undirected,
140,156,Undirected,
140,159,Undirected,
140,163,Undirected,
140,164,Undirected,
141,142,Undirected,
141,143,Undirected,
141,144,Undirected,
141,147,Undirected,
141,148,Undirected,
141,150,Undirected,
141,152,Undirected,
141,153,Undirected,
141,154,Undirected,
141,155,Undirected,
141,157,Undirected,
141,159,Undirected,
142,143,Undirected,
142,145,Undirected,
142,147,Undirected,
142,148,Undirected,
142,150,Undirected,
142,152,Undirected,
142,153,Undirected,
142,154,Undirected,
142,155,Undirected,
142,157,Undirected,
142,159,Undirected,
142,161,Undirected,
142,162,Undirected,
142,164,Undirected,
143,144,Undirected,
143,147,Undirected,
143,148,Undirected,
143,149,Undirected,
143,150,Undirected,
143,152,Undirected,
143,153,Undirected,
143,154,Undirected,
143,155,Undirected,
143,157,Undirected,
143,159,Undirected,
143,161,Undirected,
143,162,Undirected,
144,147,Undirected,
144,148,Undirected,
144,150,Undirected,
144,151,Undirected,
144,152,Undirected,
144,153,Undirected,
144,154,Undirected,
144,159,Undirected,
144,164,Undirected,
145,146,Undirected,
145,148,Undirected,
145,149,Undirected,
145,150,Undirected,
145,151,Undirected,
145,159,Undirected,
145,161,Undirected,
145,162,Undirected,
145,164,Undirected,
146,150,Undirected,
146,155,Undirected,
146,156,Undirected,
146,160,Undirected,
146,162,Undirected,
146,163,Undirected,
146,164,Undirected,
147,148,Undirected,
147,151,Undirected,
147,155,Undirected,
147,157,Undirected,
147,159,Undirected,
148,151,Undirected,
148,152,Undirected,
148,153,Undirected,
148,154,Undirected,
148,155,Undirected,
148,157,Undirected,
148,159,Undirected,
149,150,Undirected,
149,156,Undirected,
149,158,Undirected,
149,159,Undirected,
149,161,Undirected,
149,162,Undirected,
149,163,Undirected,
150,153,Undirected,
150,154,Undirected,
150,156,Undirected,
150,158,Undirected,
150,160,Undirected,
150,161,Undirected,
150,162,Undirected,
150,164,Undirected,
151,152,Undirected,
151,153,Undirected,
151,154,Undirected,
151,155,Undirected,
151,156,Undirected,
152,153,Undirected,
152,154,Undirected,
152,155,Undirected,
152,157,Undirected,
153,154,Undirected,
153,158,Undirected,
153,160,Undirected,
153,162,Undirected,
153,163,Undirected,
154,158,Undirected,
154,163,Undirected,
154,164,Undirected,
155,157,Undirected,
155,164,Undirected,
156,158,Undirected,
156,161,Undirected,
157,161,Undirected,
157,163,Undirected,
157,164,Undirected,
158,161,Undirected,
158,162,Undirected,
158,163,Undirected,
159,160,Undirected,
159,161,Undirected,
160,162,Undirected,
161,162,Undirected,
161,163,Undirected,
163,164,Undirected,
