Source,Target,Type,timeset
1,2,Undirected,
1,3,Undirected,
1,5,Undirected,
1,6,Undirected,
1,7,Undirected,
1,8,Undirected,
1,11,Undirected,
1,13,Undirected,
1,14,Undirected,
1,23,Undirected,
1,27,Undirected,
1,28,Undirected,
1,29,Undirected,
1,33,Undirected,
1,34,Undirected,
1,35,Undirected,
1,36,Undirected,
1,40,Undirected,
1,41,Undirected,
1,42,Undirected,
1,43,Undirected,
1,44,Undirected,
1,47,Undirected,
1,48,Undirected,
1,53,Undirected,
1,57,Undirected,
1,72,Undirected,
1,73,Undirected,
1,91,Undirected,
1,93,Undirected,
1,109,Undirected,
1,115,Undirected,
1,116,Undirected,
1,129,Undirected,
1,130,Undirected,
1,131,Undirected,
1,133,Undirected,
1,134,Undirected,
1,135,Undirected,
1,136,Undirected,
1,137,Undirected,
1,138,Undirected,
1,139,Undirected,
1,146,Undirected,
1,147,Undirected,
1,148,Undirected,
1,153,Undirected,
1,154,Undirected,
1,155,Undirected,
1,156,Undirected,
1,157,Undirected,
1,158,Undirected,
1,161,Undirected,
1,163,Undirected,
1,164,Undirected,
2,3,Undirected,
2,5,Undirected,
2,6,Undirected,
2,7,Undirected,
2,8,Undirected,
2,12,Undirected,
2,14,Undirected,
2,19,Undirected,
2,27,Undirected,
2,28,Undirected,
2,29,Undirected,
2,33,Undirected,
2,36,Undirected,
2,38,Undirected,
2,40,Undirected,
2,42,Undirected,
2,44,Undirected,
2,47,Undirected,
2,50,Undirected,
2,53,Undirected,
2,54,Undirected,
2,57,Undirected,
2,60,Undirected,
2,61,Undirected,
2,64,Undirected,
2,66,Undirected,
2,67,Undirected,
2,72,Undirected,
2,81,Undirected,
2,88,Undirected,
2,90,Undirected,
2,91,Undirected,
2,102,Undirected,
2,103,Undirected,
2,104,Undirected,
2,109,Undirected,
2,110,Undirected,
2,118,Undirected,
2,120,Undirected,
2,129,Undirected,
2,130,Undirected,
2,131,Undirected,
2,133,Undirected,
2,134,Undirected,
2,136,Undirected,
2,137,Undirected,
2,138,Undirected,
2,139,Undirected,
2,141,Undirected,
2,147,Undirected,
2,148,Undirected,
2,149,Undirected,
2,153,Undirected,
2,154,Undirected,
2,155,Undirected,
2,156,Undirected,
2,157,Undirected,
2,160,Undirected,
2,163,Undirected,
2,164,Undirected,
3,4,Undirected,
3,5,Undirected,
3,6,Undirected,
3,7,Undirected,
3,8,Undirected,
3,15,Undirected,
3,17,Undirected,
3,18,Undirected,
3,19,Undirected,
3,20,Undirected,
3,23,Undirected,
3,25,Undirected,
3,26,Undirected,
3,27,Undirected,
3,29,Undirected,
3,32,Undirected,
3,35,Undirected,
3,36,Undirected,
3,37,Undirected,
3,41,Undirected,
3,42,Undirected,
3,45,Undirected,
3,47,Undirected,
3,54,Undirected,
3,55,Undirected,
3,57,Undirected,
3,59,Undirected,
3,61,Undirected,
3,64,Undirected,
3,65,Undirected,
3,71,Undirected,
3,72,Undirected,
3,73,Undirected,
3,74,Undirected,
3,76,Undirected,
3,77,Undirected,
3,78,Undirected,
3,79,Undirected,
3,80,Undirected,
3,81,Undirected,
3,83,Undirected,
3,84,Undirected,
3,85,Undirected,
3,86,Undirected,
3,87,Undirected,
3,90,Undirected,
3,93,Undirected,
3,96,Undirected,
3,97,Undirected,
3,98,Undirected,
3,99,Undirected,
3,101,Undirected,
3,104,Undirected,
3,114,Undirected,
3,115,Undirected,
3,124,Undirected,
3,127,Undirected,
3,128,Undirected,
3,129,Undirected,
3,130,Undirected,
3,133,Undirected,
3,135,Undirected,
3,136,Undirected,
3,141,Undirected,
3,144,Undirected,
3,145,Undirected,
3,146,Undirected,
3,148,Undirected,
3,156,Undirected,
3,162,Undirected,
3,163,Undirected,
4,5,Undirected,
4,6,Undirected,
4,7,Undirected,
4,8,Undirected,
4,10,Undirected,
4,17,Undirected,
4,18,Undirected,
4,20,Undirected,
4,23,Undirected,
4,24,Undirected,
4,28,Undirected,
4,30,Undirected,
4,32,Undirected,
4,35,Undirected,
4,36,Undirected,
4,37,Undirected,
4,41,Undirected,
4,42,Undirected,
4,43,Undirected,
4,45,Undirected,
4,47,Undirected,
4,53,Undirected,
4,54,Undirected,
4,55,Undirected,
4,61,Undirected,
4,62,Undirected,
4,65,Undirected,
4,68,Undirected,
4,70,Undirected,
4,71,Undirected,
4,72,Undirected,
4,73,Undirected,
4,74,Undirected,
4,75,Undirected,
4,76,Undirected,
4,77,Undirected,
4,78,Undirected,
4,79,Undirected,
4,80,Undirected,
4,81,Undirected,
4,82,Undirected,
4,83,Undirected,
4,84,Undirected,
4,85,Undirected,
4,86,Undirected,
4,87,Undirected,
4,90,Undirected,
4,92,Undirected,
4,93,Undirected,
4,94,Undirected,
4,96,Undirected,
4,97,Undirected,
4,98,Undirected,
4,99,Undirected,
4,100,Undirected,
4,101,Undirected,
4,110,Undirected,
4,115,Undirected,
4,118,Undirected,
4,120,Undirected,
4,127,Undirected,
4,130,Undirected,
4,133,Undirected,
4,135,Undirected,
4,137,Undirected,
4,144,Undirected,
4,145,Undirected,
4,146,Undirected,
4,147,Undirected,
4,149,Undirected,
4,152,Undirected,
4,156,Undirected,
4,158,Undirected,
4,159,Undirected,
4,162,Undirected,
5,6,Undirected,
5,7,Undirected,
5,8,Undirected,
5,11,Undirected,
5,13,Undirected,
5,14,Undirected,
5,23,Undirected,
5,28,Undirected,
5,30,Undirected,
5,31,Undirected,
5,32,Undirected,
5,33,Undirected,
5,34,Undirected,
5,35,Undirected,
5,36,Undirected,
5,39,Undirected,
5,40,Undirected,
5,41,Undirected,
5,42,Undirected,
5,43,Undirected,
5,44,Undirected,
5,47,Undirected,
5,50,Undirected,
5,51,Undirected,
5,53,Undirected,
5,64,Undirected,
5,66,Undirected,
5,69,Undirected,
5,72,Undirected,
5,74,Undirected,
5,75,Undirected,
5,77,Undirected,
5,78,Undirected,
5,79,Undirected,
5,94,Undirected,
5,98,Undirected,
5,100,Undirected,
5,101,Undirected,
5,103,Undirected,
5,104,Undirected,
5,107,Undirected,
5,109,Undirected,
5,126,Undirected,
5,127,Undirected,
5,134,Undirected,
5,139,Undirected,
5,145,Undirected,
5,146,Undirected,
5,148,Undirected,
5,151,Undirected,
5,152,Undirected,
5,153,Undirected,
5,154,Undirected,
5,155,Undirected,
5,156,Undirected,
5,157,Undirected,
5,158,Undirected,
5,164,Undirected,
6,7,Undirected,
6,8,Undirected,
6,10,Undirected,
6,12,Undirected,
6,13,Undirected,
6,14,Undirected,
6,18,Undirected,
6,25,Undirected,
6,29,Undirected,
6,31,Undirected,
6,33,Undirected,
6,34,Undirected,
6,35,Undirected,
6,36,Undirected,
6,40,Undirected,
6,41,Undirected,
6,42,Undirected,
6,43,Undirected,
6,44,Undirected,
6,47,Undirected,
6,48,Undirected,
6,50,Undirected,
6,51,Undirected,
6,53,Undirected,
6,54,Undirected,
6,57,Undirected,
6,62,Undirected,
6,64,Undirected,
6,65,Undirected,
6,66,Undirected,
6,69,Undirected,
6,72,Undirected,
6,74,Undirected,
6,76,Undirected,
6,78,Undirected,
6,79,Undirected,
6,82,Undirected,
6,83,Undirected,
6,86,Undirected,
6,88,Undirected,
6,89,Undirected,
6,90,Undirected,
6,91,Undirected,
6,98,Undirected,
6,99,Undirected,
6,100,Undirected,
6,101,Undirected,
6,102,Undirected,
6,103,Undirected,
6,117,Undirected,
6,126,Undirected,
6,127,Undirected,
6,128,Undirected,
6,129,Undirected,
6,130,Undirected,
6,131,Undirected,
6,133,Undirected,
6,136,Undirected,
6,139,Undirected,
6,141,Undirected,
6,144,Undirected,
6,148,Undirected,
6,151,Undirected,
6,152,Undirected,
6,153,Undirected,
6,154,Undirected,
6,155,Undirected,
6,156,Undirected,
6,158,Undirected,
6,159,Undirected,
7,8,Undirected,
7,9,Undirected,
7,10,Undirected,
7,11,Undirected,
7,13,Undirected,
7,14,Undirected,
7,23,Undirected,
7,24,Undirected,
7,27,Undirected,
7,28,Undirected,
7,29,Undirected,
7,30,Undirected,
7,31,Undirected,
7,32,Undirected,
7,33,Undirected,
7,34,Undirected,
7,35,Undirected,
7,36,Undirected,
7,40,Undirected,
7,41,Undirected,
7,42,Undirected,
7,43,Undirected,
7,44,Undirected,
7,47,Undirected,
7,48,Undirected,
7,51,Undirected,
7,53,Undirected,
7,54,Undirected,
7,57,Undirected,
7,64,Undirected,
7,66,Undirected,
7,72,Undirected,
7,74,Undirected,
7,75,Undirected,
7,77,Undirected,
7,78,Undirected,
7,79,Undirected,
7,91,Undirected,
7,93,Undirected,
7,94,Undirected,
7,98,Undirected,
7,99,Undirected,
7,101,Undirected,
7,104,Undirected,
7,106,Undirected,
7,107,Undirected,
7,109,Undirected,
7,110,Undirected,
7,130,Undirected,
7,131,Undirected,
7,134,Undirected,
7,136,Undirected,
7,139,Undirected,
7,141,Undirected,
7,142,Undirected,
7,145,Undirected,
7,146,Undirected,
7,148,Undirected,
7,153,Undirected,
7,154,Undirected,
7,155,Undirected,
7,156,Undirected,
7,157,Undirected,
7,158,Undirected,
7,164,Undirected,
8,10,Undirected,
8,13,Undirected,
8,21,Undirected,
8,23,Undirected,
8,24,Undirected,
8,27,Undirected,
8,28,Undirected,
8,33,Undirected,
8,35,Undirected,
8,36,Undirected,
8,40,Undirected,
8,41,Undirected,
8,42,Undirected,
8,43,Undirected,
8,44,Undirected,
8,47,Undirected,
8,48,Undirected,
8,50,Undirected,
8,51,Undirected,
8,53,Undirected,
8,54,Undirected,
8,57,Undirected,
8,58,Undirected,
8,64,Undirected,
8,66,Undirected,
8,72,Undirected,
8,74,Undirected,
8,75,Undirected,
8,82,Undirected,
8,83,Undirected,
8,88,Undirected,
8,89,Undirected,
8,90,Undirected,
8,91,Undirected,
8,127,Undirected,
8,129,Undirected,
8,130,Undirected,
8,131,Undirected,
8,133,Undirected,
8,134,Undirected,
8,135,Undirected,
8,136,Undirected,
8,139,Undirected,
8,140,Undirected,
8,141,Undirected,
8,148,Undirected,
8,153,Undirected,
8,154,Undirected,
8,155,Undirected,
8,156,Undirected,
8,157,Undirected,
8,158,Undirected,
8,159,Undirected,
8,160,Undirected,
8,161,Undirected,
8,162,Undirected,
8,164,Undirected,
9,10,Undirected,
9,11,Undirected,
9,12,Undirected,
9,15,Undirected,
9,16,Undirected,
9,21,Undirected,
9,26,Undirected,
9,32,Undirected,
9,39,Undirected,
9,40,Undirected,
9,51,Undirected,
9,53,Undirected,
9,55,Undirected,
9,66,Undirected,
9,67,Undirected,
9,69,Undirected,
9,76,Undirected,
9,77,Undirected,
9,82,Undirected,
9,94,Undirected,
9,95,Undirected,
9,96,Undirected,
9,99,Undirected,
9,100,Undirected,
9,101,Undirected,
9,102,Undirected,
9,103,Undirected,
9,104,Undirected,
9,140,Undirected,
9,144,Undirected,
9,145,Undirected,
9,146,Undirected,
9,148,Undirected,
9,155,Undirected,
9,159,Undirected,
9,160,Undirected,
9,164,Undirected,
10,12,Undirected,
10,18,Undirected,
10,19,Undirected,
10,21,Undirected,
10,28,Undirected,
10,40,Undirected,
10,46,Undirected,
10,47,Undirected,
10,48,Undirected,
10,51,Undirected,
10,53,Undirected,
10,54,Undirected,
10,56,Undirected,
10,58,Undirected,
10,59,Undirected,
10,62,Undirected,
10,65,Undirected,
10,66,Undirected,
10,67,Undirected,
10,71,Undirected,
10,72,Undirected,
10,76,Undirected,
10,77,Undirected,
10,82,Undirected,
10,83,Undirected,
10,88,Undirected,
10,89,Undirected,
10,91,Undirected,
10,92,Undirected,
10,93,Undirected,
10,95,Undirected,
10,100,Undirected,
10,102,Undirected,
10,103,Undirected,
10,114,Undirected,
10,117,Undirected,
10,119,Undirected,
10,127,Undirected,
10,128,Undirected,
10,129,Undirected,
10,130,Undirected,
10,140,Undirected,
10,155,Undirected,
10,156,Undirected,
10,159,Undirected,
10,160,Undirected,
11,12,Undirected,
11,15,Undirected,
11,16,Undirected,
11,21,Undirected,
11,22,Undirected,
11,31,Undirected,
11,32,Undirected,
11,33,Undirected,
11,34,Undirected,
11,37,Undirected,
11,39,Undirected,
11,42,Undirected,
11,49,Undirected,
11,52,Undirected,
11,53,Undirected,
11,55,Undirected,
11,57,Undirected,
11,58,Undirected,
11,59,Undirected,
11,66,Undirected,
11,67,Undirected,
11,76,Undirected,
11,78,Undirected,
11,90,Undirected,
11,92,Undirected,
11,93,Undirected,
11,94,Undirected,
11,95,Undirected,
11,99,Undirected,
11,100,Undirected,
11,101,Undirected,
11,102,Undirected,
11,103,Undirected,
11,107,Undirected,
11,109,Undirected,
11,124,Undirected,
11,132,Undirected,
11,133,Undirected,
11,135,Undirected,
11,136,Undirected,
11,137,Undirected,
11,138,Undirected,
11,139,Undirected,
11,140,Undirected,
11,144,Undirected,
11,148,Undirected,
11,157,Undirected,
11,160,Undirected,
11,161,Undirected,
11,162,Undirected,
11,164,Undirected,
12,14,Undirected,
12,15,Undirected,
12,16,Undirected,
12,21,Undirected,
12,22,Undirected,
12,23,Undirected,
12,24,Undirected,
12,29,Undirected,
12,31,Undirected,
12,32,Undirected,
12,37,Undirected,
12,38,Undirected,
12,39,Undirected,
12,40,Undirected,
12,41,Undirected,
12,42,Undirected,
12,43,Undirected,
12,48,Undirected,
12,49,Undirected,
12,50,Undirected,
12,51,Undirected,
12,55,Undirected,
12,56,Undirected,
12,57,Undirected,
12,58,Undirected,
12,59,Undirected,
12,60,Undirected,
12,61,Undirected,
12,63,Undirected,
12,65,Undirected,
12,66,Undirected,
12,67,Undirected,
12,69,Undirected,
12,70,Undirected,
12,75,Undirected,
12,76,Undirected,
12,77,Undirected,
12,82,Undirected,
12,88,Undirected,
12,91,Undirected,
12,95,Undirected,
12,100,Undirected,
12,101,Undirected,
12,102,Undirected,
12,103,Undirected,
12,110,Undirected,
12,111,Undirected,
12,113,Undirected,
12,118,Undirected,
12,120,Undirected,
12,124,Undirected,
12,132,Undirected,
12,133,Undirected,
12,135,Undirected,
12,136,Undirected,
12,140,Undirected,
12,144,Undirected,
12,145,Undirected,
12,146,Undirected,
12,147,Undirected,
12,148,Undirected,
12,149,Undirected,
12,153,Undirected,
12,154,Undirected,
12,155,Undirected,
12,158,Undirected,
12,160,Undirected,
12,162,Undirected,
12,164,Undirected,
13,14,Undirected,
13,15,Undirected,
13,16,Undirected,
13,19,Undirected,
13,20,Undirected,
13,22,Undirected,
13,23,Undirected,
13,29,Undirected,
13,30,Undirected,
13,32,Undirected,
13,33,Undirected,
13,34,Undirected,
13,35,Undirected,
13,36,Undirected,
13,40,Undirected,
13,45,Undirected,
13,50,Undirected,
13,51,Undirected,
13,56,Undirected,
13,58,Undirected,
13,59,Undirected,
13,63,Undirected,
13,64,Undirected,
13,69,Undirected,
13,71,Undirected,
13,80,Undirected,
13,91,Undirected,
13,92,Undirected,
13,93,Undirected,
13,104,Undirected,
13,105,Undirected,
13,108,Undirected,
13,113,Undirected,
13,114,Undirected,
13,119,Undirected,
13,121,Undirected,
13,122,Undirected,
13,123,Undirected,
13,124,Undirected,
13,125,Undirected,
13,131,Undirected,
13,132,Undirected,
13,137,Undirected,
13,138,Undirected,
13,139,Undirected,
13,142,Undirected,
13,148,Undirected,
13,151,Undirected,
13,152,Undirected,
13,153,Undirected,
13,154,Undirected,
13,157,Undirected,
13,161,Undirected,
13,162,Undirected,
14,15,Undirected,
14,16,Undirected,
14,19,Undirected,
14,20,Undirected,
14,22,Undirected,
14,23,Undirected,
14,29,Undirected,
14,33,Undirected,
14,34,Undirected,
14,35,Undirected,
14,36,Undirected,
14,38,Undirected,
14,40,Undirected,
14,44,Undirected,
14,45,Undirected,
14,50,Undirected,
14,51,Undirected,
14,52,Undirected,
14,53,Undirected,
14,56,Undirected,
14,60,Undirected,
14,61,Undirected,
14,63,Undirected,
14,74,Undirected,
14,75,Undirected,
14,80,Undirected,
14,91,Undirected,
14,92,Undirected,
14,93,Undirected,
14,104,Undirected,
14,105,Undirected,
14,108,Undirected,
14,114,Undirected,
14,119,Undirected,
14,123,Undirected,
14,124,Undirected,
14,129,Undirected,
14,131,Undirected,
14,132,Undirected,
14,137,Undirected,
14,138,Undirected,
14,139,Undirected,
14,145,Undirected,
14,147,Undirected,
14,148,Undirected,
14,149,Undirected,
14,151,Undirected,
14,152,Undirected,
14,153,Undirected,
14,154,Undirected,
14,155,Undirected,
14,157,Undirected,
14,161,Undirected,
14,163,Undirected,
15,16,Undirected,
15,17,Undirected,
15,18,Undirected,
15,19,Undirected,
15,20,Undirected,
15,21,Undirected,
15,22,Undirected,
15,23,Undirected,
15,24,Undirected,
15,25,Undirected,
15,27,Undirected,
15,28,Undirected,
15,31,Undirected,
15,33,Undirected,
15,34,Undirected,
15,41,Undirected,
15,42,Undirected,
15,43,Undirected,
15,44,Undirected,
15,45,Undirected,
15,49,Undirected,
15,52,Undirected,
15,55,Undirected,
15,57,Undirected,
15,58,Undirected,
15,59,Undirected,
15,60,Undirected,
15,61,Undirected,
15,62,Undirected,
15,65,Undirected,
15,66,Undirected,
15,67,Undirected,
15,68,Undirected,
15,71,Undirected,
15,73,Undirected,
15,76,Undirected,
15,78,Undirected,
15,79,Undirected,
15,80,Undirected,
15,84,Undirected,
15,85,Undirected,
15,86,Undirected,
15,87,Undirected,
15,92,Undirected,
15,93,Undirected,
15,95,Undirected,
15,100,Undirected,
15,101,Undirected,
15,102,Undirected,
15,103,Undirected,
15,104,Undirected,
15,105,Undirected,
15,110,Undirected,
15,111,Undirected,
15,113,Undirected,
15,114,Undirected,
15,115,Undirected,
15,120,Undirected,
15,123,Undirected,
15,124,Undirected,
15,127,Undirected,
15,128,Undirected,
15,132,Undirected,
15,135,Undirected,
15,136,Undirected,
15,137,Undirected,
15,138,Undirected,
15,139,Undirected,
15,140,Undirected,
15,142,Undirected,
15,144,Undirected,
15,150,Undirected,
15,158,Undirected,
15,161,Undirected,
15,162,Undirected,
16,18,Undirected,
16,19,Undirected,
16,20,Undirected,
16,21,Undirected,
16,22,Undirected,
16,23,Undirected,
16,24,Undirected,
16,25,Undirected,
16,27,Undirected,
16,28,Undirected,
16,33,Undirected,
16,34,Undirected,
16,40,Undirected,
16,41,Undirected,
16,42,Undirected,
16,43,Undirected,
16,44,Undirected,
16,45,Undirected,
16,46,Undirected,
16,49,Undirected,
16,52,Undirected,
16,56,Undirected,
16,58,Undirected,
16,59,Undirected,
16,60,Undirected,
16,61,Undirected,
16,62,Undirected,
16,63,Undirected,
16,65,Undirected,
16,67,Undirected,
16,73,Undirected,
16,78,Undirected,
16,79,Undirected,
16,84,Undirected,
16,85,Undirected,
16,86,Undirected,
16,87,Undirected,
16,91,Undirected,
16,92,Undirected,
16,95,Undirected,
16,100,Undirected,
16,101,Undirected,
16,102,Undirected,
16,103,Undirected,
16,104,Undirected,
16,105,Undirected,
16,107,Undirected,
16,108,Undirected,
16,109,Undirected,
16,110,Undirected,
16,111,Undirected,
16,113,Undirected,
16,114,Undirected,
16,115,Undirected,
16,116,Undirected,
16,117,Undirected,
16,118,Undirected,
16,120,Undirected,
16,127,Undirected,
16,128,Undirected,
16,129,Undirected,
16,131,Undirected,
16,132,Undirected,
16,134,Undirected,
16,135,Undirected,
16,137,Undirected,
16,138,Undirected,
16,139,Undirected,
16,140,Undirected,
16,142,Undirected,
16,143,Undirected,
16,156,Undirected,
16,157,Undirected,
16,158,Undirected,
16,159,Undirected,
16,161,Undirected,
16,164,Undirected,
17,18,Undirected,
17,19,Undirected,
17,20,Undirected,
17,21,Undirected,
17,22,Undirected,
17,35,Undirected,
17,45,Undirected,
17,47,Undirected,
17,48,Undirected,
17,52,Undirected,
17,54,Undirected,
17,56,Undirected,
17,58,Undirected,
17,59,Undirected,
17,61,Undirected,
17,62,Undirected,
17,64,Undirected,
17,65,Undirected,
17,66,Undirected,
17,67,Undirected,
17,69,Undirected,
17,71,Undirected,
17,72,Undirected,
17,78,Undirected,
17,79,Undirected,
17,80,Undirected,
17,81,Undirected,
17,82,Undirected,
17,83,Undirected,
17,84,Undirected,
17,85,Undirected,
17,86,Undirected,
17,87,Undirected,
17,94,Undirected,
17,95,Undirected,
17,100,Undirected,
17,101,Undirected,
17,102,Undirected,
17,103,Undirected,
17,107,Undirected,
17,108,Undirected,
17,114,Undirected,
17,122,Undirected,
17,123,Undirected,
17,124,Undirected,
17,130,Undirected,
17,137,Undirected,
17,138,Undirected,
17,140,Undirected,
17,164,Undirected,
18,20,Undirected,
18,21,Undirected,
18,22,Undirected,
18,27,Undirected,
18,30,Undirected,
18,33,Undirected,
18,34,Undirected,
18,45,Undirected,
18,51,Undirected,
18,52,Undirected,
18,53,Undirected,
18,54,Undirected,
18,58,Undirected,
18,61,Undirected,
18,62,Undirected,
18,65,Undirected,
18,66,Undirected,
18,67,Undirected,
18,68,Undirected,
18,70,Undirected,
18,71,Undirected,
18,78,Undirected,
18,79,Undirected,
18,80,Undirected,
18,81,Undirected,
18,82,Undirected,
18,83,Undirected,
18,85,Undirected,
18,86,Undirected,
18,87,Undirected,
18,94,Undirected,
18,95,Undirected,
18,100,Undirected,
18,101,Undirected,
18,102,Undirected,
18,103,Undirected,
18,109,Undirected,
18,110,Undirected,
18,118,Undirected,
18,120,Undirected,
18,125,Undirected,
18,126,Undirected,
18,127,Undirected,
18,128,Undirected,
18,135,Undirected,
18,137,Undirected,
18,138,Undirected,
18,140,Undirected,
18,145,Undirected,
18,150,Undirected,
18,157,Undirected,
19,20,Undirected,
19,22,Undirected,
19,23,Undirected,
19,33,Undirected,
19,34,Undirected,
19,51,Undirected,
19,58,Undirected,
19,59,Undirected,
19,63,Undirected,
19,67,Undirected,
19,73,Undirected,
19,78,Undirected,
19,80,Undirected,
19,85,Undirected,
19,87,Undirected,
19,90,Undirected,
19,92,Undirected,
19,93,Undirected,
19,95,Undirected,
19,101,Undirected,
19,102,Undirected,
19,103,Undirected,
19,107,Undirected,
19,110,Undirected,
19,113,Undirected,
19,117,Undirected,
19,118,Undirected,
19,119,Undirected,
19,123,Undirected,
19,124,Undirected,
19,132,Undirected,
19,137,Undirected,
19,138,Undirected,
19,139,Undirected,
19,141,Undirected,
19,158,Undirected,
19,159,Undirected,
19,161,Undirected,
19,164,Undirected,
20,21,Undirected,
20,22,Undirected,
20,23,Undirected,
20,24,Undirected,
20,25,Undirected,
20,27,Undirected,
20,28,Undirected,
20,33,Undirected,
20,34,Undirected,
20,36,Undirected,
20,45,Undirected,
20,49,Undirected,
20,52,Undirected,
20,60,Undirected,
20,65,Undirected,
20,67,Undirected,
20,73,Undirected,
20,78,Undirected,
20,79,Undirected,
20,80,Undirected,
20,81,Undirected,
20,85,Undirected,
20,86,Undirected,
20,87,Undirected,
20,91,Undirected,
20,92,Undirected,
20,93,Undirected,
20,94,Undirected,
20,95,Undirected,
20,99,Undirected,
20,100,Undirected,
20,101,Undirected,
20,103,Undirected,
20,104,Undirected,
20,105,Undirected,
20,113,Undirected,
20,114,Undirected,
20,118,Undirected,
20,120,Undirected,
20,123,Undirected,
20,124,Undirected,
20,132,Undirected,
20,137,Undirected,
20,138,Undirected,
20,145,Undirected,
20,150,Undirected,
20,156,Undirected,
20,158,Undirected,
20,161,Undirected,
21,22,Undirected,
21,23,Undirected,
21,24,Undirected,
21,25,Undirected,
21,27,Undirected,
21,28,Undirected,
21,30,Undirected,
21,31,Undirected,
21,33,Undirected,
21,34,Undirected,
21,37,Undirected,
21,38,Undirected,
21,41,Undirected,
21,42,Undirected,
21,43,Undirected,
21,44,Undirected,
21,49,Undirected,
21,52,Undirected,
21,55,Undirected,
21,56,Undirected,
21,57,Undirected,
21,58,Undirected,
21,59,Undirected,
21,62,Undirected,
21,64,Undirected,
21,65,Undirected,
21,66,Undirected,
21,67,Undirected,
21,71,Undirected,
21,76,Undirected,
21,85,Undirected,
21,94,Undirected,
21,95,Undirected,
21,96,Undirected,
21,100,Undirected,
21,101,Undirected,
21,102,Undirected,
21,103,Undirected,
21,107,Undirected,
21,111,Undirected,
21,112,Undirected,
21,113,Undirected,
21,114,Undirected,
21,121,Undirected,
21,124,Undirected,
21,127,Undirected,
21,132,Undirected,
21,133,Undirected,
21,135,Undirected,
21,136,Undirected,
21,137,Undirected,
21,138,Undirected,
21,139,Undirected,
21,140,Undirected,
21,144,Undirected,
21,146,Undirected,
21,147,Undirected,
21,149,Undirected,
21,150,Undirected,
21,156,Undirected,
21,158,Undirected,
21,161,Undirected,
21,162,Undirected,
22,23,Undirected,
22,24,Undirected,
22,25,Undirected,
22,28,Undirected,
22,33,Undirected,
22,34,Undirected,
22,37,Undirected,
22,38,Undirected,
22,39,Undirected,
22,41,Undirected,
22,42,Undirected,
22,43,Undirected,
22,44,Undirected,
22,45,Undirected,
22,46,Undirected,
22,49,Undirected,
22,52,Undirected,
22,55,Undirected,
22,57,Undirected,
22,58,Undirected,
22,59,Undirected,
22,61,Undirected,
22,64,Undirected,
22,65,Undirected,
22,66,Undirected,
22,67,Undirected,
22,71,Undirected,
22,72,Undirected,
22,73,Undirected,
22,74,Undirected,
22,76,Undirected,
22,78,Undirected,
22,79,Undirected,
22,82,Undirected,
22,85,Undirected,
22,86,Undirected,
22,92,Undirected,
22,94,Undirected,
22,95,Undirected,
22,100,Undirected,
22,101,Undirected,
22,102,Undirected,
22,103,Undirected,
22,104,Undirected,
22,105,Undirected,
22,111,Undirected,
22,113,Undirected,
22,114,Undirected,
22,119,Undirected,
22,123,Undirected,
22,124,Undirected,
22,127,Undirected,
22,128,Undirected,
22,130,Undirected,
22,132,Undirected,
22,133,Undirected,
22,135,Undirected,
22,136,Undirected,
22,137,Undirected,
22,138,Undirected,
22,139,Undirected,
22,140,Undirected,
22,142,Undirected,
22,143,Undirected,
22,144,Undirected,
22,149,Undirected,
22,150,Undirected,
22,158,Undirected,
22,159,Undirected,
22,161,Undirected,
22,162,Undirected,
23,24,Undirected,
23,25,Undirected,
23,27,Undirected,
23,28,Undirected,
23,33,Undirected,
23,34,Undirected,
23,37,Undirected,
23,38,Undirected,
23,41,Undirected,
23,42,Undirected,
23,43,Undirected,
23,44,Undirected,
23,47,Undirected,
23,49,Undirected,
23,50,Undirected,
23,52,Undirected,
23,53,Undirected,
23,54,Undirected,
23,55,Undirected,
23,56,Undirected,
23,57,Undirected,
23,63,Undirected,
23,65,Undirected,
23,67,Undirected,
23,72,Undirected,
23,76,Undirected,
23,77,Undirected,
23,81,Undirected,
23,82,Undirected,
23,83,Undirected,
23,89,Undirected,
23,92,Undirected,
23,93,Undirected,
23,98,Undirected,
23,99,Undirected,
23,100,Undirected,
23,102,Undirected,
23,111,Undirected,
23,112,Undirected,
23,113,Undirected,
23,114,Undirected,
23,115,Undirected,
23,118,Undirected,
23,119,Undirected,
23,120,Undirected,
23,123,Undirected,
23,124,Undirected,
23,131,Undirected,
23,132,Undirected,
23,133,Undirected,
23,135,Undirected,
23,136,Undirected,
23,137,Undirected,
23,138,Undirected,
23,139,Undirected,
23,144,Undirected,
23,145,Undirected,
23,146,Undirected,
23,147,Undirected,
23,149,Undirected,
23,150,Undirected,
23,155,Undirected,
23,156,Undirected,
23,157,Undirected,
23,158,Undirected,
23,159,Undirected,
23,161,Undirected,
23,162,Undirected,
24,25,Undirected,
24,27,Undirected,
24,28,Undirected,
24,37,Undirected,
24,38,Undirected,
24,39,Undirected,
24,41,Undirected,
24,42,Undirected,
24,43,Undirected,
24,44,Undirected,
24,46,Undirected,
24,47,Undirected,
24,49,Undirected,
24,50,Undirected,
24,52,Undirected,
24,54,Undirected,
24,57,Undirected,
24,58,Undirected,
24,65,Undirected,
24,67,Undirected,
24,77,Undirected,
24,82,Undirected,
24,89,Undirected,
24,92,Undirected,
24,93,Undirected,
24,100,Undirected,
24,101,Undirected,
24,102,Undirected,
24,103,Undirected,
24,105,Undirected,
24,111,Undirected,
24,112,Undirected,
24,113,Undirected,
24,114,Undirected,
24,123,Undirected,
24,124,Undirected,
24,131,Undirected,
24,132,Undirected,
24,133,Undirected,
24,135,Undirected,
24,136,Undirected,
24,138,Undirected,
24,142,Undirected,
24,144,Undirected,
24,145,Undirected,
24,146,Undirected,
24,147,Undirected,
24,149,Undirected,
24,150,Undirected,
24,156,Undirected,
24,157,Undirected,
24,158,Undirected,
24,159,Undirected,
24,161,Undirected,
24,162,Undirected,
24,164,Undirected,
25,26,Undirected,
25,30,Undirected,
25,32,Undirected,
25,36,Undirected,
25,37,Undirected,
25,38,Undirected,
25,39,Undirected,
25,41,Undirected,
25,42,Undirected,
25,43,Undirected,
25,44,Undirected,
25,45,Undirected,
25,48,Undirected,
25,49,Undirected,
25,52,Undirected,
25,59,Undirected,
25,60,Undirected,
25,64,Undirected,
25,65,Undirected,
25,66,Undirected,
25,67,Undirected,
25,71,Undirected,
25,72,Undirected,
25,83,Undirected,
25,88,Undirected,
25,89,Undirected,
25,99,Undirected,
25,100,Undirected,
25,101,Undirected,
25,102,Undirected,
25,103,Undirected,
25,104,Undirected,
25,105,Undirected,
25,111,Undirected,
25,113,Undirected,
25,114,Undirected,
25,121,Undirected,
25,126,Undirected,
25,127,Undirected,
25,134,Undirected,
25,135,Undirected,
25,140,Undirected,
25,142,Undirected,
25,143,Undirected,
25,144,Undirected,
25,149,Undirected,
25,153,Undirected,
25,161,Undirected,
25,162,Undirected,
25,163,Undirected,
26,32,Undirected,
26,33,Undirected,
26,34,Undirected,
26,35,Undirected,
26,36,Undirected,
26,43,Undirected,
26,44,Undirected,
26,45,Undirected,
26,46,Undirected,
26,48,Undirected,
26,52,Undirected,
26,54,Undirected,
26,60,Undirected,
26,61,Undirected,
26,65,Undirected,
26,67,Undirected,
26,72,Undirected,
26,73,Undirected,
26,76,Undirected,
26,83,Undirected,
26,86,Undirected,
26,88,Undirected,
26,89,Undirected,
26,92,Undirected,
26,93,Undirected,
26,99,Undirected,
26,105,Undirected,
26,108,Undirected,
26,110,Undirected,
26,114,Undirected,
26,115,Undirected,
26,116,Undirected,
26,118,Undirected,
26,119,Undirected,
26,120,Undirected,
26,124,Undirected,
26,127,Undirected,
26,128,Undirected,
26,130,Undirected,
26,133,Undirected,
26,134,Undirected,
26,137,Undirected,
26,142,Undirected,
26,143,Undirected,
26,161,Undirected,
26,163,Undirected,
27,28,Undirected,
27,29,Undirected,
27,30,Undirected,
27,34,Undirected,
27,38,Undirected,
27,40,Undirected,
27,41,Undirected,
27,42,Undirected,
27,45,Undirected,
27,47,Undirected,
27,52,Undirected,
27,55,Undirected,
27,57,Undirected,
27,60,Undirected,
27,64,Undirected,
27,65,Undirected,
27,68,Undirected,
27,69,Undirected,
27,70,Undirected,
27,72,Undirected,
27,88,Undirected,
27,91,Undirected,
27,99,Undirected,
27,101,Undirected,
27,109,Undirected,
27,110,Undirected,
27,118,Undirected,
27,120,Undirected,
27,125,Undirected,
27,131,Undirected,
27,136,Undirected,
27,137,Undirected,
27,148,Undirected,
27,149,Undirected,
27,155,Undirected,
27,156,Undirected,
27,157,Undirected,
27,158,Undirected,
27,162,Undirected,
27,164,Undirected,
28,29,Undirected,
28,30,Undirected,
28,33,Undirected,
28,35,Undirected,
28,36,Undirected,
28,40,Undirected,
28,41,Undirected,
28,42,Undirected,
28,43,Undirected,
28,47,Undirected,
28,49,Undirected,
28,53,Undirected,
28,54,Undirected,
28,57,Undirected,
28,60,Undirected,
28,69,Undirected,
28,71,Undirected,
28,72,Undirected,
28,74,Undirected,
28,75,Undirected,
28,82,Undirected,
28,83,Undirected,
28,88,Undirected,
28,89,Undirected,
28,90,Undirected,
28,92,Undirected,
28,93,Undirected,
28,101,Undirected,
28,104,Undirected,
28,105,Undirected,
28,107,Undirected,
28,108,Undirected,
28,109,Undirected,
28,110,Undirected,
28,111,Undirected,
28,120,Undirected,
28,131,Undirected,
28,136,Undirected,
28,137,Undirected,
28,141,Undirected,
28,154,Undirected,
28,155,Undirected,
28,156,Undirected,
28,157,Undirected,
28,158,Undirected,
28,159,Undirected,
28,161,Undirected,
28,162,Undirected,
28,164,Undirected,
29,30,Undirected,
29,33,Undirected,
29,34,Undirected,
29,35,Undirected,
29,36,Undirected,
29,37,Undirected,
29,38,Undirected,
29,40,Undirected,
29,45,Undirected,
29,60,Undirected,
29,61,Undirected,
29,64,Undirected,
29,65,Undirected,
29,67,Undirected,
29,68,Undirected,
29,69,Undirected,
29,70,Undirected,
29,72,Undirected,
29,80,Undirected,
29,81,Undirected,
29,84,Undirected,
29,86,Undirected,
29,87,Undirected,
29,91,Undirected,
29,93,Undirected,
29,99,Undirected,
29,100,Undirected,
29,101,Undirected,
29,102,Undirected,
29,103,Undirected,
29,106,Undirected,
29,109,Undirected,
29,110,Undirected,
29,118,Undirected,
29,120,Undirected,
29,121,Undirected,
29,122,Undirected,
29,124,Undirected,
29,125,Undirected,
29,131,Undirected,
29,135,Undirected,
29,138,Undirected,
29,144,Undirected,
29,147,Undirected,
29,148,Undirected,
29,149,Undirected,
29,153,Undirected,
29,154,Undirected,
29,155,Undirected,
29,157,Undirected,
29,164,Undirected,
30,31,Undirected,
30,32,Undirected,
30,33,Undirected,
30,35,Undirected,
30,36,Undirected,
30,37,Undirected,
30,43,Undirected,
30,45,Undirected,
30,48,Undirected,
30,49,Undirected,
30,52,Undirected,
30,57,Undirected,
30,59,Undirected,
30,61,Undirected,
30,64,Undirected,
30,68,Undirected,
30,69,Undirected,
30,70,Undirected,
30,71,Undirected,
30,80,Undirected,
30,81,Undirected,
30,85,Undirected,
30,107,Undirected,
30,109,Undirected,
30,115,Undirected,
30,125,Undirected,
30,136,Undirected,
30,138,Undirected,
30,142,Undirected,
30,143,Undirected,
30,144,Undirected,
30,153,Undirected,
30,154,Undirected,
30,157,Undirected,
30,164,Undirected,
31,32,Undirected,
31,35,Undirected,
31,36,Undirected,
31,37,Undirected,
31,38,Undirected,
31,39,Undirected,
31,45,Undirected,
31,46,Undirected,
31,51,Undirected,
31,55,Undirected,
31,59,Undirected,
31,66,Undirected,
31,69,Undirected,
31,74,Undirected,
31,78,Undirected,
31,79,Undirected,
31,84,Undirected,
31,85,Undirected,
31,86,Undirected,
31,94,Undirected,
31,126,Undirected,
31,133,Undirected,
31,135,Undirected,
31,142,Undirected,
31,143,Undirected,
31,144,Undirected,
31,148,Undirected,
31,150,Undirected,
31,151,Undirected,
31,152,Undirected,
31,153,Undirected,
31,154,Undirected,
32,35,Undirected,
32,36,Undirected,
32,37,Undirected,
32,38,Undirected,
32,39,Undirected,
32,41,Undirected,
32,43,Undirected,
32,45,Undirected,
32,46,Undirected,
32,50,Undirected,
32,51,Undirected,
32,55,Undirected,
32,56,Undirected,
32,60,Undirected,
32,63,Undirected,
32,69,Undirected,
32,71,Undirected,
32,72,Undirected,
32,73,Undirected,
32,74,Undirected,
32,76,Undirected,
32,83,Undirected,
32,87,Undirected,
32,89,Undirected,
32,92,Undirected,
32,93,Undirected,
32,107,Undirected,
32,114,Undirected,
32,115,Undirected,
32,116,Undirected,
32,119,Undirected,
32,123,Undirected,
32,126,Undirected,
32,128,Undirected,
32,129,Undirected,
32,133,Undirected,
32,136,Undirected,
32,142,Undirected,
32,143,Undirected,
32,144,Undirected,
32,145,Undirected,
32,146,Undirected,
32,151,Undirected,
32,152,Undirected,
32,153,Undirected,
32,154,Undirected,
32,159,Undirected,
32,162,Undirected,
32,163,Undirected,
33,34,Undirected,
33,35,Undirected,
33,36,Undirected,
33,38,Undirected,
33,40,Undirected,
33,41,Undirected,
33,43,Undirected,
33,45,Undirected,
33,49,Undirected,
33,50,Undirected,
33,51,Undirected,
33,57,Undirected,
33,58,Undirected,
33,59,Undirected,
33,60,Undirected,
33,63,Undirected,
33,67,Undirected,
33,76,Undirected,
33,77,Undirected,
33,80,Undirected,
33,91,Undirected,
33,92,Undirected,
33,93,Undirected,
33,95,Undirected,
33,104,Undirected,
33,105,Undirected,
33,108,Undirected,
33,113,Undirected,
33,114,Undirected,
33,117,Undirected,
33,119,Undirected,
33,121,Undirected,
33,123,Undirected,
33,124,Undirected,
33,125,Undirected,
33,131,Undirected,
33,132,Undirected,
33,136,Undirected,
33,137,Undirected,
33,138,Undirected,
33,139,Undirected,
33,140,Undirected,
33,142,Undirected,
33,151,Undirected,
33,152,Undirected,
33,153,Undirected,
33,154,Undirected,
33,157,Undirected,
33,158,Undirected,
33,161,Undirected,
33,162,Undirected,
33,163,Undirected,
34,35,Undirected,
34,36,Undirected,
34,38,Undirected,
34,40,Undirected,
34,41,Undirected,
34,45,Undirected,
34,49,Undirected,
34,50,Undirected,
34,51,Undirected,
34,52,Undirected,
34,57,Undirected,
34,58,Undirected,
34,59,Undirected,
34,60,Undirected,
34,63,Undirected,
34,75,Undirected,
34,76,Undirected,
34,84,Undirected,
34,86,Undirected,
34,91,Undirected,
34,92,Undirected,
34,93,Undirected,
34,95,Undirected,
34,96,Undirected,
34,99,Undirected,
34,108,Undirected,
34,113,Undirected,
34,114,Undirected,
34,117,Undirected,
34,119,Undirected,
34,121,Undirected,
34,123,Undirected,
34,124,Undirected,
34,130,Undirected,
34,131,Undirected,
34,132,Undirected,
34,136,Undirected,
34,137,Undirected,
34,138,Undirected,
34,139,Undirected,
34,140,Undirected,
34,151,Undirected,
34,153,Undirected,
34,154,Undirected,
34,157,Undirected,
34,158,Undirected,
34,162,Undirected,
34,163,Undirected,
35,36,Undirected,
35,37,Undirected,
35,38,Undirected,
35,40,Undirected,
35,41,Undirected,
35,43,Undirected,
35,46,Undirected,
35,47,Undirected,
35,48,Undirected,
35,50,Undirected,
35,51,Undirected,
35,53,Undirected,
35,56,Undirected,
35,64,Undirected,
35,69,Undirected,
35,74,Undirected,
35,78,Undirected,
35,79,Undirected,
35,82,Undirected,
35,84,Undirected,
35,86,Undirected,
35,87,Undirected,
35,88,Undirected,
35,91,Undirected,
35,92,Undirected,
35,93,Undirected,
35,98,Undirected,
35,99,Undirected,
35,100,Undirected,
35,101,Undirected,
35,121,Undirected,
35,126,Undirected,
35,127,Undirected,
35,130,Undirected,
35,131,Undirected,
35,139,Undirected,
35,141,Undirected,
35,151,Undirected,
35,152,Undirected,
35,153,Undirected,
35,154,Undirected,
35,155,Undirected,
35,157,Undirected,
35,158,Undirected,
36,37,Undirected,
36,38,Undirected,
36,40,Undirected,
36,43,Undirected,
36,44,Undirected,
36,47,Undirected,
36,48,Undirected,
36,50,Undirected,
36,51,Undirected,
36,53,Undirected,
36,57,Undirected,
36,63,Undirected,
36,64,Undirected,
36,66,Undirected,
36,69,Undirected,
36,70,Undirected,
36,74,Undirected,
36,78,Undirected,
36,86,Undirected,
36,88,Undirected,
36,99,Undirected,
36,101,Undirected,
36,102,Undirected,
36,103,Undirected,
36,121,Undirected,
36,126,Undirected,
36,127,Undirected,
36,130,Undirected,
36,131,Undirected,
36,139,Undirected,
36,141,Undirected,
36,144,Undirected,
36,148,Undirected,
36,149,Undirected,
36,151,Undirected,
36,153,Undirected,
36,154,Undirected,
36,155,Undirected,
36,156,Undirected,
36,157,Undirected,
36,158,Undirected,
37,38,Undirected,
37,39,Undirected,
37,40,Undirected,
37,41,Undirected,
37,42,Undirected,
37,45,Undirected,
37,49,Undirected,
37,50,Undirected,
37,51,Undirected,
37,52,Undirected,
37,55,Undirected,
37,57,Undirected,
37,58,Undirected,
37,64,Undirected,
37,65,Undirected,
37,66,Undirected,
37,67,Undirected,
37,70,Undirected,
37,74,Undirected,
37,76,Undirected,
37,80,Undirected,
37,81,Undirected,
37,82,Undirected,
37,83,Undirected,
37,85,Undirected,
37,87,Undirected,
37,88,Undirected,
37,93,Undirected,
37,94,Undirected,
37,96,Undirected,
37,97,Undirected,
37,98,Undirected,
37,100,Undirected,
37,102,Undirected,
37,103,Undirected,
37,112,Undirected,
37,113,Undirected,
37,115,Undirected,
37,118,Undirected,
37,119,Undirected,
37,120,Undirected,
37,126,Undirected,
37,127,Undirected,
37,133,Undirected,
37,135,Undirected,
37,136,Undirected,
37,140,Undirected,
37,144,Undirected,
37,145,Undirected,
37,146,Undirected,
37,147,Undirected,
37,148,Undirected,
37,149,Undirected,
37,150,Undirected,
37,151,Undirected,
37,153,Undirected,
37,154,Undirected,
37,156,Undirected,
37,158,Undirected,
37,159,Undirected,
37,160,Undirected,
37,162,Undirected,
38,39,Undirected,
38,40,Undirected,
38,41,Undirected,
38,42,Undirected,
38,45,Undirected,
38,51,Undirected,
38,55,Undirected,
38,60,Undirected,
38,61,Undirected,
38,65,Undirected,
38,70,Undirected,
38,74,Undirected,
38,75,Undirected,
38,77,Undirected,
38,79,Undirected,
38,80,Undirected,
38,81,Undirected,
38,82,Undirected,
38,83,Undirected,
38,88,Undirected,
38,90,Undirected,
38,91,Undirected,
38,101,Undirected,
38,102,Undirected,
38,103,Undirected,
38,110,Undirected,
38,118,Undirected,
38,119,Undirected,
38,120,Undirected,
38,121,Undirected,
38,124,Undirected,
38,127,Undirected,
38,131,Undirected,
38,133,Undirected,
38,134,Undirected,
38,135,Undirected,
38,137,Undirected,
38,141,Undirected,
38,144,Undirected,
38,145,Undirected,
38,146,Undirected,
38,147,Undirected,
38,148,Undirected,
38,149,Undirected,
38,151,Undirected,
38,153,Undirected,
38,154,Undirected,
38,155,Undirected,
38,157,Undirected,
38,160,Undirected,
38,162,Undirected,
38,164,Undirected,
39,40,Undirected,
39,44,Undirected,
39,49,Undirected,
39,50,Undirected,
39,51,Undirected,
39,60,Undirected,
39,69,Undirected,
39,71,Undirected,
39,76,Undirected,
39,94,Undirected,
39,95,Undirected,
39,96,Undirected,
39,97,Undirected,
39,100,Undirected,
39,101,Undirected,
39,103,Undirected,
39,104,Undirected,
39,128,Undirected,
39,133,Undirected,
39,135,Undirected,
39,144,Undirected,
39,146,Undirected,
39,150,Undirected,
39,154,Undirected,
39,158,Undirected,
39,160,Undirected,
39,162,Undirected,
40,42,Undirected,
40,44,Undirected,
40,45,Undirected,
40,47,Undirected,
40,48,Undirected,
40,50,Undirected,
40,51,Undirected,
40,53,Undirected,
40,56,Undirected,
40,58,Undirected,
40,60,Undirected,
40,61,Undirected,
40,64,Undirected,
40,65,Undirected,
40,66,Undirected,
40,67,Undirected,
40,69,Undirected,
40,70,Undirected,
40,73,Undirected,
40,77,Undirected,
40,79,Undirected,
40,80,Undirected,
40,81,Undirected,
40,88,Undirected,
40,89,Undirected,
40,90,Undirected,
40,91,Undirected,
40,92,Undirected,
40,96,Undirected,
40,97,Undirected,
40,100,Undirected,
40,102,Undirected,
40,103,Undirected,
40,104,Undirected,
40,105,Undirected,
40,110,Undirected,
40,115,Undirected,
40,118,Undirected,
40,120,Undirected,
40,121,Undirected,
40,122,Undirected,
40,126,Undirected,
40,127,Undirected,
40,131,Undirected,
40,134,Undirected,
40,135,Undirected,
40,137,Undirected,
40,139,Undirected,
40,140,Undirected,
40,141,Undirected,
40,144,Undirected,
40,145,Undirected,
40,146,Undirected,
40,147,Undirected,
40,148,Undirected,
40,149,Undirected,
40,153,Undirected,
40,154,Undirected,
40,155,Undirected,
40,156,Undirected,
40,157,Undirected,
40,159,Undirected,
40,160,Undirected,
40,161,Undirected,
40,164,Undirected,
41,42,Undirected,
41,43,Undirected,
41,47,Undirected,
41,49,Undirected,
41,53,Undirected,
41,54,Undirected,
41,55,Undirected,
41,56,Undirected,
41,57,Undirected,
41,67,Undirected,
41,70,Undirected,
41,72,Undirected,
41,75,Undirected,
41,76,Undirected,
41,77,Undirected,
41,79,Undirected,
41,80,Undirected,
41,81,Undirected,
41,82,Undirected,
41,83,Undirected,
41,89,Undirected,
41,92,Undirected,
41,93,Undirected,
41,105,Undirected,
41,108,Undirected,
41,111,Undirected,
41,112,Undirected,
41,115,Undirected,
41,118,Undirected,
41,120,Undirected,
41,124,Undirected,
41,130,Undirected,
41,131,Undirected,
41,132,Undirected,
41,133,Undirected,
41,135,Undirected,
41,136,Undirected,
41,139,Undirected,
41,144,Undirected,
41,145,Undirected,
41,146,Undirected,
41,147,Undirected,
41,149,Undirected,
41,155,Undirected,
41,156,Undirected,
41,157,Undirected,
41,158,Undirected,
41,159,Undirected,
41,161,Undirected,
41,162,Undirected,
42,43,Undirected,
42,44,Undirected,
42,47,Undirected,
42,49,Undirected,
42,52,Undirected,
42,53,Undirected,
42,54,Undirected,
42,55,Undirected,
42,57,Undirected,
42,59,Undirected,
42,67,Undirected,
42,70,Undirected,
42,72,Undirected,
42,75,Undirected,
42,76,Undirected,
42,82,Undirected,
42,83,Undirected,
42,89,Undirected,
42,90,Undirected,
42,102,Undirected,
42,104,Undirected,
42,105,Undirected,
42,108,Undirected,
42,111,Undirected,
42,132,Undirected,
42,133,Undirected,
42,134,Undirected,
42,135,Undirected,
42,136,Undirected,
42,141,Undirected,
42,145,Undirected,
42,146,Undirected,
42,149,Undirected,
42,155,Undirected,
42,156,Undirected,
42,157,Undirected,
42,158,Undirected,
42,159,Undirected,
42,161,Undirected,
42,162,Undirected,
42,164,Undirected,
43,44,Undirected,
43,46,Undirected,
43,49,Undirected,
43,53,Undirected,
43,57,Undirected,
43,65,Undirected,
43,67,Undirected,
43,70,Undirected,
43,74,Undirected,
43,75,Undirected,
43,77,Undirected,
43,79,Undirected,
43,80,Undirected,
43,81,Undirected,
43,82,Undirected,
43,105,Undirected,
43,107,Undirected,
43,108,Undirected,
43,111,Undirected,
43,117,Undirected,
43,134,Undirected,
43,135,Undirected,
43,136,Undirected,
43,139,Undirected,
43,140,Undirected,
43,142,Undirected,
43,143,Undirected,
43,145,Undirected,
43,146,Undirected,
43,149,Undirected,
43,150,Undirected,
43,152,Undirected,
43,153,Undirected,
43,154,Undirected,
43,156,Undirected,
43,157,Undirected,
43,158,Undirected,
44,46,Undirected,
44,49,Undirected,
44,52,Undirected,
44,53,Undirected,
44,54,Undirected,
44,57,Undirected,
44,60,Undirected,
44,61,Undirected,
44,65,Undirected,
44,90,Undirected,
44,91,Undirected,
44,100,Undirected,
44,101,Undirected,
44,104,Undirected,
44,105,Undirected,
44,107,Undirected,
44,108,Undirected,
44,110,Undirected,
44,120,Undirected,
44,133,Undirected,
44,134,Undirected,
44,135,Undirected,
44,136,Undirected,
44,140,Undirected,
44,141,Undirected,
44,142,Undirected,
44,143,Undirected,
44,147,Undirected,
44,150,Undirected,
44,153,Undirected,
44,154,Undirected,
44,155,Undirected,
44,156,Undirected,
44,157,Undirected,
44,158,Undirected,
44,161,Undirected,
44,164,Undirected,
45,46,Undirected,
45,48,Undirected,
45,49,Undirected,
45,52,Undirected,
45,54,Undirected,
45,60,Undirected,
45,61,Undirected,
45,63,Undirected,
45,68,Undirected,
45,69,Undirected,
45,70,Undirected,
45,71,Undirected,
45,72,Undirected,
45,73,Undirected,
45,80,Undirected,
45,81,Undirected,
45,82,Undirected,
45,83,Undirected,
45,91,Undirected,
45,92,Undirected,
45,95,Undirected,
45,104,Undirected,
45,105,Undirected,
45,110,Undirected,
45,112,Undirected,
45,114,Undirected,
45,118,Undirected,
45,120,Undirected,
45,121,Undirected,
45,122,Undirected,
45,123,Undirected,
45,125,Undirected,
45,127,Undirected,
45,128,Undirected,
45,130,Undirected,
45,131,Undirected,
45,133,Undirected,
45,137,Undirected,
45,138,Undirected,
45,142,Undirected,
45,143,Undirected,
45,149,Undirected,
45,151,Undirected,
45,153,Undirected,
45,154,Undirected,
45,157,Undirected,
45,161,Undirected,
46,53,Undirected,
46,54,Undirected,
46,56,Undirected,
46,58,Undirected,
46,60,Undirected,
46,61,Undirected,
46,67,Undirected,
46,68,Undirected,
46,69,Undirected,
46,73,Undirected,
46,74,Undirected,
46,75,Undirected,
46,77,Undirected,
46,83,Undirected,
46,90,Undirected,
46,102,Undirected,
46,104,Undirected,
46,105,Undirected,
46,112,Undirected,
46,115,Undirected,
46,117,Undirected,
46,118,Undirected,
46,119,Undirected,
46,120,Undirected,
46,123,Undirected,
46,124,Undirected,
46,125,Undirected,
46,128,Undirected,
46,129,Undirected,
46,133,Undirected,
46,134,Undirected,
46,140,Undirected,
46,141,Undirected,
46,142,Undirected,
46,143,Undirected,
46,151,Undirected,
46,154,Undirected,
46,161,Undirected,
47,48,Undirected,
47,53,Undirected,
47,54,Undirected,
47,58,Undirected,
47,59,Undirected,
47,66,Undirected,
47,67,Undirected,
47,71,Undirected,
47,74,Undirected,
47,82,Undirected,
47,83,Undirected,
47,87,Undirected,
47,88,Undirected,
47,89,Undirected,
47,90,Undirected,
47,91,Undirected,
47,102,Undirected,
47,108,Undirected,
47,127,Undirected,
47,130,Undirected,
47,131,Undirected,
47,133,Undirected,
47,140,Undirected,
47,141,Undirected,
47,152,Undirected,
47,153,Undirected,
47,155,Undirected,
47,156,Undirected,
47,157,Undirected,
47,158,Undirected,
47,159,Undirected,
47,164,Undirected,
48,52,Undirected,
48,53,Undirected,
48,54,Undirected,
48,56,Undirected,
48,57,Undirected,
48,58,Undirected,
48,59,Undirected,
48,66,Undirected,
48,67,Undirected,
48,71,Undirected,
48,76,Undirected,
48,83,Undirected,
48,88,Undirected,
48,89,Undirected,
48,100,Undirected,
48,102,Undirected,
48,107,Undirected,
48,108,Undirected,
48,109,Undirected,
48,125,Undirected,
48,127,Undirected,
48,130,Undirected,
48,136,Undirected,
48,140,Undirected,
48,141,Undirected,
48,142,Undirected,
48,152,Undirected,
48,153,Undirected,
48,155,Undirected,
48,156,Undirected,
48,158,Undirected,
48,159,Undirected,
48,160,Undirected,
48,164,Undirected,
49,52,Undirected,
49,57,Undirected,
49,58,Undirected,
49,59,Undirected,
49,60,Undirected,
49,61,Undirected,
49,64,Undirected,
49,65,Undirected,
49,66,Undirected,
49,67,Undirected,
49,76,Undirected,
49,92,Undirected,
49,93,Undirected,
49,95,Undirected,
49,100,Undirected,
49,101,Undirected,
49,104,Undirected,
49,105,Undirected,
49,106,Undirected,
49,111,Undirected,
49,113,Undirected,
49,122,Undirected,
49,124,Undirected,
49,132,Undirected,
49,133,Undirected,
49,134,Undirected,
49,135,Undirected,
49,136,Undirected,
49,137,Undirected,
49,138,Undirected,
49,140,Undirected,
49,143,Undirected,
49,144,Undirected,
49,146,Undirected,
49,148,Undirected,
49,149,Undirected,
49,150,Undirected,
49,156,Undirected,
49,159,Undirected,
49,161,Undirected,
49,162,Undirected,
50,51,Undirected,
50,52,Undirected,
50,53,Undirected,
50,56,Undirected,
50,64,Undirected,
50,66,Undirected,
50,68,Undirected,
50,69,Undirected,
50,73,Undirected,
50,80,Undirected,
50,81,Undirected,
50,85,Undirected,
50,87,Undirected,
50,96,Undirected,
50,97,Undirected,
50,99,Undirected,
50,100,Undirected,
50,103,Undirected,
50,104,Undirected,
50,105,Undirected,
50,106,Undirected,
50,115,Undirected,
50,122,Undirected,
50,126,Undirected,
50,132,Undirected,
50,138,Undirected,
50,139,Undirected,
50,144,Undirected,
50,145,Undirected,
50,146,Undirected,
50,147,Undirected,
50,148,Undirected,
50,150,Undirected,
50,151,Undirected,
50,152,Undirected,
50,153,Undirected,
50,154,Undirected,
50,160,Undirected,
50,161,Undirected,
51,53,Undirected,
51,54,Undirected,
51,55,Undirected,
51,56,Undirected,
51,60,Undirected,
51,64,Undirected,
51,66,Undirected,
51,69,Undirected,
51,73,Undirected,
51,74,Undirected,
51,85,Undirected,
51,92,Undirected,
51,94,Undirected,
51,95,Undirected,
51,96,Undirected,
51,97,Undirected,
51,100,Undirected,
51,103,Undirected,
51,104,Undirected,
51,105,Undirected,
51,106,Undirected,
51,109,Undirected,
51,115,Undirected,
51,117,Undirected,
51,121,Undirected,
51,122,Undirected,
51,123,Undirected,
51,126,Undirected,
51,132,Undirected,
51,138,Undirected,
51,139,Undirected,
51,144,Undirected,
51,146,Undirected,
51,148,Undirected,
51,150,Undirected,
51,151,Undirected,
51,152,Undirected,
51,153,Undirected,
51,154,Undirected,
51,159,Undirected,
51,160,Undirected,
51,161,Undirected,
52,53,Undirected,
52,54,Undirected,
52,55,Undirected,
52,56,Undirected,
52,57,Undirected,
52,58,Undirected,
52,59,Undirected,
52,60,Undirected,
52,61,Undirected,
52,66,Undirected,
52,67,Undirected,
52,68,Undirected,
52,70,Undirected,
52,71,Undirected,
52,74,Undirected,
52,75,Undirected,
52,76,Undirected,
52,82,Undirected,
52,94,Undirected,
52,95,Undirected,
52,98,Undirected,
52,100,Undirected,
52,101,Undirected,
52,103,Undirected,
52,105,Undirected,
52,110,Undirected,
52,118,Undirected,
52,120,Undirected,
52,125,Undirected,
52,126,Undirected,
52,127,Undirected,
52,136,Undirected,
52,137,Undirected,
52,140,Undirected,
52,142,Undirected,
52,143,Undirected,
52,144,Undirected,
52,149,Undirected,
52,150,Undirected,
52,161,Undirected,
53,54,Undirected,
53,55,Undirected,
53,58,Undirected,
53,65,Undirected,
53,66,Undirected,
53,67,Undirected,
53,76,Undirected,
53,78,Undirected,
53,79,Undirected,
53,82,Undirected,
53,83,Undirected,
53,88,Undirected,
53,89,Undirected,
53,94,Undirected,
53,95,Undirected,
53,96,Undirected,
53,97,Undirected,
53,100,Undirected,
53,101,Undirected,
53,102,Undirected,
53,103,Undirected,
53,104,Undirected,
53,105,Undirected,
53,113,Undirected,
53,119,Undirected,
53,120,Undirected,
53,126,Undirected,
53,127,Undirected,
53,128,Undirected,
53,129,Undirected,
53,130,Undirected,
53,131,Undirected,
53,132,Undirected,
53,133,Undirected,
53,140,Undirected,
53,144,Undirected,
53,148,Undirected,
53,153,Undirected,
53,155,Undirected,
53,156,Undirected,
53,157,Undirected,
53,158,Undirected,
53,160,Undirected,
53,163,Undirected,
54,55,Undirected,
54,57,Undirected,
54,65,Undirected,
54,66,Undirected,
54,67,Undirected,
54,71,Undirected,
54,73,Undirected,
54,74,Undirected,
54,78,Undirected,
54,79,Undirected,
54,81,Undirected,
54,82,Undirected,
54,83,Undirected,
54,86,Undirected,
54,87,Undirected,
54,88,Undirected,
54,89,Undirected,
54,92,Undirected,
54,94,Undirected,
54,95,Undirected,
54,100,Undirected,
54,101,Undirected,
54,102,Undirected,
54,103,Undirected,
54,113,Undirected,
54,114,Undirected,
54,118,Undirected,
54,119,Undirected,
54,120,Undirected,
54,127,Undirected,
54,128,Undirected,
54,129,Undirected,
54,130,Undirected,
54,131,Undirected,
54,133,Undirected,
54,135,Undirected,
54,136,Undirected,
54,140,Undirected,
54,141,Undirected,
54,144,Undirected,
54,148,Undirected,
54,155,Undirected,
54,156,Undirected,
54,158,Undirected,
54,159,Undirected,
54,163,Undirected,
55,76,Undirected,
55,77,Undirected,
55,93,Undirected,
55,94,Undirected,
55,95,Undirected,
55,96,Undirected,
55,97,Undirected,
55,99,Undirected,
55,104,Undirected,
55,109,Undirected,
55,113,Undirected,
55,126,Undirected,
55,127,Undirected,
55,133,Undirected,
55,135,Undirected,
55,139,Undirected,
55,144,Undirected,
55,145,Undirected,
55,146,Undirected,
55,147,Undirected,
55,150,Undirected,
55,153,Undirected,
55,160,Undirected,
55,162,Undirected,
55,164,Undirected,
56,57,Undirected,
56,60,Undirected,
56,69,Undirected,
56,71,Undirected,
56,73,Undirected,
56,74,Undirected,
56,94,Undirected,
56,107,Undirected,
56,108,Undirected,
56,115,Undirected,
56,116,Undirected,
56,117,Undirected,
56,118,Undirected,
56,119,Undirected,
56,120,Undirected,
56,123,Undirected,
56,124,Undirected,
56,125,Undirected,
56,128,Undirected,
56,133,Undirected,
56,135,Undirected,
56,136,Undirected,
56,144,Undirected,
56,145,Undirected,
56,146,Undirected,
56,148,Undirected,
56,153,Undirected,
56,154,Undirected,
56,160,Undirected,
56,163,Undirected,
57,58,Undirected,
57,59,Undirected,
57,65,Undirected,
57,67,Undirected,
57,72,Undirected,
57,76,Undirected,
57,82,Undirected,
57,86,Undirected,
57,115,Undirected,
57,116,Undirected,
57,117,Undirected,
57,118,Undirected,
57,120,Undirected,
57,123,Undirected,
57,124,Undirected,
57,129,Undirected,
57,131,Undirected,
57,133,Undirected,
57,134,Undirected,
57,135,Undirected,
57,136,Undirected,
57,137,Undirected,
57,138,Undirected,
57,139,Undirected,
57,140,Undirected,
57,144,Undirected,
57,145,Undirected,
57,146,Undirected,
57,149,Undirected,
57,156,Undirected,
57,158,Undirected,
57,162,Undirected,
57,163,Undirected,
58,59,Undirected,
58,61,Undirected,
58,66,Undirected,
58,67,Undirected,
58,76,Undirected,
58,78,Undirected,
58,88,Undirected,
58,89,Undirected,
58,92,Undirected,
58,93,Undirected,
58,95,Undirected,
58,96,Undirected,
58,97,Undirected,
58,100,Undirected,
58,101,Undirected,
58,102,Undirected,
58,103,Undirected,
58,105,Undirected,
58,113,Undirected,
58,123,Undirected,
58,125,Undirected,
58,136,Undirected,
58,137,Undirected,
58,138,Undirected,
58,139,Undirected,
58,140,Undirected,
58,141,Undirected,
58,142,Undirected,
58,144,Undirected,
58,149,Undirected,
58,152,Undirected,
58,155,Undirected,
58,161,Undirected,
58,164,Undirected,
59,66,Undirected,
59,67,Undirected,
59,69,Undirected,
59,70,Undirected,
59,71,Undirected,
59,74,Undirected,
59,76,Undirected,
59,78,Undirected,
59,79,Undirected,
59,87,Undirected,
59,88,Undirected,
59,89,Undirected,
59,92,Undirected,
59,101,Undirected,
59,102,Undirected,
59,103,Undirected,
59,105,Undirected,
59,113,Undirected,
59,122,Undirected,
59,123,Undirected,
59,125,Undirected,
59,126,Undirected,
59,130,Undirected,
59,135,Undirected,
59,136,Undirected,
59,137,Undirected,
59,138,Undirected,
59,139,Undirected,
59,140,Undirected,
59,141,Undirected,
59,142,Undirected,
59,149,Undirected,
59,152,Undirected,
59,155,Undirected,
59,161,Undirected,
59,162,Undirected,
60,61,Undirected,
60,65,Undirected,
60,68,Undirected,
60,69,Undirected,
60,74,Undirected,
60,77,Undirected,
60,82,Undirected,
60,90,Undirected,
60,91,Undirected,
60,92,Undirected,
60,102,Undirected,
60,104,Undirected,
60,105,Undirected,
60,110,Undirected,
60,112,Undirected,
60,116,Undirected,
60,118,Undirected,
60,119,Undirected,
60,120,Undirected,
60,124,Undirected,
60,125,Undirected,
60,131,Undirected,
60,133,Undirected,
60,134,Undirected,
60,137,Undirected,
60,141,Undirected,
60,142,Undirected,
60,143,Undirected,
60,144,Undirected,
60,145,Undirected,
60,146,Undirected,
60,147,Undirected,
60,149,Undirected,
60,153,Undirected,
60,154,Undirected,
60,156,Undirected,
60,157,Undirected,
60,160,Undirected,
60,161,Undirected,
60,164,Undirected,
61,66,Undirected,
61,68,Undirected,
61,77,Undirected,
61,90,Undirected,
61,91,Undirected,
61,92,Undirected,
61,104,Undirected,
61,105,Undirected,
61,110,Undirected,
61,116,Undirected,
61,118,Undirected,
61,120,Undirected,
61,125,Undirected,
61,131,Undirected,
61,133,Undirected,
61,134,Undirected,
61,137,Undirected,
61,140,Undirected,
61,142,Undirected,
61,143,Undirected,
61,144,Undirected,
61,145,Undirected,
61,146,Undirected,
61,147,Undirected,
61,149,Undirected,
61,154,Undirected,
61,160,Undirected,
61,161,Undirected,
62,63,Undirected,
62,64,Undirected,
62,65,Undirected,
62,70,Undirected,
62,71,Undirected,
62,78,Undirected,
62,79,Undirected,
62,80,Undirected,
62,81,Undirected,
62,85,Undirected,
62,86,Undirected,
62,101,Undirected,
62,106,Undirected,
62,107,Undirected,
62,109,Undirected,
62,110,Undirected,
62,111,Undirected,
62,112,Undirected,
62,113,Undirected,
62,114,Undirected,
62,118,Undirected,
62,121,Undirected,
62,125,Undirected,
62,137,Undirected,
62,138,Undirected,
62,142,Undirected,
62,152,Undirected,
62,159,Undirected,
62,164,Undirected,
63,70,Undirected,
63,71,Undirected,
63,72,Undirected,
63,106,Undirected,
63,113,Undirected,
63,114,Undirected,
63,119,Undirected,
63,123,Undirected,
63,124,Undirected,
63,125,Undirected,
63,128,Undirected,
63,138,Undirected,
63,143,Undirected,
63,160,Undirected,
64,65,Undirected,
64,66,Undirected,
64,67,Undirected,
64,68,Undirected,
64,69,Undirected,
64,71,Undirected,
64,72,Undirected,
64,74,Undirected,
64,77,Undirected,
64,79,Undirected,
64,91,Undirected,
64,94,Undirected,
64,95,Undirected,
64,99,Undirected,
64,100,Undirected,
64,101,Undirected,
64,102,Undirected,
64,103,Undirected,
64,106,Undirected,
64,111,Undirected,
64,112,Undirected,
64,113,Undirected,
64,114,Undirected,
64,121,Undirected,
64,122,Undirected,
64,125,Undirected,
64,126,Undirected,
64,127,Undirected,
64,130,Undirected,
64,139,Undirected,
64,144,Undirected,
64,148,Undirected,
64,149,Undirected,
64,150,Undirected,
64,153,Undirected,
64,154,Undirected,
64,161,Undirected,
65,66,Undirected,
65,67,Undirected,
65,69,Undirected,
65,71,Undirected,
65,72,Undirected,
65,73,Undirected,
65,78,Undirected,
65,79,Undirected,
65,85,Undirected,
65,87,Undirected,
65,90,Undirected,
65,91,Undirected,
65,94,Undirected,
65,95,Undirected,
65,99,Undirected,
65,100,Undirected,
65,101,Undirected,
65,102,Undirected,
65,103,Undirected,
65,106,Undirected,
65,111,Undirected,
65,112,Undirected,
65,113,Undirected,
65,114,Undirected,
65,121,Undirected,
65,122,Undirected,
65,124,Undirected,
65,125,Undirected,
65,126,Undirected,
65,127,Undirected,
65,128,Undirected,
65,130,Undirected,
65,131,Undirected,
65,135,Undirected,
65,136,Undirected,
65,140,Undirected,
65,144,Undirected,
65,148,Undirected,
65,149,Undirected,
65,150,Undirected,
65,160,Undirected,
66,67,Undirected,
66,72,Undirected,
66,76,Undirected,
66,78,Undirected,
66,79,Undirected,
66,83,Undirected,
66,85,Undirected,
66,88,Undirected,
66,89,Undirected,
66,92,Undirected,
66,94,Undirected,
66,95,Undirected,
66,96,Undirected,
66,97,Undirected,
66,100,Undirected,
66,101,Undirected,
66,102,Undirected,
66,103,Undirected,
66,113,Undirected,
66,114,Undirected,
66,125,Undirected,
66,126,Undirected,
66,127,Undirected,
66,128,Undirected,
66,130,Undirected,
66,137,Undirected,
66,140,Undirected,
66,141,Undirected,
66,142,Undirected,
66,143,Undirected,
66,144,Undirected,
66,148,Undirected,
66,150,Undirected,
66,152,Undirected,
66,155,Undirected,
66,156,Undirected,
66,160,Undirected,
67,70,Undirected,
67,71,Undirected,
67,73,Undirected,
67,75,Undirected,
67,78,Undirected,
67,79,Undirected,
67,86,Undirected,
67,88,Undirected,
67,89,Undirected,
67,92,Undirected,
67,94,Undirected,
67,95,Undirected,
67,100,Undirected,
67,101,Undirected,
67,102,Undirected,
67,103,Undirected,
67,111,Undirected,
67,113,Undirected,
67,114,Undirected,
67,115,Undirected,
67,126,Undirected,
67,127,Undirected,
67,128,Undirected,
67,129,Undirected,
67,130,Undirected,
67,135,Undirected,
67,136,Undirected,
67,137,Undirected,
67,138,Undirected,
67,140,Undirected,
67,142,Undirected,
67,143,Undirected,
67,144,Undirected,
67,147,Undirected,
67,148,Undirected,
67,149,Undirected,
67,150,Undirected,
67,152,Undirected,
67,155,Undirected,
67,160,Undirected,
67,161,Undirected,
67,163,Undirected,
68,69,Undirected,
68,70,Undirected,
68,107,Undirected,
68,108,Undirected,
68,109,Undirected,
68,110,Undirected,
68,114,Undirected,
68,115,Undirected,
68,116,Undirected,
68,118,Undirected,
68,120,Undirected,
68,123,Undirected,
68,124,Undirected,
68,129,Undirected,
68,132,Undirected,
68,135,Undirected,
68,142,Undirected,
68,149,Undirected,
68,150,Undirected,
68,151,Undirected,
68,162,Undirected,
68,163,Undirected,
69,72,Undirected,
69,73,Undirected,
69,83,Undirected,
69,100,Undirected,
69,101,Undirected,
69,103,Undirected,
69,104,Undirected,
69,105,Undirected,
69,106,Undirected,
69,107,Undirected,
69,110,Undirected,
69,115,Undirected,
69,118,Undirected,
69,120,Undirected,
69,124,Undirected,
69,125,Undirected,
69,126,Undirected,
69,133,Undirected,
69,142,Undirected,
69,143,Undirected,
69,144,Undirected,
69,146,Undirected,
69,152,Undirected,
69,153,Undirected,
69,154,Undirected,
69,157,Undirected,
69,160,Undirected,
69,163,Undirected,
69,164,Undirected,
70,71,Undirected,
70,75,Undirected,
70,79,Undirected,
70,80,Undirected,
70,81,Undirected,
70,82,Undirected,
70,83,Undirected,
70,88,Undirected,
70,94,Undirected,
70,102,Undirected,
70,104,Undirected,
70,105,Undirected,
70,106,Undirected,
70,108,Undirected,
70,110,Undirected,
70,118,Undirected,
70,120,Undirected,
70,135,Undirected,
70,137,Undirected,
70,140,Undirected,
70,145,Undirected,
70,146,Undirected,
70,149,Undirected,
70,152,Undirected,
70,153,Undirected,
70,159,Undirected,
70,162,Undirected,
71,72,Undirected,
71,73,Undirected,
71,74,Undirected,
71,78,Undirected,
71,80,Undirected,
71,81,Undirected,
71,83,Undirected,
71,85,Undirected,
71,87,Undirected,
71,90,Undirected,
71,91,Undirected,
71,92,Undirected,
71,93,Undirected,
71,94,Undirected,
71,95,Undirected,
71,99,Undirected,
71,100,Undirected,
71,101,Undirected,
71,103,Undirected,
71,106,Undirected,
71,108,Undirected,
71,113,Undirected,
71,114,Undirected,
71,124,Undirected,
71,127,Undirected,
71,128,Undirected,
71,130,Undirected,
71,141,Undirected,
71,143,Undirected,
71,156,Undirected,
71,159,Undirected,
72,79,Undirected,
72,82,Undirected,
72,83,Undirected,
72,86,Undirected,
72,93,Undirected,
72,94,Undirected,
72,95,Undirected,
72,100,Undirected,
72,101,Undirected,
72,103,Undirected,
72,106,Undirected,
72,113,Undirected,
72,114,Undirected,
72,116,Undirected,
72,127,Undirected,
72,128,Undirected,
72,130,Undirected,
72,133,Undirected,
72,135,Undirected,
72,136,Undirected,
72,143,Undirected,
72,145,Undirected,
72,146,Undirected,
72,157,Undirected,
72,159,Undirected,
73,78,Undirected,
73,79,Undirected,
73,80,Undirected,
73,81,Undirected,
73,84,Undirected,
73,85,Undirected,
73,87,Undirected,
73,90,Undirected,
73,98,Undirected,
73,99,Undirected,
73,101,Undirected,
73,104,Undirected,
73,111,Undirected,
73,113,Undirected,
73,114,Undirected,
73,115,Undirected,
73,116,Undirected,
73,118,Undirected,
73,120,Undirected,
73,128,Undirected,
73,129,Undirected,
73,130,Undirected,
73,133,Undirected,
73,142,Undirected,
73,143,Undirected,
73,145,Undirected,
73,146,Undirected,
73,150,Undirected,
73,161,Undirected,
73,163,Undirected,
74,75,Undirected,
74,78,Undirected,
74,79,Undirected,
74,90,Undirected,
74,94,Undirected,
74,95,Undirected,
74,99,Undirected,
74,100,Undirected,
74,101,Undirected,
74,103,Undirected,
74,107,Undirected,
74,108,Undirected,
74,109,Undirected,
74,111,Undirected,
74,115,Undirected,
74,116,Undirected,
74,117,Undirected,
74,119,Undirected,
74,120,Undirected,
74,123,Undirected,
74,124,Undirected,
74,125,Undirected,
74,126,Undirected,
74,127,Undirected,
74,128,Undirected,
74,131,Undirected,
74,141,Undirected,
74,144,Undirected,
74,153,Undirected,
74,154,Undirected,
74,156,Undirected,
74,158,Undirected,
74,163,Undirected,
74,164,Undirected,
75,77,Undirected,
75,86,Undirected,
75,98,Undirected,
75,107,Undirected,
75,108,Undirected,
75,109,Undirected,
75,111,Undirected,
75,115,Undirected,
75,117,Undirected,
75,119,Undirected,
75,121,Undirected,
75,123,Undirected,
75,124,Undirected,
75,125,Undirected,
75,129,Undirected,
75,133,Undirected,
75,135,Undirected,
75,137,Undirected,
75,141,Undirected,
75,143,Undirected,
75,145,Undirected,
75,147,Undirected,
75,150,Undirected,
75,157,Undirected,
75,158,Undirected,
75,163,Undirected,
75,164,Undirected,
76,77,Undirected,
76,81,Undirected,
76,87,Undirected,
76,90,Undirected,
76,92,Undirected,
76,93,Undirected,
76,94,Undirected,
76,95,Undirected,
76,96,Undirected,
76,97,Undirected,
76,99,Undirected,
76,100,Undirected,
76,102,Undirected,
76,103,Undirected,
76,111,Undirected,
76,113,Undirected,
76,126,Undirected,
76,133,Undirected,
76,135,Undirected,
76,136,Undirected,
76,137,Undirected,
76,138,Undirected,
76,139,Undirected,
76,140,Undirected,
76,144,Undirected,
76,145,Undirected,
76,146,Undirected,
76,152,Undirected,
76,160,Undirected,
76,162,Undirected,
77,78,Undirected,
77,79,Undirected,
77,81,Undirected,
77,93,Undirected,
77,96,Undirected,
77,97,Undirected,
77,98,Undirected,
77,99,Undirected,
77,102,Undirected,
77,103,Undirected,
77,110,Undirected,
77,116,Undirected,
77,118,Undirected,
77,135,Undirected,
77,142,Undirected,
77,144,Undirected,
77,145,Undirected,
77,146,Undirected,
77,147,Undirected,
77,149,Undirected,
77,150,Undirected,
77,152,Undirected,
77,155,Undirected,
77,158,Undirected,
77,159,Undirected,
77,160,Undirected,
78,79,Undirected,
78,80,Undirected,
78,81,Undirected,
78,83,Undirected,
78,84,Undirected,
78,85,Undirected,
78,86,Undirected,
78,87,Undirected,
78,94,Undirected,
78,95,Undirected,
78,98,Undirected,
78,100,Undirected,
78,101,Undirected,
78,102,Undirected,
78,113,Undirected,
78,114,Undirected,
78,119,Undirected,
78,123,Undirected,
78,124,Undirected,
78,130,Undirected,
78,132,Undirected,
78,137,Undirected,
78,138,Undirected,
78,140,Undirected,
78,145,Undirected,
78,146,Undirected,
78,148,Undirected,
78,152,Undirected,
78,153,Undirected,
78,161,Undirected,
79,80,Undirected,
79,81,Undirected,
79,82,Undirected,
79,83,Undirected,
79,84,Undirected,
79,85,Undirected,
79,86,Undirected,
79,87,Undirected,
79,94,Undirected,
79,95,Undirected,
79,98,Undirected,
79,100,Undirected,
79,101,Undirected,
79,103,Undirected,
79,110,Undirected,
79,114,Undirected,
79,118,Undirected,
79,120,Undirected,
79,137,Undirected,
79,138,Undirected,
79,145,Undirected,
79,146,Undirected,
79,147,Undirected,
79,149,Undirected,
79,152,Undirected,
79,158,Undirected,
80,81,Undirected,
80,82,Undirected,
80,83,Undirected,
80,84,Undirected,
80,85,Undirected,
80,86,Undirected,
80,87,Undirected,
80,91,Undirected,
80,95,Undirected,
80,108,Undirected,
80,109,Undirected,
80,110,Undirected,
80,115,Undirected,
80,118,Undirected,
80,120,Undirected,
80,137,Undirected,
80,138,Undirected,
80,144,Undirected,
80,145,Undirected,
80,146,Undirected,
80,149,Undirected,
80,154,Undirected,
80,158,Undirected,
80,159,Undirected,
81,82,Undirected,
81,83,Undirected,
81,84,Undirected,
81,85,Undirected,
81,86,Undirected,
81,87,Undirected,
81,93,Undirected,
81,110,Undirected,
81,112,Undirected,
81,115,Undirected,
81,118,Undirected,
81,120,Undirected,
81,137,Undirected,
81,138,Undirected,
81,144,Undirected,
81,145,Undirected,
81,146,Undirected,
81,147,Undirected,
81,149,Undirected,
81,151,Undirected,
81,152,Undirected,
81,153,Undirected,
81,154,Undirected,
81,158,Undirected,
81,162,Undirected,
81,164,Undirected,
82,83,Undirected,
82,86,Undirected,
82,94,Undirected,
82,99,Undirected,
82,100,Undirected,
82,110,Undirected,
82,117,Undirected,
82,118,Undirected,
82,119,Undirected,
82,120,Undirected,
82,123,Undirected,
82,124,Undirected,
82,133,Undirected,
82,135,Undirected,
82,136,Undirected,
82,139,Undirected,
82,142,Undirected,
82,147,Undirected,
82,149,Undirected,
82,156,Undirected,
82,158,Undirected,
82,159,Undirected,
82,162,Undirected,
83,84,Undirected,
83,85,Undirected,
83,86,Undirected,
83,87,Undirected,
83,89,Undirected,
83,94,Undirected,
83,95,Undirected,
83,97,Undirected,
83,100,Undirected,
83,101,Undirected,
83,102,Undirected,
83,103,Undirected,
83,114,Undirected,
83,118,Undirected,
83,119,Undirected,
83,120,Undirected,
83,125,Undirected,
83,126,Undirected,
83,127,Undirected,
83,128,Undirected,
83,133,Undirected,
83,136,Undirected,
83,137,Undirected,
83,140,Undirected,
83,142,Undirected,
83,149,Undirected,
83,156,Undirected,
83,158,Undirected,
83,159,Undirected,
84,85,Undirected,
84,86,Undirected,
84,87,Undirected,
84,92,Undirected,
84,93,Undirected,
84,96,Undirected,
84,98,Undirected,
84,99,Undirected,
84,101,Undirected,
84,108,Undirected,
84,115,Undirected,
84,129,Undirected,
84,135,Undirected,
84,145,Undirected,
84,146,Undirected,
84,161,Undirected,
84,163,Undirected,
85,86,Undirected,
85,87,Undirected,
85,93,Undirected,
85,96,Undirected,
85,97,Undirected,
85,98,Undirected,
85,99,Undirected,
85,101,Undirected,
85,114,Undirected,
85,115,Undirected,
85,124,Undirected,
85,128,Undirected,
85,129,Undirected,
85,132,Undirected,
85,138,Undirected,
85,145,Undirected,
85,146,Undirected,
85,152,Undirected,
85,161,Undirected,
86,87,Undirected,
86,93,Undirected,
86,101,Undirected,
86,102,Undirected,
86,107,Undirected,
86,108,Undirected,
86,109,Undirected,
86,110,Undirected,
86,115,Undirected,
86,117,Undirected,
86,118,Undirected,
86,120,Undirected,
86,121,Undirected,
86,129,Undirected,
86,130,Undirected,
86,134,Undirected,
86,136,Undirected,
86,146,Undirected,
86,161,Undirected,
86,163,Undirected,
86,164,Undirected,
87,90,Undirected,
87,92,Undirected,
87,93,Undirected,
87,96,Undirected,
87,97,Undirected,
87,98,Undirected,
87,99,Undirected,
87,101,Undirected,
87,102,Undirected,
87,103,Undirected,
87,112,Undirected,
87,115,Undirected,
87,124,Undirected,
87,130,Undirected,
87,131,Undirected,
87,138,Undirected,
87,145,Undirected,
87,146,Undirected,
87,147,Undirected,
87,161,Undirected,
87,162,Undirected,
87,163,Undirected,
88,89,Undirected,
88,90,Undirected,
88,102,Undirected,
88,106,Undirected,
88,113,Undirected,
88,127,Undirected,
88,130,Undirected,
88,131,Undirected,
88,134,Undirected,
88,135,Undirected,
88,140,Undirected,
88,141,Undirected,
88,142,Undirected,
88,144,Undirected,
88,149,Undirected,
88,152,Undirected,
88,153,Undirected,
88,154,Undirected,
88,155,Undirected,
88,156,Undirected,
88,159,Undirected,
88,164,Undirected,
89,92,Undirected,
89,103,Undirected,
89,117,Undirected,
89,119,Undirected,
89,123,Undirected,
89,124,Undirected,
89,125,Undirected,
89,131,Undirected,
89,132,Undirected,
89,133,Undirected,
89,134,Undirected,
89,140,Undirected,
89,141,Undirected,
89,142,Undirected,
89,152,Undirected,
89,155,Undirected,
89,156,Undirected,
89,158,Undirected,
89,159,Undirected,
90,91,Undirected,
90,96,Undirected,
90,99,Undirected,
90,108,Undirected,
90,110,Undirected,
90,118,Undirected,
90,119,Undirected,
90,120,Undirected,
90,123,Undirected,
90,124,Undirected,
90,127,Undirected,
90,130,Undirected,
90,131,Undirected,
90,134,Undirected,
90,141,Undirected,
90,146,Undirected,
90,148,Undirected,
90,149,Undirected,
90,153,Undirected,
90,154,Undirected,
90,155,Undirected,
90,156,Undirected,
90,157,Undirected,
90,159,Undirected,
91,92,Undirected,
91,93,Undirected,
91,102,Undirected,
91,104,Undirected,
91,110,Undirected,
91,118,Undirected,
91,120,Undirected,
91,121,Undirected,
91,130,Undirected,
91,131,Undirected,
91,132,Undirected,
91,134,Undirected,
91,137,Undirected,
91,138,Undirected,
91,139,Undirected,
91,141,Undirected,
91,142,Undirected,
91,144,Undirected,
91,148,Undirected,
91,149,Undirected,
91,153,Undirected,
91,154,Undirected,
91,155,Undirected,
91,156,Undirected,
91,157,Undirected,
91,160,Undirected,
91,161,Undirected,
91,163,Undirected,
91,164,Undirected,
92,93,Undirected,
92,95,Undirected,
92,96,Undirected,
92,98,Undirected,
92,104,Undirected,
92,105,Undirected,
92,113,Undirected,
92,117,Undirected,
92,119,Undirected,
92,121,Undirected,
92,123,Undirected,
92,124,Undirected,
92,131,Undirected,
92,132,Undirected,
92,133,Undirected,
92,137,Undirected,
92,138,Undirected,
92,139,Undirected,
92,140,Undirected,
92,150,Undirected,
92,153,Undirected,
92,156,Undirected,
92,158,Undirected,
92,159,Undirected,
92,161,Undirected,
92,162,Undirected,
92,163,Undirected,
93,95,Undirected,
93,96,Undirected,
93,97,Undirected,
93,98,Undirected,
93,99,Undirected,
93,113,Undirected,
93,117,Undirected,
93,119,Undirected,
93,121,Undirected,
93,130,Undirected,
93,131,Undirected,
93,133,Undirected,
93,137,Undirected,
93,138,Undirected,
93,139,Undirected,
93,140,Undirected,
93,144,Undirected,
93,145,Undirected,
93,146,Undirected,
93,150,Undirected,
93,156,Undirected,
93,157,Undirected,
93,158,Undirected,
93,159,Undirected,
93,162,Undirected,
93,163,Undirected,
94,95,Undirected,
94,96,Undirected,
94,97,Undirected,
94,99,Undirected,
94,100,Undirected,
94,101,Undirected,
94,102,Undirected,
94,103,Undirected,
94,104,Undirected,
94,105,Undirected,
94,106,Undirected,
94,107,Undirected,
94,113,Undirected,
94,114,Undirected,
94,126,Undirected,
94,127,Undirected,
94,137,Undirected,
94,138,Undirected,
94,143,Undirected,
94,144,Undirected,
94,146,Undirected,
94,148,Undirected,
94,150,Undirected,
94,160,Undirected,
95,96,Undirected,
95,97,Undirected,
95,100,Undirected,
95,101,Undirected,
95,102,Undirected,
95,103,Undirected,
95,104,Undirected,
95,105,Undirected,
95,111,Undirected,
95,113,Undirected,
95,114,Undirected,
95,120,Undirected,
95,124,Undirected,
95,126,Undirected,
95,127,Undirected,
95,137,Undirected,
95,138,Undirected,
95,140,Undirected,
95,143,Undirected,
95,144,Undirected,
95,146,Undirected,
95,150,Undirected,
95,160,Undirected,
96,97,Undirected,
96,98,Undirected,
96,99,Undirected,
96,102,Undirected,
96,103,Undirected,
96,104,Undirected,
96,105,Undirected,
96,111,Undirected,
96,113,Undirected,
96,114,Undirected,
96,126,Undirected,
96,127,Undirected,
96,132,Undirected,
96,140,Undirected,
96,143,Undirected,
96,144,Undirected,
96,145,Undirected,
96,146,Undirected,
96,147,Undirected,
96,150,Undirected,
96,152,Undirected,
96,160,Undirected,
97,98,Undirected,
97,99,Undirected,
97,100,Undirected,
97,102,Undirected,
97,103,Undirected,
97,104,Undirected,
97,105,Undirected,
97,110,Undirected,
97,113,Undirected,
97,119,Undirected,
97,124,Undirected,
97,126,Undirected,
97,127,Undirected,
97,132,Undirected,
97,140,Undirected,
97,143,Undirected,
97,144,Undirected,
97,145,Undirected,
97,146,Undirected,
97,150,Undirected,
97,160,Undirected,
98,99,Undirected,
98,115,Undirected,
98,123,Undirected,
98,124,Undirected,
98,126,Undirected,
98,132,Undirected,
98,133,Undirected,
98,142,Undirected,
98,144,Undirected,
98,145,Undirected,
98,146,Undirected,
98,147,Undirected,
98,149,Undirected,
98,150,Undirected,
98,160,Undirected,
99,101,Undirected,
99,104,Undirected,
99,105,Undirected,
99,119,Undirected,
99,123,Undirected,
99,124,Undirected,
99,141,Undirected,
99,144,Undirected,
99,145,Undirected,
99,146,Undirected,
99,147,Undirected,
99,149,Undirected,
100,101,Undirected,
100,102,Undirected,
100,103,Undirected,
100,111,Undirected,
100,112,Undirected,
100,113,Undirected,
100,114,Undirected,
100,124,Undirected,
100,126,Undirected,
100,127,Undirected,
100,128,Undirected,
100,135,Undirected,
100,136,Undirected,
100,137,Undirected,
100,140,Undirected,
100,144,Undirected,
100,146,Undirected,
100,148,Undirected,
100,150,Undirected,
100,160,Undirected,
101,102,Undirected,
101,103,Undirected,
101,106,Undirected,
101,109,Undirected,
101,111,Undirected,
101,112,Undirected,
101,113,Undirected,
101,114,Undirected,
101,117,Undirected,
101,123,Undirected,
101,124,Undirected,
101,126,Undirected,
101,127,Undirected,
101,128,Undirected,
101,130,Undirected,
101,131,Undirected,
101,135,Undirected,
101,136,Undirected,
101,137,Undirected,
101,138,Undirected,
101,140,Undirected,
101,144,Undirected,
101,148,Undirected,
101,149,Undirected,
101,150,Undirected,
101,160,Undirected,
102,103,Undirected,
102,111,Undirected,
102,113,Undirected,
102,114,Undirected,
102,117,Undirected,
102,126,Undirected,
102,127,Undirected,
102,128,Undirected,
102,129,Undirected,
102,130,Undirected,
102,131,Undirected,
102,135,Undirected,
102,138,Undirected,
102,140,Undirected,
102,141,Undirected,
102,142,Undirected,
102,143,Undirected,
102,144,Undirected,
102,145,Undirected,
102,146,Undirected,
102,147,Undirected,
102,148,Undirected,
102,149,Undirected,
102,150,Undirected,
102,153,Undirected,
102,155,Undirected,
102,160,Undirected,
102,163,Undirected,
103,126,Undirected,
103,127,Undirected,
103,130,Undirected,
103,140,Undirected,
103,142,Undirected,
103,143,Undirected,
103,144,Undirected,
103,146,Undirected,
103,147,Undirected,
103,149,Undirected,
103,150,Undirected,
103,153,Undirected,
103,155,Undirected,
103,160,Undirected,
104,105,Undirected,
104,116,Undirected,
104,126,Undirected,
104,132,Undirected,
104,134,Undirected,
104,137,Undirected,
104,139,Undirected,
104,144,Undirected,
104,145,Undirected,
104,146,Undirected,
104,147,Undirected,
104,150,Undirected,
104,156,Undirected,
104,159,Undirected,
104,160,Undirected,
104,161,Undirected,
104,162,Undirected,
105,107,Undirected,
105,108,Undirected,
105,126,Undirected,
105,132,Undirected,
105,134,Undirected,
105,135,Undirected,
105,136,Undirected,
105,139,Undirected,
105,142,Undirected,
105,156,Undirected,
105,159,Undirected,
105,161,Undirected,
105,162,Undirected,
106,119,Undirected,
106,121,Undirected,
106,122,Undirected,
106,124,Undirected,
106,142,Undirected,
107,108,Undirected,
107,109,Undirected,
107,110,Undirected,
107,111,Undirected,
107,115,Undirected,
107,116,Undirected,
107,117,Undirected,
107,118,Undirected,
107,119,Undirected,
107,120,Undirected,
107,121,Undirected,
107,122,Undirected,
107,123,Undirected,
107,124,Undirected,
107,125,Undirected,
107,126,Undirected,
107,128,Undirected,
107,129,Undirected,
107,154,Undirected,
107,156,Undirected,
107,157,Undirected,
107,158,Undirected,
107,163,Undirected,
107,164,Undirected,
108,109,Undirected,
108,111,Undirected,
108,115,Undirected,
108,116,Undirected,
108,117,Undirected,
108,119,Undirected,
108,120,Undirected,
108,121,Undirected,
108,122,Undirected,
108,123,Undirected,
108,124,Undirected,
108,129,Undirected,
108,132,Undirected,
108,135,Undirected,
108,138,Undirected,
108,141,Undirected,
108,156,Undirected,
108,158,Undirected,
108,159,Undirected,
108,163,Undirected,
108,164,Undirected,
109,110,Undirected,
109,116,Undirected,
109,117,Undirected,
109,118,Undirected,
109,119,Undirected,
109,120,Undirected,
109,121,Undirected,
109,122,Undirected,
109,123,Undirected,
109,124,Undirected,
109,129,Undirected,
109,132,Undirected,
109,149,Undirected,
109,150,Undirected,
109,154,Undirected,
109,155,Undirected,
109,156,Undirected,
109,157,Undirected,
109,158,Undirected,
109,163,Undirected,
109,164,Undirected,
110,117,Undirected,
110,118,Undirected,
110,119,Undirected,
110,120,Undirected,
110,122,Undirected,
110,123,Undirected,
110,124,Undirected,
110,128,Undirected,
110,134,Undirected,
110,137,Undirected,
110,141,Undirected,
110,145,Undirected,
110,147,Undirected,
110,149,Undirected,
110,153,Undirected,
110,154,Undirected,
110,155,Undirected,
110,156,Undirected,
110,157,Undirected,
110,164,Undirected,
111,112,Undirected,
111,113,Undirected,
111,114,Undirected,
111,115,Undirected,
111,116,Undirected,
111,121,Undirected,
111,122,Undirected,
111,125,Undirected,
111,127,Undirected,
111,128,Undirected,
111,129,Undirected,
111,135,Undirected,
111,140,Undirected,
111,144,Undirected,
111,146,Undirected,
111,147,Undirected,
111,150,Undirected,
111,158,Undirected,
111,163,Undirected,
112,113,Undirected,
112,114,Undirected,
112,125,Undirected,
112,126,Undirected,
112,142,Undirected,
112,144,Undirected,
112,146,Undirected,
112,149,Undirected,
112,150,Undirected,
112,154,Undirected,
112,159,Undirected,
113,114,Undirected,
113,115,Undirected,
113,116,Undirected,
113,124,Undirected,
113,125,Undirected,
113,126,Undirected,
113,127,Undirected,
113,128,Undirected,
113,130,Undirected,
113,137,Undirected,
113,138,Undirected,
113,140,Undirected,
113,143,Undirected,
113,144,Undirected,
113,148,Undirected,
113,150,Undirected,
114,125,Undirected,
114,126,Undirected,
114,127,Undirected,
114,128,Undirected,
114,130,Undirected,
114,137,Undirected,
114,138,Undirected,
114,139,Undirected,
114,151,Undirected,
114,161,Undirected,
115,116,Undirected,
115,118,Undirected,
115,119,Undirected,
115,120,Undirected,
115,121,Undirected,
115,123,Undirected,
115,124,Undirected,
115,126,Undirected,
115,128,Undirected,
115,129,Undirected,
115,130,Undirected,
115,133,Undirected,
115,136,Undirected,
115,142,Undirected,
115,144,Undirected,
115,145,Undirected,
115,146,Undirected,
115,154,Undirected,
115,162,Undirected,
115,163,Undirected,
116,117,Undirected,
116,118,Undirected,
116,119,Undirected,
116,120,Undirected,
116,121,Undirected,
116,122,Undirected,
116,123,Undirected,
116,124,Undirected,
116,128,Undirected,
116,129,Undirected,
116,130,Undirected,
116,132,Undirected,
116,133,Undirected,
116,136,Undirected,
116,143,Undirected,
116,145,Undirected,
116,154,Undirected,
116,159,Undirected,
116,163,Undirected,
117,118,Undirected,
117,119,Undirected,
117,120,Undirected,
117,123,Undirected,
117,124,Undirected,
117,128,Undirected,
117,129,Undirected,
117,133,Undirected,
117,139,Undirected,
117,143,Undirected,
117,157,Undirected,
117,164,Undirected,
118,119,Undirected,
118,120,Undirected,
118,123,Undirected,
118,124,Undirected,
118,128,Undirected,
118,133,Undirected,
118,134,Undirected,
118,135,Undirected,
118,141,Undirected,
118,142,Undirected,
118,144,Undirected,
118,145,Undirected,
118,146,Undirected,
118,147,Undirected,
118,148,Undirected,
118,149,Undirected,
118,153,Undirected,
118,154,Undirected,
118,155,Undirected,
118,157,Undirected,
118,160,Undirected,
118,164,Undirected,
119,120,Undirected,
119,121,Undirected,
119,123,Undirected,
119,124,Undirected,
119,128,Undirected,
119,129,Undirected,
119,132,Undirected,
119,133,Undirected,
119,137,Undirected,
119,138,Undirected,
119,139,Undirected,
119,141,Undirected,
119,142,Undirected,
119,149,Undirected,
119,153,Undirected,
119,154,Undirected,
119,163,Undirected,
120,122,Undirected,
120,123,Undirected,
120,124,Undirected,
120,128,Undirected,
120,131,Undirected,
120,133,Undirected,
120,134,Undirected,
120,135,Undirected,
120,137,Undirected,
120,141,Undirected,
120,142,Undirected,
120,145,Undirected,
120,146,Undirected,
120,147,Undirected,
120,149,Undirected,
120,153,Undirected,
120,154,Undirected,
120,157,Undirected,
120,160,Undirected,
120,164,Undirected,
121,122,Undirected,
121,123,Undirected,
121,125,Undirected,
121,127,Undirected,
121,129,Undirected,
121,130,Undirected,
121,131,Undirected,
121,132,Undirected,
121,135,Undirected,
121,138,Undirected,
121,144,Undirected,
121,148,Undirected,
121,153,Undirected,
121,154,Undirected,
121,163,Undirected,
121,164,Undirected,
122,123,Undirected,
122,125,Undirected,
122,132,Undirected,
122,133,Undirected,
122,144,Undirected,
122,148,Undirected,
122,150,Undirected,
122,161,Undirected,
122,163,Undirected,
122,164,Undirected,
123,124,Undirected,
123,128,Undirected,
123,129,Undirected,
123,131,Undirected,
123,132,Undirected,
123,136,Undirected,
123,137,Undirected,
123,138,Undirected,
123,139,Undirected,
123,154,Undirected,
123,161,Undirected,
123,162,Undirected,
123,163,Undirected,
124,132,Undirected,
124,133,Undirected,
124,134,Undirected,
124,136,Undirected,
124,137,Undirected,
124,138,Undirected,
124,139,Undirected,
124,142,Undirected,
124,147,Undirected,
124,149,Undirected,
124,153,Undirected,
124,157,Undirected,
124,162,Undirected,
124,163,Undirected,
124,164,Undirected,
125,140,Undirected,
125,142,Undirected,
125,149,Undirected,
125,161,Undirected,
126,127,Undirected,
126,131,Undirected,
126,140,Undirected,
126,141,Undirected,
126,144,Undirected,
126,145,Undirected,
126,146,Undirected,
126,150,Undirected,
126,151,Undirected,
126,153,Undirected,
126,154,Undirected,
127,128,Undirected,
127,130,Undirected,
127,140,Undirected,
127,141,Undirected,
127,143,Undirected,
127,144,Undirected,
127,148,Undirected,
127,152,Undirected,
127,153,Undirected,
127,154,Undirected,
127,156,Undirected,
127,163,Undirected,
128,129,Undirected,
128,130,Undirected,
128,133,Undirected,
128,142,Undirected,
128,143,Undirected,
128,146,Undirected,
128,154,Undirected,
128,161,Undirected,
128,163,Undirected,
129,130,Undirected,
129,132,Undirected,
129,133,Undirected,
129,134,Undirected,
129,136,Undirected,
129,147,Undirected,
129,148,Undirected,
129,155,Undirected,
129,156,Undirected,
129,163,Undirected,
130,131,Undirected,
130,136,Undirected,
130,141,Undirected,
130,143,Undirected,
130,148,Undirected,
130,153,Undirected,
130,155,Undirected,
130,156,Undirected,
130,157,Undirected,
130,163,Undirected,
131,132,Undirected,
131,136,Undirected,
131,137,Undirected,
131,138,Undirected,
131,139,Undirected,
131,141,Undirected,
131,144,Undirected,
131,148,Undirected,
131,151,Undirected,
131,153,Undirected,
131,154,Undirected,
131,155,Undirected,
131,156,Undirected,
131,157,Undirected,
131,158,Undirected,
131,159,Undirected,
131,162,Undirected,
131,163,Undirected,
132,136,Undirected,
132,137,Undirected,
132,138,Undirected,
132,139,Undirected,
132,161,Undirected,
132,162,Undirected,
132,163,Undirected,
133,134,Undirected,
133,135,Undirected,
133,136,Undirected,
133,138,Undirected,
133,141,Undirected,
133,143,Undirected,
133,144,Undirected,
133,145,Undirected,
133,146,Undirected,
133,149,Undirected,
133,150,Undirected,
133,154,Undirected,
133,156,Undirected,
133,159,Undirected,
133,162,Undirected,
134,135,Undirected,
134,136,Undirected,
134,140,Undirected,
134,141,Undirected,
134,142,Undirected,
134,147,Undirected,
134,148,Undirected,
134,153,Undirected,
134,155,Undirected,
134,156,Undirected,
134,157,Undirected,
134,161,Undirected,
135,136,Undirected,
135,140,Undirected,
135,144,Undirected,
135,145,Undirected,
135,146,Undirected,
135,149,Undirected,
135,153,Undirected,
135,154,Undirected,
135,156,Undirected,
135,158,Undirected,
135,161,Undirected,
135,162,Undirected,
136,137,Undirected,
136,138,Undirected,
136,139,Undirected,
136,140,Undirected,
136,144,Undirected,
136,145,Undirected,
136,146,Undirected,
136,149,Undirected,
136,156,Undirected,
136,157,Undirected,
136,158,Undirected,
136,162,Undirected,
136,163,Undirected,
137,138,Undirected,
137,139,Undirected,
137,145,Undirected,
137,153,Undirected,
137,154,Undirected,
137,157,Undirected,
137,159,Undirected,
137,161,Undirected,
137,162,Undirected,
137,163,Undirected,
138,139,Undirected,
138,140,Undirected,
138,153,Undirected,
138,154,Undirected,
138,161,Undirected,
138,163,Undirected,
139,151,Undirected,
139,152,Undirected,
139,153,Undirected,
139,154,Undirected,
139,158,Undirected,
139,161,Undirected,
139,162,Undirected,
139,163,Undirected,
140,142,Undirected,
140,143,Undirected,
140,144,Undirected,
140,146,Undirected,
140,150,Undirected,
140,152,Undirected,
140,155,Undirected,
140,161,Undirected,
140,164,Undirected,
141,144,Undirected,
141,149,Undirected,
141,153,Undirected,
141,154,Undirected,
141,155,Undirected,
141,156,Undirected,
141,157,Undirected,
141,164,Undirected,
142,143,Undirected,
142,150,Undirected,
142,152,Undirected,
142,153,Undirected,
142,154,Undirected,
142,157,Undirected,
142,161,Undirected,
143,152,Undirected,
143,154,Undirected,
143,161,Undirected,
144,145,Undirected,
144,146,Undirected,
144,147,Undirected,
144,148,Undirected,
144,149,Undirected,
144,150,Undirected,
144,151,Undirected,
144,153,Undirected,
144,154,Undirected,
144,158,Undirected,
144,160,Undirected,
144,162,Undirected,
145,146,Undirected,
145,147,Undirected,
145,149,Undirected,
145,150,Undirected,
145,152,Undirected,
145,153,Undirected,
145,158,Undirected,
145,160,Undirected,
145,162,Undirected,
146,147,Undirected,
146,149,Undirected,
146,150,Undirected,
146,152,Undirected,
146,154,Undirected,
146,156,Undirected,
146,157,Undirected,
146,158,Undirected,
146,160,Undirected,
146,162,Undirected,
147,148,Undirected,
147,149,Undirected,
147,150,Undirected,
147,153,Undirected,
147,155,Undirected,
147,156,Undirected,
147,158,Undirected,
147,160,Undirected,
147,163,Undirected,
148,149,Undirected,
148,150,Undirected,
148,151,Undirected,
148,153,Undirected,
148,154,Undirected,
148,155,Undirected,
148,156,Undirected,
148,157,Undirected,
148,160,Undirected,
148,163,Undirected,
149,153,Undirected,
149,154,Undirected,
149,155,Undirected,
149,158,Undirected,
149,162,Undirected,
149,164,Undirected,
150,158,Undirected,
150,160,Undirected,
150,162,Undirected,
151,152,Undirected,
151,153,Undirected,
151,154,Undirected,
152,156,Undirected,
153,154,Undirected,
153,155,Undirected,
153,157,Undirected,
154,155,Undirected,
154,157,Undirected,
155,156,Undirected,
155,157,Undirected,
155,158,Undirected,
155,159,Undirected,
155,160,Undirected,
155,163,Undirected,
155,164,Undirected,
156,157,Undirected,
156,158,Undirected,
156,159,Undirected,
156,161,Undirected,
156,162,Undirected,
156,164,Undirected,
157,158,Undirected,
157,161,Undirected,
157,164,Undirected,
158,159,Undirected,
158,162,Undirected,
158,164,Undirected,
159,160,Undirected,
159,161,Undirected,
159,162,Undirected,
161,162,Undirected,
163,164,Undirected,
