Source,Target,Type,timeset
1,2,Undirected,
1,3,Undirected,
1,4,Undirected,
1,5,Undirected,
1,7,Undirected,
1,9,Undirected,
1,11,Undirected,
1,25,Undirected,
1,26,Undirected,
1,27,Undirected,
1,29,Undirected,
1,43,Undirected,
1,45,Undirected,
1,46,Undirected,
1,55,Undirected,
1,58,Undirected,
1,59,Undirected,
1,62,Undirected,
1,64,Undirected,
1,68,Undirected,
1,69,Undirected,
1,70,Undirected,
1,72,Undirected,
1,73,Undirected,
1,74,Undirected,
1,75,Undirected,
1,83,Undirected,
1,90,Undirected,
1,103,Undirected,
1,105,Undirected,
1,113,Undirected,
1,114,Undirected,
1,126,Undirected,
1,127,Undirected,
1,132,Undirected,
1,133,Undirected,
1,134,Undirected,
1,135,Undirected,
1,140,Undirected,
1,141,Undirected,
1,142,Undirected,
1,143,Undirected,
1,147,Undirected,
1,148,Undirected,
1,152,Undirected,
1,155,Undirected,
1,157,Undirected,
1,160,Undirected,
2,3,Undirected,
2,4,Undirected,
2,5,Undirected,
2,6,Undirected,
2,7,Undirected,
2,8,Undirected,
2,10,Undirected,
2,11,Undirected,
2,12,Undirected,
2,18,Undirected,
2,19,Undirected,
2,27,Undirected,
2,28,Undirected,
2,29,Undirected,
2,31,Undirected,
2,43,Undirected,
2,44,Undirected,
2,45,Undirected,
2,46,Undirected,
2,49,Undirected,
2,55,Undirected,
2,63,Undirected,
2,69,Undirected,
2,70,Undirected,
2,71,Undirected,
2,74,Undirected,
2,75,Undirected,
2,83,Undirected,
2,84,Undirected,
2,85,Undirected,
2,87,Undirected,
2,90,Undirected,
2,91,Undirected,
2,108,Undirected,
2,114,Undirected,
2,127,Undirected,
2,128,Undirected,
2,133,Undirected,
2,141,Undirected,
2,143,Undirected,
2,146,Undirected,
2,147,Undirected,
2,150,Undirected,
2,155,Undirected,
2,157,Undirected,
2,164,Undirected,
3,4,Undirected,
3,5,Undirected,
3,6,Undirected,
3,7,Undirected,
3,8,Undirected,
3,9,Undirected,
3,10,Undirected,
3,17,Undirected,
3,18,Undirected,
3,24,Undirected,
3,27,Undirected,
3,28,Undirected,
3,31,Undirected,
3,32,Undirected,
3,37,Undirected,
3,38,Undirected,
3,39,Undirected,
3,40,Undirected,
3,41,Undirected,
3,43,Undirected,
3,44,Undirected,
3,45,Undirected,
3,46,Undirected,
3,49,Undirected,
3,55,Undirected,
3,63,Undirected,
3,67,Undirected,
3,69,Undirected,
3,70,Undirected,
3,71,Undirected,
3,72,Undirected,
3,73,Undirected,
3,74,Undirected,
3,75,Undirected,
3,76,Undirected,
3,77,Undirected,
3,78,Undirected,
3,79,Undirected,
3,80,Undirected,
3,81,Undirected,
3,82,Undirected,
3,83,Undirected,
3,84,Undirected,
3,85,Undirected,
3,87,Undirected,
3,90,Undirected,
3,91,Undirected,
3,102,Undirected,
3,107,Undirected,
3,109,Undirected,
3,110,Undirected,
3,117,Undirected,
3,123,Undirected,
3,125,Undirected,
3,130,Undirected,
3,131,Undirected,
3,137,Undirected,
3,138,Undirected,
3,140,Undirected,
3,141,Undirected,
3,142,Undirected,
3,143,Undirected,
3,145,Undirected,
3,146,Undirected,
3,150,Undirected,
3,155,Undirected,
3,157,Undirected,
3,158,Undirected,
3,159,Undirected,
3,160,Undirected,
3,161,Undirected,
3,162,Undirected,
3,163,Undirected,
3,164,Undirected,
4,5,Undirected,
4,6,Undirected,
4,7,Undirected,
4,8,Undirected,
4,10,Undirected,
4,12,Undirected,
4,15,Undirected,
4,16,Undirected,
4,18,Undirected,
4,21,Undirected,
4,22,Undirected,
4,23,Undirected,
4,24,Undirected,
4,25,Undirected,
4,26,Undirected,
4,27,Undirected,
4,28,Undirected,
4,29,Undirected,
4,31,Undirected,
4,32,Undirected,
4,37,Undirected,
4,38,Undirected,
4,43,Undirected,
4,44,Undirected,
4,45,Undirected,
4,46,Undirected,
4,49,Undirected,
4,55,Undirected,
4,58,Undirected,
4,59,Undirected,
4,63,Undirected,
4,65,Undirected,
4,66,Undirected,
4,67,Undirected,
4,68,Undirected,
4,69,Undirected,
4,70,Undirected,
4,71,Undirected,
4,72,Undirected,
4,73,Undirected,
4,74,Undirected,
4,75,Undirected,
4,76,Undirected,
4,77,Undirected,
4,78,Undirected,
4,79,Undirected,
4,81,Undirected,
4,83,Undirected,
4,84,Undirected,
4,85,Undirected,
4,87,Undirected,
4,90,Undirected,
4,91,Undirected,
4,96,Undirected,
4,102,Undirected,
4,107,Undirected,
4,108,Undirected,
4,109,Undirected,
4,110,Undirected,
4,111,Undirected,
4,117,Undirected,
4,119,Undirected,
4,121,Undirected,
4,122,Undirected,
4,123,Undirected,
4,124,Undirected,
4,130,Undirected,
4,131,Undirected,
4,137,Undirected,
4,138,Undirected,
4,140,Undirected,
4,141,Undirected,
4,142,Undirected,
4,143,Undirected,
4,145,Undirected,
4,146,Undirected,
4,150,Undirected,
4,152,Undirected,
4,155,Undirected,
4,157,Undirected,
4,158,Undirected,
4,159,Undirected,
4,160,Undirected,
4,163,Undirected,
4,164,Undirected,
5,6,Undirected,
5,7,Undirected,
5,8,Undirected,
5,13,Undirected,
5,14,Undirected,
5,18,Undirected,
5,25,Undirected,
5,27,Undirected,
5,28,Undirected,
5,29,Undirected,
5,33,Undirected,
5,34,Undirected,
5,35,Undirected,
5,36,Undirected,
5,38,Undirected,
5,50,Undirected,
5,51,Undirected,
5,56,Undirected,
5,65,Undirected,
5,69,Undirected,
5,70,Undirected,
5,71,Undirected,
5,78,Undirected,
5,84,Undirected,
5,88,Undirected,
5,96,Undirected,
5,103,Undirected,
5,107,Undirected,
5,109,Undirected,
5,113,Undirected,
5,127,Undirected,
5,139,Undirected,
5,147,Undirected,
5,148,Undirected,
5,150,Undirected,
5,151,Undirected,
5,152,Undirected,
5,153,Undirected,
5,154,Undirected,
5,157,Undirected,
6,7,Undirected,
6,8,Undirected,
6,14,Undirected,
6,17,Undirected,
6,18,Undirected,
6,27,Undirected,
6,36,Undirected,
6,47,Undirected,
6,48,Undirected,
6,50,Undirected,
6,51,Undirected,
6,56,Undirected,
6,57,Undirected,
6,58,Undirected,
6,59,Undirected,
6,66,Undirected,
6,67,Undirected,
6,78,Undirected,
6,83,Undirected,
6,84,Undirected,
6,85,Undirected,
6,87,Undirected,
6,88,Undirected,
6,89,Undirected,
6,96,Undirected,
6,107,Undirected,
6,108,Undirected,
6,109,Undirected,
6,110,Undirected,
6,118,Undirected,
6,130,Undirected,
6,135,Undirected,
6,136,Undirected,
6,139,Undirected,
6,140,Undirected,
6,147,Undirected,
6,148,Undirected,
6,150,Undirected,
6,151,Undirected,
6,155,Undirected,
6,156,Undirected,
6,157,Undirected,
6,163,Undirected,
7,8,Undirected,
7,11,Undirected,
7,13,Undirected,
7,14,Undirected,
7,18,Undirected,
7,25,Undirected,
7,27,Undirected,
7,28,Undirected,
7,29,Undirected,
7,31,Undirected,
7,33,Undirected,
7,35,Undirected,
7,43,Undirected,
7,50,Undirected,
7,51,Undirected,
7,52,Undirected,
7,53,Undirected,
7,55,Undirected,
7,60,Undirected,
7,61,Undirected,
7,63,Undirected,
7,69,Undirected,
7,70,Undirected,
7,71,Undirected,
7,72,Undirected,
7,73,Undirected,
7,74,Undirected,
7,75,Undirected,
7,77,Undirected,
7,78,Undirected,
7,79,Undirected,
7,81,Undirected,
7,82,Undirected,
7,83,Undirected,
7,84,Undirected,
7,85,Undirected,
7,87,Undirected,
7,103,Undirected,
7,107,Undirected,
7,109,Undirected,
7,117,Undirected,
7,127,Undirected,
7,132,Undirected,
7,139,Undirected,
7,145,Undirected,
7,146,Undirected,
7,147,Undirected,
7,148,Undirected,
7,150,Undirected,
7,152,Undirected,
7,154,Undirected,
7,155,Undirected,
7,157,Undirected,
7,159,Undirected,
8,10,Undirected,
8,12,Undirected,
8,14,Undirected,
8,17,Undirected,
8,18,Undirected,
8,20,Undirected,
8,27,Undirected,
8,33,Undirected,
8,34,Undirected,
8,35,Undirected,
8,36,Undirected,
8,40,Undirected,
8,41,Undirected,
8,50,Undirected,
8,51,Undirected,
8,52,Undirected,
8,56,Undirected,
8,57,Undirected,
8,58,Undirected,
8,59,Undirected,
8,60,Undirected,
8,63,Undirected,
8,66,Undirected,
8,67,Undirected,
8,71,Undirected,
8,78,Undirected,
8,79,Undirected,
8,80,Undirected,
8,83,Undirected,
8,84,Undirected,
8,85,Undirected,
8,86,Undirected,
8,87,Undirected,
8,88,Undirected,
8,89,Undirected,
8,94,Undirected,
8,95,Undirected,
8,109,Undirected,
8,110,Undirected,
8,130,Undirected,
8,134,Undirected,
8,135,Undirected,
8,136,Undirected,
8,139,Undirected,
8,144,Undirected,
8,147,Undirected,
8,148,Undirected,
8,151,Undirected,
8,152,Undirected,
8,153,Undirected,
8,155,Undirected,
8,156,Undirected,
8,157,Undirected,
8,162,Undirected,
8,163,Undirected,
9,10,Undirected,
9,11,Undirected,
9,12,Undirected,
9,17,Undirected,
9,27,Undirected,
9,28,Undirected,
9,29,Undirected,
9,30,Undirected,
9,31,Undirected,
9,37,Undirected,
9,39,Undirected,
9,40,Undirected,
9,41,Undirected,
9,42,Undirected,
9,55,Undirected,
9,61,Undirected,
9,63,Undirected,
9,69,Undirected,
9,70,Undirected,
9,71,Undirected,
9,76,Undirected,
9,86,Undirected,
9,88,Undirected,
9,96,Undirected,
9,106,Undirected,
9,107,Undirected,
9,108,Undirected,
9,109,Undirected,
9,110,Undirected,
9,113,Undirected,
9,117,Undirected,
9,121,Undirected,
9,130,Undirected,
9,131,Undirected,
9,150,Undirected,
9,154,Undirected,
9,155,Undirected,
9,157,Undirected,
9,158,Undirected,
9,159,Undirected,
9,160,Undirected,
9,161,Undirected,
9,162,Undirected,
9,163,Undirected,
9,164,Undirected,
10,11,Undirected,
10,12,Undirected,
10,13,Undirected,
10,14,Undirected,
10,17,Undirected,
10,19,Undirected,
10,20,Undirected,
10,21,Undirected,
10,22,Undirected,
10,23,Undirected,
10,24,Undirected,
10,25,Undirected,
10,26,Undirected,
10,27,Undirected,
10,28,Undirected,
10,29,Undirected,
10,30,Undirected,
10,31,Undirected,
10,32,Undirected,
10,33,Undirected,
10,34,Undirected,
10,36,Undirected,
10,37,Undirected,
10,38,Undirected,
10,40,Undirected,
10,42,Undirected,
10,46,Undirected,
10,50,Undirected,
10,56,Undirected,
10,57,Undirected,
10,61,Undirected,
10,69,Undirected,
10,70,Undirected,
10,71,Undirected,
10,72,Undirected,
10,73,Undirected,
10,76,Undirected,
10,77,Undirected,
10,79,Undirected,
10,80,Undirected,
10,83,Undirected,
10,84,Undirected,
10,86,Undirected,
10,102,Undirected,
10,106,Undirected,
10,107,Undirected,
10,108,Undirected,
10,109,Undirected,
10,110,Undirected,
10,117,Undirected,
10,118,Undirected,
10,119,Undirected,
10,120,Undirected,
10,121,Undirected,
10,122,Undirected,
10,123,Undirected,
10,124,Undirected,
10,130,Undirected,
10,131,Undirected,
10,132,Undirected,
10,136,Undirected,
10,137,Undirected,
10,138,Undirected,
10,141,Undirected,
10,145,Undirected,
10,150,Undirected,
10,153,Undirected,
10,155,Undirected,
10,156,Undirected,
10,157,Undirected,
10,159,Undirected,
10,160,Undirected,
10,163,Undirected,
10,164,Undirected,
11,12,Undirected,
11,13,Undirected,
11,14,Undirected,
11,15,Undirected,
11,16,Undirected,
11,17,Undirected,
11,21,Undirected,
11,22,Undirected,
11,23,Undirected,
11,24,Undirected,
11,28,Undirected,
11,29,Undirected,
11,30,Undirected,
11,31,Undirected,
11,33,Undirected,
11,35,Undirected,
11,36,Undirected,
11,37,Undirected,
11,38,Undirected,
11,39,Undirected,
11,47,Undirected,
11,48,Undirected,
11,50,Undirected,
11,55,Undirected,
11,79,Undirected,
11,84,Undirected,
11,88,Undirected,
11,89,Undirected,
11,96,Undirected,
11,104,Undirected,
11,106,Undirected,
11,110,Undirected,
11,113,Undirected,
11,121,Undirected,
11,127,Undirected,
11,130,Undirected,
11,137,Undirected,
11,138,Undirected,
11,150,Undirected,
11,153,Undirected,
11,154,Undirected,
11,155,Undirected,
11,159,Undirected,
11,160,Undirected,
11,163,Undirected,
11,164,Undirected,
12,13,Undirected,
12,14,Undirected,
12,15,Undirected,
12,16,Undirected,
12,19,Undirected,
12,20,Undirected,
12,21,Undirected,
12,22,Undirected,
12,23,Undirected,
12,24,Undirected,
12,25,Undirected,
12,26,Undirected,
12,27,Undirected,
12,28,Undirected,
12,29,Undirected,
12,30,Undirected,
12,37,Undirected,
12,38,Undirected,
12,45,Undirected,
12,46,Undirected,
12,50,Undirected,
12,51,Undirected,
12,56,Undirected,
12,57,Undirected,
12,59,Undirected,
12,65,Undirected,
12,69,Undirected,
12,70,Undirected,
12,71,Undirected,
12,72,Undirected,
12,76,Undirected,
12,77,Undirected,
12,79,Undirected,
12,80,Undirected,
12,86,Undirected,
12,100,Undirected,
12,106,Undirected,
12,108,Undirected,
12,109,Undirected,
12,110,Undirected,
12,117,Undirected,
12,119,Undirected,
12,121,Undirected,
12,122,Undirected,
12,123,Undirected,
12,124,Undirected,
12,130,Undirected,
12,134,Undirected,
12,135,Undirected,
12,136,Undirected,
12,137,Undirected,
12,138,Undirected,
12,144,Undirected,
12,145,Undirected,
12,150,Undirected,
12,155,Undirected,
12,159,Undirected,
12,160,Undirected,
12,164,Undirected,
13,14,Undirected,
13,21,Undirected,
13,22,Undirected,
13,23,Undirected,
13,24,Undirected,
13,28,Undirected,
13,29,Undirected,
13,30,Undirected,
13,31,Undirected,
13,33,Undirected,
13,34,Undirected,
13,35,Undirected,
13,36,Undirected,
13,37,Undirected,
13,38,Undirected,
13,39,Undirected,
13,40,Undirected,
13,49,Undirected,
13,50,Undirected,
13,51,Undirected,
13,53,Undirected,
13,54,Undirected,
13,55,Undirected,
13,60,Undirected,
13,70,Undirected,
13,79,Undirected,
13,84,Undirected,
13,86,Undirected,
13,95,Undirected,
13,96,Undirected,
13,99,Undirected,
13,102,Undirected,
13,106,Undirected,
13,108,Undirected,
13,109,Undirected,
13,110,Undirected,
13,117,Undirected,
13,120,Undirected,
13,121,Undirected,
13,122,Undirected,
13,123,Undirected,
13,127,Undirected,
13,128,Undirected,
13,130,Undirected,
13,131,Undirected,
13,137,Undirected,
13,138,Undirected,
13,139,Undirected,
13,144,Undirected,
13,151,Undirected,
13,152,Undirected,
13,153,Undirected,
13,154,Undirected,
13,163,Undirected,
13,164,Undirected,
14,21,Undirected,
14,22,Undirected,
14,23,Undirected,
14,24,Undirected,
14,31,Undirected,
14,32,Undirected,
14,33,Undirected,
14,34,Undirected,
14,35,Undirected,
14,36,Undirected,
14,37,Undirected,
14,38,Undirected,
14,39,Undirected,
14,40,Undirected,
14,44,Undirected,
14,46,Undirected,
14,49,Undirected,
14,50,Undirected,
14,51,Undirected,
14,52,Undirected,
14,53,Undirected,
14,56,Undirected,
14,57,Undirected,
14,59,Undirected,
14,60,Undirected,
14,64,Undirected,
14,70,Undirected,
14,72,Undirected,
14,73,Undirected,
14,74,Undirected,
14,75,Undirected,
14,79,Undirected,
14,84,Undirected,
14,86,Undirected,
14,91,Undirected,
14,96,Undirected,
14,98,Undirected,
14,99,Undirected,
14,102,Undirected,
14,106,Undirected,
14,117,Undirected,
14,121,Undirected,
14,122,Undirected,
14,124,Undirected,
14,131,Undirected,
14,132,Undirected,
14,133,Undirected,
14,134,Undirected,
14,135,Undirected,
14,136,Undirected,
14,137,Undirected,
14,138,Undirected,
14,139,Undirected,
14,141,Undirected,
14,142,Undirected,
14,145,Undirected,
14,147,Undirected,
14,151,Undirected,
14,152,Undirected,
14,153,Undirected,
14,154,Undirected,
14,155,Undirected,
14,159,Undirected,
14,163,Undirected,
15,16,Undirected,
15,20,Undirected,
15,21,Undirected,
15,22,Undirected,
15,23,Undirected,
15,25,Undirected,
15,26,Undirected,
15,27,Undirected,
15,29,Undirected,
15,39,Undirected,
15,41,Undirected,
15,42,Undirected,
15,43,Undirected,
15,44,Undirected,
15,49,Undirected,
15,51,Undirected,
15,52,Undirected,
15,53,Undirected,
15,54,Undirected,
15,60,Undirected,
15,61,Undirected,
15,62,Undirected,
15,63,Undirected,
15,64,Undirected,
15,65,Undirected,
15,68,Undirected,
15,69,Undirected,
15,70,Undirected,
15,72,Undirected,
15,73,Undirected,
15,82,Undirected,
15,86,Undirected,
15,100,Undirected,
15,102,Undirected,
15,104,Undirected,
15,105,Undirected,
15,106,Undirected,
15,107,Undirected,
15,111,Undirected,
15,112,Undirected,
15,113,Undirected,
15,114,Undirected,
15,115,Undirected,
15,116,Undirected,
15,118,Undirected,
15,119,Undirected,
15,120,Undirected,
15,121,Undirected,
15,123,Undirected,
15,124,Undirected,
15,128,Undirected,
15,134,Undirected,
15,135,Undirected,
15,143,Undirected,
15,144,Undirected,
15,145,Undirected,
15,158,Undirected,
15,161,Undirected,
15,162,Undirected,
15,163,Undirected,
16,18,Undirected,
16,20,Undirected,
16,21,Undirected,
16,22,Undirected,
16,23,Undirected,
16,24,Undirected,
16,25,Undirected,
16,26,Undirected,
16,27,Undirected,
16,29,Undirected,
16,31,Undirected,
16,40,Undirected,
16,41,Undirected,
16,42,Undirected,
16,43,Undirected,
16,44,Undirected,
16,45,Undirected,
16,49,Undirected,
16,53,Undirected,
16,54,Undirected,
16,55,Undirected,
16,62,Undirected,
16,63,Undirected,
16,64,Undirected,
16,68,Undirected,
16,69,Undirected,
16,70,Undirected,
16,72,Undirected,
16,73,Undirected,
16,75,Undirected,
16,76,Undirected,
16,77,Undirected,
16,102,Undirected,
16,104,Undirected,
16,105,Undirected,
16,106,Undirected,
16,108,Undirected,
16,111,Undirected,
16,112,Undirected,
16,113,Undirected,
16,114,Undirected,
16,115,Undirected,
16,116,Undirected,
16,117,Undirected,
16,118,Undirected,
16,119,Undirected,
16,127,Undirected,
16,128,Undirected,
16,129,Undirected,
16,130,Undirected,
16,131,Undirected,
16,132,Undirected,
16,143,Undirected,
16,144,Undirected,
16,161,Undirected,
16,162,Undirected,
16,163,Undirected,
17,19,Undirected,
17,20,Undirected,
17,21,Undirected,
17,26,Undirected,
17,28,Undirected,
17,29,Undirected,
17,31,Undirected,
17,37,Undirected,
17,39,Undirected,
17,40,Undirected,
17,41,Undirected,
17,54,Undirected,
17,60,Undirected,
17,61,Undirected,
17,63,Undirected,
17,71,Undirected,
17,74,Undirected,
17,78,Undirected,
17,79,Undirected,
17,81,Undirected,
17,82,Undirected,
17,83,Undirected,
17,84,Undirected,
17,87,Undirected,
17,94,Undirected,
17,100,Undirected,
17,104,Undirected,
17,109,Undirected,
17,110,Undirected,
17,130,Undirected,
17,131,Undirected,
17,132,Undirected,
17,135,Undirected,
17,137,Undirected,
17,138,Undirected,
17,141,Undirected,
17,144,Undirected,
17,146,Undirected,
17,149,Undirected,
17,150,Undirected,
17,157,Undirected,
17,159,Undirected,
17,160,Undirected,
17,161,Undirected,
17,162,Undirected,
17,163,Undirected,
17,164,Undirected,
18,19,Undirected,
18,20,Undirected,
18,26,Undirected,
18,28,Undirected,
18,32,Undirected,
18,33,Undirected,
18,39,Undirected,
18,40,Undirected,
18,46,Undirected,
18,53,Undirected,
18,63,Undirected,
18,64,Undirected,
18,69,Undirected,
18,71,Undirected,
18,73,Undirected,
18,75,Undirected,
18,78,Undirected,
18,79,Undirected,
18,80,Undirected,
18,81,Undirected,
18,82,Undirected,
18,83,Undirected,
18,87,Undirected,
18,92,Undirected,
18,93,Undirected,
18,102,Undirected,
18,103,Undirected,
18,137,Undirected,
18,138,Undirected,
18,142,Undirected,
18,144,Undirected,
18,148,Undirected,
18,150,Undirected,
18,155,Undirected,
18,157,Undirected,
18,161,Undirected,
18,162,Undirected,
19,20,Undirected,
19,22,Undirected,
19,23,Undirected,
19,24,Undirected,
19,25,Undirected,
19,26,Undirected,
19,39,Undirected,
19,40,Undirected,
19,47,Undirected,
19,48,Undirected,
19,56,Undirected,
19,58,Undirected,
19,63,Undirected,
19,65,Undirected,
19,79,Undirected,
19,80,Undirected,
19,81,Undirected,
19,86,Undirected,
19,87,Undirected,
19,88,Undirected,
19,95,Undirected,
19,97,Undirected,
19,98,Undirected,
19,99,Undirected,
19,108,Undirected,
19,110,Undirected,
19,117,Undirected,
19,119,Undirected,
19,121,Undirected,
19,122,Undirected,
19,136,Undirected,
19,149,Undirected,
19,155,Undirected,
19,160,Undirected,
19,161,Undirected,
19,162,Undirected,
19,164,Undirected,
20,21,Undirected,
20,22,Undirected,
20,23,Undirected,
20,24,Undirected,
20,25,Undirected,
20,26,Undirected,
20,27,Undirected,
20,29,Undirected,
20,39,Undirected,
20,57,Undirected,
20,65,Undirected,
20,70,Undirected,
20,80,Undirected,
20,81,Undirected,
20,86,Undirected,
20,87,Undirected,
20,94,Undirected,
20,95,Undirected,
20,97,Undirected,
20,98,Undirected,
20,108,Undirected,
20,109,Undirected,
20,110,Undirected,
20,117,Undirected,
20,119,Undirected,
20,121,Undirected,
20,122,Undirected,
20,123,Undirected,
20,124,Undirected,
20,135,Undirected,
20,136,Undirected,
20,144,Undirected,
20,149,Undirected,
20,155,Undirected,
20,161,Undirected,
20,162,Undirected,
20,164,Undirected,
21,22,Undirected,
21,23,Undirected,
21,24,Undirected,
21,25,Undirected,
21,26,Undirected,
21,27,Undirected,
21,29,Undirected,
21,31,Undirected,
21,33,Undirected,
21,34,Undirected,
21,35,Undirected,
21,36,Undirected,
21,37,Undirected,
21,38,Undirected,
21,41,Undirected,
21,43,Undirected,
21,44,Undirected,
21,45,Undirected,
21,46,Undirected,
21,49,Undirected,
21,50,Undirected,
21,51,Undirected,
21,52,Undirected,
21,59,Undirected,
21,60,Undirected,
21,64,Undirected,
21,68,Undirected,
21,70,Undirected,
21,72,Undirected,
21,79,Undirected,
21,82,Undirected,
21,86,Undirected,
21,95,Undirected,
21,97,Undirected,
21,105,Undirected,
21,106,Undirected,
21,108,Undirected,
21,121,Undirected,
21,122,Undirected,
21,123,Undirected,
21,124,Undirected,
21,133,Undirected,
21,134,Undirected,
21,135,Undirected,
21,137,Undirected,
21,138,Undirected,
21,139,Undirected,
21,143,Undirected,
21,145,Undirected,
21,153,Undirected,
21,154,Undirected,
21,161,Undirected,
21,162,Undirected,
22,23,Undirected,
22,24,Undirected,
22,26,Undirected,
22,27,Undirected,
22,28,Undirected,
22,29,Undirected,
22,30,Undirected,
22,31,Undirected,
22,32,Undirected,
22,34,Undirected,
22,36,Undirected,
22,37,Undirected,
22,38,Undirected,
22,40,Undirected,
22,43,Undirected,
22,44,Undirected,
22,45,Undirected,
22,46,Undirected,
22,49,Undirected,
22,50,Undirected,
22,51,Undirected,
22,56,Undirected,
22,57,Undirected,
22,59,Undirected,
22,68,Undirected,
22,70,Undirected,
22,72,Undirected,
22,73,Undirected,
22,74,Undirected,
22,79,Undirected,
22,80,Undirected,
22,83,Undirected,
22,86,Undirected,
22,90,Undirected,
22,91,Undirected,
22,97,Undirected,
22,106,Undirected,
22,108,Undirected,
22,109,Undirected,
22,110,Undirected,
22,117,Undirected,
22,121,Undirected,
22,122,Undirected,
22,124,Undirected,
22,130,Undirected,
22,131,Undirected,
22,132,Undirected,
22,133,Undirected,
22,134,Undirected,
22,135,Undirected,
22,136,Undirected,
22,137,Undirected,
22,138,Undirected,
22,141,Undirected,
22,143,Undirected,
22,150,Undirected,
22,153,Undirected,
22,154,Undirected,
22,159,Undirected,
22,161,Undirected,
22,162,Undirected,
22,164,Undirected,
23,24,Undirected,
23,25,Undirected,
23,26,Undirected,
23,27,Undirected,
23,28,Undirected,
23,29,Undirected,
23,33,Undirected,
23,36,Undirected,
23,37,Undirected,
23,41,Undirected,
23,42,Undirected,
23,50,Undirected,
23,56,Undirected,
23,57,Undirected,
23,77,Undirected,
23,79,Undirected,
23,95,Undirected,
23,97,Undirected,
23,108,Undirected,
23,109,Undirected,
23,110,Undirected,
23,117,Undirected,
23,119,Undirected,
23,121,Undirected,
23,122,Undirected,
23,123,Undirected,
23,124,Undirected,
23,130,Undirected,
23,133,Undirected,
23,134,Undirected,
23,135,Undirected,
23,136,Undirected,
23,137,Undirected,
23,138,Undirected,
23,145,Undirected,
23,153,Undirected,
23,155,Undirected,
23,159,Undirected,
23,161,Undirected,
23,162,Undirected,
23,164,Undirected,
24,26,Undirected,
24,28,Undirected,
24,33,Undirected,
24,34,Undirected,
24,35,Undirected,
24,36,Undirected,
24,37,Undirected,
24,38,Undirected,
24,47,Undirected,
24,50,Undirected,
24,51,Undirected,
24,56,Undirected,
24,57,Undirected,
24,79,Undirected,
24,88,Undirected,
24,95,Undirected,
24,108,Undirected,
24,109,Undirected,
24,110,Undirected,
24,117,Undirected,
24,121,Undirected,
24,122,Undirected,
24,130,Undirected,
24,132,Undirected,
24,133,Undirected,
24,134,Undirected,
24,135,Undirected,
24,136,Undirected,
24,137,Undirected,
24,138,Undirected,
24,139,Undirected,
24,145,Undirected,
24,150,Undirected,
24,153,Undirected,
24,154,Undirected,
24,159,Undirected,
24,161,Undirected,
24,162,Undirected,
24,164,Undirected,
25,26,Undirected,
25,27,Undirected,
25,28,Undirected,
25,29,Undirected,
25,31,Undirected,
25,32,Undirected,
25,43,Undirected,
25,44,Undirected,
25,45,Undirected,
25,46,Undirected,
25,49,Undirected,
25,52,Undirected,
25,57,Undirected,
25,60,Undirected,
25,62,Undirected,
25,65,Undirected,
25,67,Undirected,
25,68,Undirected,
25,69,Undirected,
25,70,Undirected,
25,71,Undirected,
25,72,Undirected,
25,73,Undirected,
25,75,Undirected,
25,79,Undirected,
25,80,Undirected,
25,85,Undirected,
25,86,Undirected,
25,90,Undirected,
25,100,Undirected,
25,103,Undirected,
25,104,Undirected,
25,106,Undirected,
25,107,Undirected,
25,108,Undirected,
25,109,Undirected,
25,110,Undirected,
25,117,Undirected,
25,118,Undirected,
25,119,Undirected,
25,120,Undirected,
25,121,Undirected,
25,122,Undirected,
25,123,Undirected,
25,124,Undirected,
25,130,Undirected,
25,135,Undirected,
25,140,Undirected,
25,141,Undirected,
25,142,Undirected,
25,143,Undirected,
25,145,Undirected,
25,149,Undirected,
25,152,Undirected,
25,157,Undirected,
25,159,Undirected,
25,160,Undirected,
25,163,Undirected,
25,164,Undirected,
26,27,Undirected,
26,32,Undirected,
26,37,Undirected,
26,40,Undirected,
26,41,Undirected,
26,42,Undirected,
26,43,Undirected,
26,44,Undirected,
26,45,Undirected,
26,46,Undirected,
26,50,Undirected,
26,55,Undirected,
26,68,Undirected,
26,70,Undirected,
26,74,Undirected,
26,80,Undirected,
26,94,Undirected,
26,95,Undirected,
26,97,Undirected,
26,108,Undirected,
26,110,Undirected,
26,117,Undirected,
26,121,Undirected,
26,122,Undirected,
26,123,Undirected,
26,124,Undirected,
26,134,Undirected,
26,135,Undirected,
26,136,Undirected,
26,141,Undirected,
26,143,Undirected,
26,144,Undirected,
26,145,Undirected,
26,149,Undirected,
26,157,Undirected,
26,161,Undirected,
26,162,Undirected,
27,28,Undirected,
27,29,Undirected,
27,30,Undirected,
27,31,Undirected,
27,37,Undirected,
27,45,Undirected,
27,46,Undirected,
27,49,Undirected,
27,52,Undirected,
27,60,Undirected,
27,62,Undirected,
27,63,Undirected,
27,64,Undirected,
27,65,Undirected,
27,68,Undirected,
27,69,Undirected,
27,70,Undirected,
27,71,Undirected,
27,72,Undirected,
27,73,Undirected,
27,79,Undirected,
27,85,Undirected,
27,86,Undirected,
27,88,Undirected,
27,90,Undirected,
27,100,Undirected,
27,101,Undirected,
27,105,Undirected,
27,106,Undirected,
27,107,Undirected,
27,108,Undirected,
27,109,Undirected,
27,110,Undirected,
27,115,Undirected,
27,116,Undirected,
27,117,Undirected,
27,118,Undirected,
27,119,Undirected,
27,120,Undirected,
27,121,Undirected,
27,122,Undirected,
27,123,Undirected,
27,124,Undirected,
27,128,Undirected,
27,129,Undirected,
27,130,Undirected,
27,131,Undirected,
27,137,Undirected,
27,138,Undirected,
27,141,Undirected,
27,143,Undirected,
27,145,Undirected,
27,149,Undirected,
27,150,Undirected,
27,157,Undirected,
27,159,Undirected,
27,161,Undirected,
27,163,Undirected,
27,164,Undirected,
28,29,Undirected,
28,30,Undirected,
28,31,Undirected,
28,33,Undirected,
28,34,Undirected,
28,36,Undirected,
28,37,Undirected,
28,40,Undirected,
28,53,Undirected,
28,62,Undirected,
28,63,Undirected,
28,64,Undirected,
28,65,Undirected,
28,69,Undirected,
28,70,Undirected,
28,71,Undirected,
28,73,Undirected,
28,78,Undirected,
28,79,Undirected,
28,83,Undirected,
28,86,Undirected,
28,88,Undirected,
28,94,Undirected,
28,106,Undirected,
28,107,Undirected,
28,108,Undirected,
28,109,Undirected,
28,110,Undirected,
28,113,Undirected,
28,117,Undirected,
28,119,Undirected,
28,120,Undirected,
28,121,Undirected,
28,122,Undirected,
28,123,Undirected,
28,128,Undirected,
28,130,Undirected,
28,131,Undirected,
28,137,Undirected,
28,138,Undirected,
28,141,Undirected,
28,144,Undirected,
28,150,Undirected,
28,153,Undirected,
28,154,Undirected,
28,157,Undirected,
28,158,Undirected,
28,159,Undirected,
28,160,Undirected,
28,163,Undirected,
28,164,Undirected,
29,30,Undirected,
29,31,Undirected,
29,32,Undirected,
29,36,Undirected,
29,37,Undirected,
29,40,Undirected,
29,45,Undirected,
29,46,Undirected,
29,57,Undirected,
29,59,Undirected,
29,60,Undirected,
29,62,Undirected,
29,63,Undirected,
29,64,Undirected,
29,65,Undirected,
29,67,Undirected,
29,68,Undirected,
29,69,Undirected,
29,70,Undirected,
29,71,Undirected,
29,72,Undirected,
29,73,Undirected,
29,74,Undirected,
29,75,Undirected,
29,79,Undirected,
29,80,Undirected,
29,86,Undirected,
29,90,Undirected,
29,103,Undirected,
29,106,Undirected,
29,107,Undirected,
29,108,Undirected,
29,109,Undirected,
29,110,Undirected,
29,117,Undirected,
29,118,Undirected,
29,119,Undirected,
29,121,Undirected,
29,122,Undirected,
29,123,Undirected,
29,128,Undirected,
29,130,Undirected,
29,131,Undirected,
29,132,Undirected,
29,136,Undirected,
29,137,Undirected,
29,138,Undirected,
29,141,Undirected,
29,142,Undirected,
29,143,Undirected,
29,150,Undirected,
29,153,Undirected,
29,154,Undirected,
29,156,Undirected,
29,157,Undirected,
29,158,Undirected,
29,159,Undirected,
29,160,Undirected,
29,163,Undirected,
29,164,Undirected,
30,32,Undirected,
30,33,Undirected,
30,36,Undirected,
30,37,Undirected,
30,40,Undirected,
30,69,Undirected,
30,70,Undirected,
30,71,Undirected,
30,86,Undirected,
30,90,Undirected,
30,100,Undirected,
30,106,Undirected,
30,109,Undirected,
30,110,Undirected,
30,117,Undirected,
30,118,Undirected,
30,120,Undirected,
30,121,Undirected,
30,123,Undirected,
30,124,Undirected,
30,130,Undirected,
30,131,Undirected,
30,151,Undirected,
30,153,Undirected,
30,159,Undirected,
30,160,Undirected,
30,163,Undirected,
30,164,Undirected,
31,32,Undirected,
31,33,Undirected,
31,34,Undirected,
31,35,Undirected,
31,36,Undirected,
31,37,Undirected,
31,38,Undirected,
31,39,Undirected,
31,40,Undirected,
31,41,Undirected,
31,42,Undirected,
31,45,Undirected,
31,46,Undirected,
31,50,Undirected,
31,62,Undirected,
31,63,Undirected,
31,64,Undirected,
31,68,Undirected,
31,69,Undirected,
31,70,Undirected,
31,71,Undirected,
31,72,Undirected,
31,73,Undirected,
31,74,Undirected,
31,75,Undirected,
31,79,Undirected,
31,81,Undirected,
31,82,Undirected,
31,83,Undirected,
31,86,Undirected,
31,90,Undirected,
31,91,Undirected,
31,98,Undirected,
31,99,Undirected,
31,106,Undirected,
31,107,Undirected,
31,108,Undirected,
31,109,Undirected,
31,110,Undirected,
31,115,Undirected,
31,116,Undirected,
31,117,Undirected,
31,118,Undirected,
31,120,Undirected,
31,123,Undirected,
31,128,Undirected,
31,130,Undirected,
31,131,Undirected,
31,132,Undirected,
31,137,Undirected,
31,138,Undirected,
31,141,Undirected,
31,142,Undirected,
31,143,Undirected,
31,150,Undirected,
31,153,Undirected,
31,154,Undirected,
31,156,Undirected,
31,157,Undirected,
31,158,Undirected,
31,159,Undirected,
31,160,Undirected,
31,162,Undirected,
31,163,Undirected,
31,164,Undirected,
32,34,Undirected,
32,37,Undirected,
32,39,Undirected,
32,43,Undirected,
32,44,Undirected,
32,45,Undirected,
32,46,Undirected,
32,50,Undirected,
32,62,Undirected,
32,65,Undirected,
32,67,Undirected,
32,68,Undirected,
32,69,Undirected,
32,70,Undirected,
32,71,Undirected,
32,72,Undirected,
32,73,Undirected,
32,74,Undirected,
32,75,Undirected,
32,76,Undirected,
32,77,Undirected,
32,79,Undirected,
32,82,Undirected,
32,83,Undirected,
32,90,Undirected,
32,91,Undirected,
32,102,Undirected,
32,106,Undirected,
32,107,Undirected,
32,108,Undirected,
32,109,Undirected,
32,110,Undirected,
32,113,Undirected,
32,115,Undirected,
32,117,Undirected,
32,118,Undirected,
32,119,Undirected,
32,120,Undirected,
32,121,Undirected,
32,122,Undirected,
32,123,Undirected,
32,124,Undirected,
32,129,Undirected,
32,130,Undirected,
32,131,Undirected,
32,132,Undirected,
32,134,Undirected,
32,135,Undirected,
32,136,Undirected,
32,137,Undirected,
32,138,Undirected,
32,140,Undirected,
32,141,Undirected,
32,142,Undirected,
32,143,Undirected,
32,145,Undirected,
32,146,Undirected,
32,150,Undirected,
32,151,Undirected,
32,157,Undirected,
32,159,Undirected,
32,160,Undirected,
32,163,Undirected,
32,164,Undirected,
33,34,Undirected,
33,35,Undirected,
33,36,Undirected,
33,37,Undirected,
33,38,Undirected,
33,39,Undirected,
33,40,Undirected,
33,49,Undirected,
33,50,Undirected,
33,51,Undirected,
33,53,Undirected,
33,54,Undirected,
33,55,Undirected,
33,59,Undirected,
33,60,Undirected,
33,64,Undirected,
33,79,Undirected,
33,84,Undirected,
33,96,Undirected,
33,98,Undirected,
33,99,Undirected,
33,102,Undirected,
33,106,Undirected,
33,108,Undirected,
33,109,Undirected,
33,121,Undirected,
33,122,Undirected,
33,128,Undirected,
33,131,Undirected,
33,133,Undirected,
33,137,Undirected,
33,138,Undirected,
33,139,Undirected,
33,141,Undirected,
33,144,Undirected,
33,151,Undirected,
33,152,Undirected,
33,153,Undirected,
33,154,Undirected,
33,163,Undirected,
33,164,Undirected,
34,35,Undirected,
34,36,Undirected,
34,37,Undirected,
34,38,Undirected,
34,39,Undirected,
34,40,Undirected,
34,46,Undirected,
34,49,Undirected,
34,50,Undirected,
34,51,Undirected,
34,53,Undirected,
34,54,Undirected,
34,55,Undirected,
34,56,Undirected,
34,59,Undirected,
34,70,Undirected,
34,76,Undirected,
34,79,Undirected,
34,90,Undirected,
34,96,Undirected,
34,99,Undirected,
34,101,Undirected,
34,102,Undirected,
34,106,Undirected,
34,108,Undirected,
34,109,Undirected,
34,110,Undirected,
34,117,Undirected,
34,121,Undirected,
34,122,Undirected,
34,130,Undirected,
34,131,Undirected,
34,132,Undirected,
34,133,Undirected,
34,134,Undirected,
34,136,Undirected,
34,137,Undirected,
34,138,Undirected,
34,139,Undirected,
34,141,Undirected,
34,144,Undirected,
34,147,Undirected,
34,151,Undirected,
34,152,Undirected,
34,153,Undirected,
34,154,Undirected,
34,156,Undirected,
34,163,Undirected,
34,164,Undirected,
35,36,Undirected,
35,37,Undirected,
35,38,Undirected,
35,39,Undirected,
35,40,Undirected,
35,41,Undirected,
35,50,Undirected,
35,51,Undirected,
35,53,Undirected,
35,54,Undirected,
35,55,Undirected,
35,64,Undirected,
35,77,Undirected,
35,84,Undirected,
35,85,Undirected,
35,86,Undirected,
35,95,Undirected,
35,96,Undirected,
35,99,Undirected,
35,102,Undirected,
35,106,Undirected,
35,120,Undirected,
35,131,Undirected,
35,132,Undirected,
35,133,Undirected,
35,134,Undirected,
35,137,Undirected,
35,138,Undirected,
35,139,Undirected,
35,144,Undirected,
35,150,Undirected,
35,151,Undirected,
35,152,Undirected,
35,153,Undirected,
35,154,Undirected,
35,155,Undirected,
35,156,Undirected,
35,158,Undirected,
36,37,Undirected,
36,38,Undirected,
36,39,Undirected,
36,40,Undirected,
36,42,Undirected,
36,50,Undirected,
36,51,Undirected,
36,53,Undirected,
36,54,Undirected,
36,55,Undirected,
36,59,Undirected,
36,70,Undirected,
36,76,Undirected,
36,84,Undirected,
36,85,Undirected,
36,86,Undirected,
36,90,Undirected,
36,95,Undirected,
36,96,Undirected,
36,98,Undirected,
36,99,Undirected,
36,100,Undirected,
36,102,Undirected,
36,106,Undirected,
36,108,Undirected,
36,109,Undirected,
36,110,Undirected,
36,111,Undirected,
36,117,Undirected,
36,121,Undirected,
36,131,Undirected,
36,132,Undirected,
36,133,Undirected,
36,134,Undirected,
36,135,Undirected,
36,137,Undirected,
36,138,Undirected,
36,139,Undirected,
36,141,Undirected,
36,144,Undirected,
36,150,Undirected,
36,151,Undirected,
36,152,Undirected,
36,153,Undirected,
36,154,Undirected,
36,155,Undirected,
36,156,Undirected,
36,158,Undirected,
36,164,Undirected,
37,38,Undirected,
37,39,Undirected,
37,40,Undirected,
37,41,Undirected,
37,42,Undirected,
37,45,Undirected,
37,46,Undirected,
37,50,Undirected,
37,51,Undirected,
37,53,Undirected,
37,54,Undirected,
37,63,Undirected,
37,64,Undirected,
37,69,Undirected,
37,70,Undirected,
37,71,Undirected,
37,72,Undirected,
37,74,Undirected,
37,76,Undirected,
37,77,Undirected,
37,78,Undirected,
37,79,Undirected,
37,81,Undirected,
37,82,Undirected,
37,83,Undirected,
37,90,Undirected,
37,91,Undirected,
37,102,Undirected,
37,106,Undirected,
37,107,Undirected,
37,108,Undirected,
37,109,Undirected,
37,110,Undirected,
37,117,Undirected,
37,121,Undirected,
37,123,Undirected,
37,130,Undirected,
37,131,Undirected,
37,133,Undirected,
37,134,Undirected,
37,137,Undirected,
37,138,Undirected,
37,139,Undirected,
37,141,Undirected,
37,145,Undirected,
37,146,Undirected,
37,150,Undirected,
37,151,Undirected,
37,153,Undirected,
37,154,Undirected,
37,156,Undirected,
37,157,Undirected,
37,158,Undirected,
37,159,Undirected,
37,160,Undirected,
37,162,Undirected,
37,163,Undirected,
37,164,Undirected,
38,39,Undirected,
38,40,Undirected,
38,42,Undirected,
38,45,Undirected,
38,46,Undirected,
38,50,Undirected,
38,51,Undirected,
38,53,Undirected,
38,54,Undirected,
38,56,Undirected,
38,58,Undirected,
38,59,Undirected,
38,74,Undirected,
38,75,Undirected,
38,78,Undirected,
38,79,Undirected,
38,81,Undirected,
38,82,Undirected,
38,83,Undirected,
38,90,Undirected,
38,91,Undirected,
38,102,Undirected,
38,114,Undirected,
38,127,Undirected,
38,131,Undirected,
38,132,Undirected,
38,133,Undirected,
38,134,Undirected,
38,135,Undirected,
38,136,Undirected,
38,137,Undirected,
38,138,Undirected,
38,139,Undirected,
38,140,Undirected,
38,141,Undirected,
38,142,Undirected,
38,143,Undirected,
38,145,Undirected,
38,146,Undirected,
38,147,Undirected,
38,149,Undirected,
38,150,Undirected,
38,151,Undirected,
38,153,Undirected,
38,154,Undirected,
38,156,Undirected,
38,157,Undirected,
38,158,Undirected,
38,159,Undirected,
39,40,Undirected,
39,41,Undirected,
39,42,Undirected,
39,45,Undirected,
39,46,Undirected,
39,50,Undirected,
39,53,Undirected,
39,54,Undirected,
39,63,Undirected,
39,71,Undirected,
39,74,Undirected,
39,75,Undirected,
39,76,Undirected,
39,78,Undirected,
39,79,Undirected,
39,80,Undirected,
39,81,Undirected,
39,82,Undirected,
39,83,Undirected,
39,90,Undirected,
39,91,Undirected,
39,92,Undirected,
39,93,Undirected,
39,98,Undirected,
39,102,Undirected,
39,104,Undirected,
39,106,Undirected,
39,107,Undirected,
39,109,Undirected,
39,110,Undirected,
39,130,Undirected,
39,131,Undirected,
39,133,Undirected,
39,137,Undirected,
39,138,Undirected,
39,141,Undirected,
39,146,Undirected,
39,150,Undirected,
39,153,Undirected,
39,154,Undirected,
39,156,Undirected,
39,157,Undirected,
39,158,Undirected,
39,160,Undirected,
39,161,Undirected,
39,162,Undirected,
39,163,Undirected,
40,41,Undirected,
40,42,Undirected,
40,45,Undirected,
40,46,Undirected,
40,47,Undirected,
40,50,Undirected,
40,53,Undirected,
40,54,Undirected,
40,58,Undirected,
40,59,Undirected,
40,63,Undirected,
40,66,Undirected,
40,67,Undirected,
40,70,Undirected,
40,71,Undirected,
40,72,Undirected,
40,73,Undirected,
40,74,Undirected,
40,75,Undirected,
40,79,Undirected,
40,81,Undirected,
40,82,Undirected,
40,83,Undirected,
40,88,Undirected,
40,89,Undirected,
40,90,Undirected,
40,91,Undirected,
40,98,Undirected,
40,102,Undirected,
40,105,Undirected,
40,106,Undirected,
40,109,Undirected,
40,110,Undirected,
40,117,Undirected,
40,127,Undirected,
40,130,Undirected,
40,131,Undirected,
40,132,Undirected,
40,133,Undirected,
40,137,Undirected,
40,138,Undirected,
40,139,Undirected,
40,140,Undirected,
40,141,Undirected,
40,142,Undirected,
40,143,Undirected,
40,149,Undirected,
40,150,Undirected,
40,151,Undirected,
40,153,Undirected,
40,154,Undirected,
40,156,Undirected,
40,157,Undirected,
40,158,Undirected,
40,159,Undirected,
40,160,Undirected,
40,161,Undirected,
40,162,Undirected,
40,164,Undirected,
41,42,Undirected,
41,43,Undirected,
41,44,Undirected,
41,51,Undirected,
41,56,Undirected,
41,57,Undirected,
41,59,Undirected,
41,60,Undirected,
41,63,Undirected,
41,74,Undirected,
41,80,Undirected,
41,82,Undirected,
41,90,Undirected,
41,92,Undirected,
41,100,Undirected,
41,107,Undirected,
41,109,Undirected,
41,110,Undirected,
41,122,Undirected,
41,131,Undirected,
41,134,Undirected,
41,135,Undirected,
41,136,Undirected,
41,141,Undirected,
41,145,Undirected,
41,147,Undirected,
41,150,Undirected,
41,152,Undirected,
41,154,Undirected,
41,156,Undirected,
41,158,Undirected,
41,160,Undirected,
41,161,Undirected,
41,162,Undirected,
42,44,Undirected,
42,49,Undirected,
42,51,Undirected,
42,53,Undirected,
42,62,Undirected,
42,71,Undirected,
42,78,Undirected,
42,90,Undirected,
42,102,Undirected,
42,109,Undirected,
42,110,Undirected,
42,117,Undirected,
42,130,Undirected,
42,131,Undirected,
42,134,Undirected,
42,141,Undirected,
42,144,Undirected,
42,150,Undirected,
42,153,Undirected,
42,156,Undirected,
42,157,Undirected,
42,158,Undirected,
42,159,Undirected,
42,160,Undirected,
42,161,Undirected,
42,162,Undirected,
42,164,Undirected,
43,44,Undirected,
43,45,Undirected,
43,46,Undirected,
43,47,Undirected,
43,49,Undirected,
43,52,Undirected,
43,54,Undirected,
43,55,Undirected,
43,57,Undirected,
43,58,Undirected,
43,59,Undirected,
43,60,Undirected,
43,61,Undirected,
43,65,Undirected,
43,66,Undirected,
43,67,Undirected,
43,68,Undirected,
43,70,Undirected,
43,71,Undirected,
43,72,Undirected,
43,73,Undirected,
43,74,Undirected,
43,75,Undirected,
43,76,Undirected,
43,77,Undirected,
43,79,Undirected,
43,88,Undirected,
43,89,Undirected,
43,90,Undirected,
43,91,Undirected,
43,119,Undirected,
43,124,Undirected,
43,134,Undirected,
43,135,Undirected,
43,136,Undirected,
43,140,Undirected,
43,141,Undirected,
43,142,Undirected,
43,143,Undirected,
43,144,Undirected,
43,145,Undirected,
43,146,Undirected,
43,147,Undirected,
43,152,Undirected,
43,154,Undirected,
43,157,Undirected,
43,159,Undirected,
43,162,Undirected,
44,45,Undirected,
44,46,Undirected,
44,49,Undirected,
44,51,Undirected,
44,52,Undirected,
44,55,Undirected,
44,56,Undirected,
44,57,Undirected,
44,59,Undirected,
44,60,Undirected,
44,61,Undirected,
44,64,Undirected,
44,65,Undirected,
44,67,Undirected,
44,68,Undirected,
44,69,Undirected,
44,70,Undirected,
44,71,Undirected,
44,72,Undirected,
44,73,Undirected,
44,74,Undirected,
44,75,Undirected,
44,76,Undirected,
44,77,Undirected,
44,91,Undirected,
44,119,Undirected,
44,124,Undirected,
44,134,Undirected,
44,135,Undirected,
44,136,Undirected,
44,140,Undirected,
44,141,Undirected,
44,142,Undirected,
44,143,Undirected,
44,144,Undirected,
44,145,Undirected,
44,146,Undirected,
44,147,Undirected,
44,148,Undirected,
44,156,Undirected,
45,46,Undirected,
45,47,Undirected,
45,49,Undirected,
45,52,Undirected,
45,55,Undirected,
45,58,Undirected,
45,59,Undirected,
45,60,Undirected,
45,63,Undirected,
45,66,Undirected,
45,67,Undirected,
45,68,Undirected,
45,69,Undirected,
45,70,Undirected,
45,71,Undirected,
45,72,Undirected,
45,73,Undirected,
45,74,Undirected,
45,75,Undirected,
45,79,Undirected,
45,81,Undirected,
45,83,Undirected,
45,85,Undirected,
45,88,Undirected,
45,90,Undirected,
45,91,Undirected,
45,92,Undirected,
45,93,Undirected,
45,106,Undirected,
45,108,Undirected,
45,109,Undirected,
45,110,Undirected,
45,114,Undirected,
45,117,Undirected,
45,125,Undirected,
45,127,Undirected,
45,130,Undirected,
45,131,Undirected,
45,132,Undirected,
45,134,Undirected,
45,135,Undirected,
45,140,Undirected,
45,141,Undirected,
45,142,Undirected,
45,143,Undirected,
45,144,Undirected,
45,145,Undirected,
45,146,Undirected,
45,150,Undirected,
45,152,Undirected,
45,155,Undirected,
45,156,Undirected,
45,157,Undirected,
45,158,Undirected,
45,159,Undirected,
45,164,Undirected,
46,47,Undirected,
46,49,Undirected,
46,50,Undirected,
46,51,Undirected,
46,52,Undirected,
46,55,Undirected,
46,57,Undirected,
46,58,Undirected,
46,59,Undirected,
46,60,Undirected,
46,63,Undirected,
46,65,Undirected,
46,66,Undirected,
46,67,Undirected,
46,68,Undirected,
46,69,Undirected,
46,70,Undirected,
46,71,Undirected,
46,72,Undirected,
46,73,Undirected,
46,74,Undirected,
46,75,Undirected,
46,76,Undirected,
46,77,Undirected,
46,79,Undirected,
46,81,Undirected,
46,82,Undirected,
46,83,Undirected,
46,88,Undirected,
46,89,Undirected,
46,90,Undirected,
46,91,Undirected,
46,106,Undirected,
46,107,Undirected,
46,108,Undirected,
46,110,Undirected,
46,114,Undirected,
46,117,Undirected,
46,119,Undirected,
46,121,Undirected,
46,124,Undirected,
46,127,Undirected,
46,130,Undirected,
46,131,Undirected,
46,132,Undirected,
46,134,Undirected,
46,135,Undirected,
46,136,Undirected,
46,137,Undirected,
46,140,Undirected,
46,141,Undirected,
46,142,Undirected,
46,143,Undirected,
46,144,Undirected,
46,145,Undirected,
46,146,Undirected,
46,148,Undirected,
46,150,Undirected,
46,156,Undirected,
46,157,Undirected,
46,158,Undirected,
46,159,Undirected,
46,164,Undirected,
47,48,Undirected,
47,55,Undirected,
47,58,Undirected,
47,59,Undirected,
47,66,Undirected,
47,67,Undirected,
47,72,Undirected,
47,73,Undirected,
47,74,Undirected,
47,75,Undirected,
47,84,Undirected,
47,85,Undirected,
47,87,Undirected,
47,88,Undirected,
47,89,Undirected,
47,90,Undirected,
47,91,Undirected,
47,105,Undirected,
47,112,Undirected,
47,129,Undirected,
47,140,Undirected,
47,141,Undirected,
47,142,Undirected,
47,143,Undirected,
47,146,Undirected,
47,147,Undirected,
47,148,Undirected,
47,152,Undirected,
47,156,Undirected,
48,58,Undirected,
48,59,Undirected,
48,61,Undirected,
48,66,Undirected,
48,67,Undirected,
48,72,Undirected,
48,73,Undirected,
48,74,Undirected,
48,75,Undirected,
48,85,Undirected,
48,88,Undirected,
48,89,Undirected,
48,91,Undirected,
48,105,Undirected,
48,108,Undirected,
48,111,Undirected,
48,112,Undirected,
48,129,Undirected,
48,140,Undirected,
48,142,Undirected,
48,143,Undirected,
48,146,Undirected,
48,147,Undirected,
49,50,Undirected,
49,51,Undirected,
49,52,Undirected,
49,53,Undirected,
49,55,Undirected,
49,58,Undirected,
49,59,Undirected,
49,60,Undirected,
49,61,Undirected,
49,66,Undirected,
49,67,Undirected,
49,68,Undirected,
49,69,Undirected,
49,70,Undirected,
49,72,Undirected,
49,73,Undirected,
49,74,Undirected,
49,75,Undirected,
49,90,Undirected,
49,91,Undirected,
49,92,Undirected,
49,93,Undirected,
49,104,Undirected,
49,105,Undirected,
49,106,Undirected,
49,107,Undirected,
49,108,Undirected,
49,119,Undirected,
49,121,Undirected,
49,131,Undirected,
49,134,Undirected,
49,135,Undirected,
49,137,Undirected,
49,139,Undirected,
49,140,Undirected,
49,141,Undirected,
49,142,Undirected,
49,143,Undirected,
49,144,Undirected,
49,145,Undirected,
49,147,Undirected,
49,148,Undirected,
49,162,Undirected,
49,164,Undirected,
50,51,Undirected,
50,56,Undirected,
50,57,Undirected,
50,59,Undirected,
50,60,Undirected,
50,73,Undirected,
50,74,Undirected,
50,86,Undirected,
50,90,Undirected,
50,91,Undirected,
50,95,Undirected,
50,102,Undirected,
50,121,Undirected,
50,124,Undirected,
50,131,Undirected,
50,132,Undirected,
50,133,Undirected,
50,134,Undirected,
50,135,Undirected,
50,136,Undirected,
50,137,Undirected,
50,138,Undirected,
50,139,Undirected,
50,141,Undirected,
50,147,Undirected,
50,148,Undirected,
50,150,Undirected,
50,151,Undirected,
50,152,Undirected,
50,153,Undirected,
50,154,Undirected,
50,155,Undirected,
50,156,Undirected,
50,159,Undirected,
50,164,Undirected,
51,52,Undirected,
51,56,Undirected,
51,57,Undirected,
51,58,Undirected,
51,59,Undirected,
51,60,Undirected,
51,61,Undirected,
51,66,Undirected,
51,67,Undirected,
51,72,Undirected,
51,73,Undirected,
51,94,Undirected,
51,95,Undirected,
51,96,Undirected,
51,133,Undirected,
51,134,Undirected,
51,135,Undirected,
51,136,Undirected,
51,137,Undirected,
51,138,Undirected,
51,139,Undirected,
51,140,Undirected,
51,142,Undirected,
51,147,Undirected,
51,151,Undirected,
51,152,Undirected,
51,153,Undirected,
51,154,Undirected,
51,155,Undirected,
51,162,Undirected,
52,58,Undirected,
52,59,Undirected,
52,60,Undirected,
52,61,Undirected,
52,62,Undirected,
52,64,Undirected,
52,67,Undirected,
52,68,Undirected,
52,69,Undirected,
52,70,Undirected,
52,72,Undirected,
52,75,Undirected,
52,78,Undirected,
52,82,Undirected,
52,83,Undirected,
52,84,Undirected,
52,85,Undirected,
52,86,Undirected,
52,90,Undirected,
52,91,Undirected,
52,102,Undirected,
52,104,Undirected,
52,105,Undirected,
52,106,Undirected,
52,107,Undirected,
52,108,Undirected,
52,115,Undirected,
52,116,Undirected,
52,119,Undirected,
52,120,Undirected,
52,134,Undirected,
52,135,Undirected,
52,140,Undirected,
52,141,Undirected,
52,142,Undirected,
52,143,Undirected,
52,147,Undirected,
52,162,Undirected,
53,54,Undirected,
53,55,Undirected,
53,56,Undirected,
53,61,Undirected,
53,78,Undirected,
53,79,Undirected,
53,81,Undirected,
53,82,Undirected,
53,83,Undirected,
53,98,Undirected,
53,102,Undirected,
53,104,Undirected,
53,111,Undirected,
53,112,Undirected,
53,133,Undirected,
53,137,Undirected,
53,138,Undirected,
53,139,Undirected,
53,144,Undirected,
53,148,Undirected,
53,150,Undirected,
53,152,Undirected,
53,153,Undirected,
53,154,Undirected,
53,157,Undirected,
53,161,Undirected,
54,55,Undirected,
54,62,Undirected,
54,66,Undirected,
54,67,Undirected,
54,68,Undirected,
54,72,Undirected,
54,73,Undirected,
54,75,Undirected,
54,76,Undirected,
54,77,Undirected,
54,88,Undirected,
54,89,Undirected,
54,102,Undirected,
54,108,Undirected,
54,109,Undirected,
54,110,Undirected,
54,111,Undirected,
54,133,Undirected,
54,137,Undirected,
54,138,Undirected,
54,139,Undirected,
54,140,Undirected,
54,142,Undirected,
54,144,Undirected,
54,152,Undirected,
54,153,Undirected,
54,154,Undirected,
54,161,Undirected,
54,164,Undirected,
55,56,Undirected,
55,58,Undirected,
55,66,Undirected,
55,67,Undirected,
55,68,Undirected,
55,72,Undirected,
55,73,Undirected,
55,74,Undirected,
55,75,Undirected,
55,76,Undirected,
55,77,Undirected,
55,78,Undirected,
55,80,Undirected,
55,84,Undirected,
55,85,Undirected,
55,87,Undirected,
55,88,Undirected,
55,89,Undirected,
55,90,Undirected,
55,91,Undirected,
55,103,Undirected,
55,107,Undirected,
55,111,Undirected,
55,112,Undirected,
55,135,Undirected,
55,139,Undirected,
55,140,Undirected,
55,141,Undirected,
55,142,Undirected,
55,143,Undirected,
55,144,Undirected,
55,145,Undirected,
55,146,Undirected,
55,148,Undirected,
55,152,Undirected,
55,153,Undirected,
55,154,Undirected,
55,155,Undirected,
55,157,Undirected,
56,57,Undirected,
56,59,Undirected,
56,61,Undirected,
56,80,Undirected,
56,82,Undirected,
56,87,Undirected,
56,90,Undirected,
56,105,Undirected,
56,107,Undirected,
56,116,Undirected,
56,132,Undirected,
56,133,Undirected,
56,134,Undirected,
56,136,Undirected,
56,147,Undirected,
56,152,Undirected,
56,159,Undirected,
56,160,Undirected,
57,58,Undirected,
57,59,Undirected,
57,65,Undirected,
57,66,Undirected,
57,67,Undirected,
57,70,Undirected,
57,71,Undirected,
57,72,Undirected,
57,73,Undirected,
57,75,Undirected,
57,77,Undirected,
57,80,Undirected,
57,86,Undirected,
57,88,Undirected,
57,107,Undirected,
57,116,Undirected,
57,129,Undirected,
57,132,Undirected,
57,133,Undirected,
57,134,Undirected,
57,135,Undirected,
57,136,Undirected,
57,140,Undirected,
57,142,Undirected,
57,145,Undirected,
57,146,Undirected,
57,147,Undirected,
57,155,Undirected,
57,159,Undirected,
57,160,Undirected,
57,162,Undirected,
58,59,Undirected,
58,60,Undirected,
58,61,Undirected,
58,66,Undirected,
58,67,Undirected,
58,72,Undirected,
58,73,Undirected,
58,74,Undirected,
58,75,Undirected,
58,79,Undirected,
58,81,Undirected,
58,88,Undirected,
58,89,Undirected,
58,90,Undirected,
58,91,Undirected,
58,113,Undirected,
58,114,Undirected,
58,127,Undirected,
58,132,Undirected,
58,135,Undirected,
58,140,Undirected,
58,141,Undirected,
58,142,Undirected,
58,143,Undirected,
58,144,Undirected,
58,145,Undirected,
58,147,Undirected,
58,149,Undirected,
58,152,Undirected,
58,156,Undirected,
58,158,Undirected,
59,60,Undirected,
59,64,Undirected,
59,65,Undirected,
59,66,Undirected,
59,67,Undirected,
59,70,Undirected,
59,72,Undirected,
59,73,Undirected,
59,74,Undirected,
59,75,Undirected,
59,79,Undirected,
59,81,Undirected,
59,88,Undirected,
59,89,Undirected,
59,90,Undirected,
59,91,Undirected,
59,127,Undirected,
59,132,Undirected,
59,133,Undirected,
59,134,Undirected,
59,135,Undirected,
59,136,Undirected,
59,137,Undirected,
59,139,Undirected,
59,140,Undirected,
59,141,Undirected,
59,142,Undirected,
59,143,Undirected,
59,145,Undirected,
59,146,Undirected,
59,147,Undirected,
59,149,Undirected,
59,151,Undirected,
59,153,Undirected,
59,156,Undirected,
59,159,Undirected,
60,61,Undirected,
60,62,Undirected,
60,64,Undirected,
60,65,Undirected,
60,66,Undirected,
60,67,Undirected,
60,68,Undirected,
60,70,Undirected,
60,72,Undirected,
60,75,Undirected,
60,82,Undirected,
60,83,Undirected,
60,84,Undirected,
60,86,Undirected,
60,90,Undirected,
60,91,Undirected,
60,100,Undirected,
60,104,Undirected,
60,105,Undirected,
60,119,Undirected,
60,123,Undirected,
60,124,Undirected,
60,134,Undirected,
60,135,Undirected,
60,139,Undirected,
60,140,Undirected,
60,142,Undirected,
60,143,Undirected,
60,151,Undirected,
60,160,Undirected,
60,162,Undirected,
61,62,Undirected,
61,64,Undirected,
61,66,Undirected,
61,68,Undirected,
61,72,Undirected,
61,82,Undirected,
61,83,Undirected,
61,84,Undirected,
61,90,Undirected,
61,91,Undirected,
61,96,Undirected,
61,97,Undirected,
61,102,Undirected,
61,104,Undirected,
61,105,Undirected,
61,107,Undirected,
61,114,Undirected,
61,116,Undirected,
61,119,Undirected,
61,135,Undirected,
61,140,Undirected,
61,143,Undirected,
61,144,Undirected,
61,147,Undirected,
61,148,Undirected,
61,159,Undirected,
61,160,Undirected,
62,63,Undirected,
62,64,Undirected,
62,68,Undirected,
62,69,Undirected,
62,70,Undirected,
62,71,Undirected,
62,72,Undirected,
62,73,Undirected,
62,74,Undirected,
62,94,Undirected,
62,100,Undirected,
62,101,Undirected,
62,104,Undirected,
62,105,Undirected,
62,106,Undirected,
62,107,Undirected,
62,111,Undirected,
62,112,Undirected,
62,113,Undirected,
62,114,Undirected,
62,115,Undirected,
62,116,Undirected,
62,118,Undirected,
62,119,Undirected,
62,120,Undirected,
62,123,Undirected,
62,126,Undirected,
62,128,Undirected,
62,129,Undirected,
62,163,Undirected,
63,64,Undirected,
63,69,Undirected,
63,70,Undirected,
63,71,Undirected,
63,72,Undirected,
63,73,Undirected,
63,74,Undirected,
63,75,Undirected,
63,79,Undirected,
63,81,Undirected,
63,82,Undirected,
63,83,Undirected,
63,90,Undirected,
63,91,Undirected,
63,92,Undirected,
63,94,Undirected,
63,98,Undirected,
63,99,Undirected,
63,106,Undirected,
63,107,Undirected,
63,108,Undirected,
63,109,Undirected,
63,110,Undirected,
63,113,Undirected,
63,115,Undirected,
63,116,Undirected,
63,128,Undirected,
63,129,Undirected,
63,130,Undirected,
63,131,Undirected,
63,132,Undirected,
63,137,Undirected,
63,138,Undirected,
63,141,Undirected,
63,143,Undirected,
63,146,Undirected,
63,150,Undirected,
63,155,Undirected,
63,157,Undirected,
63,158,Undirected,
63,160,Undirected,
63,161,Undirected,
63,162,Undirected,
63,163,Undirected,
63,164,Undirected,
64,65,Undirected,
64,68,Undirected,
64,69,Undirected,
64,70,Undirected,
64,72,Undirected,
64,81,Undirected,
64,92,Undirected,
64,93,Undirected,
64,100,Undirected,
64,104,Undirected,
64,105,Undirected,
64,106,Undirected,
64,111,Undirected,
64,115,Undirected,
64,119,Undirected,
64,120,Undirected,
64,126,Undirected,
64,131,Undirected,
64,134,Undirected,
64,135,Undirected,
64,150,Undirected,
64,154,Undirected,
64,157,Undirected,
65,66,Undirected,
65,67,Undirected,
65,69,Undirected,
65,70,Undirected,
65,71,Undirected,
65,72,Undirected,
65,73,Undirected,
65,75,Undirected,
65,76,Undirected,
65,77,Undirected,
65,82,Undirected,
65,83,Undirected,
65,99,Undirected,
65,100,Undirected,
65,103,Undirected,
65,104,Undirected,
65,111,Undirected,
65,120,Undirected,
65,121,Undirected,
65,122,Undirected,
65,123,Undirected,
65,126,Undirected,
65,134,Undirected,
65,135,Undirected,
65,136,Undirected,
65,142,Undirected,
65,143,Undirected,
65,145,Undirected,
65,146,Undirected,
66,67,Undirected,
66,72,Undirected,
66,73,Undirected,
66,74,Undirected,
66,75,Undirected,
66,76,Undirected,
66,77,Undirected,
66,79,Undirected,
66,88,Undirected,
66,89,Undirected,
66,91,Undirected,
66,108,Undirected,
66,111,Undirected,
66,112,Undirected,
66,135,Undirected,
66,136,Undirected,
66,140,Undirected,
66,141,Undirected,
66,142,Undirected,
66,143,Undirected,
66,144,Undirected,
66,145,Undirected,
66,146,Undirected,
66,147,Undirected,
66,148,Undirected,
66,159,Undirected,
67,69,Undirected,
67,70,Undirected,
67,71,Undirected,
67,72,Undirected,
67,73,Undirected,
67,74,Undirected,
67,75,Undirected,
67,76,Undirected,
67,77,Undirected,
67,79,Undirected,
67,81,Undirected,
67,84,Undirected,
67,85,Undirected,
67,88,Undirected,
67,89,Undirected,
67,90,Undirected,
67,91,Undirected,
67,111,Undirected,
67,112,Undirected,
67,135,Undirected,
67,136,Undirected,
67,140,Undirected,
67,141,Undirected,
67,142,Undirected,
67,143,Undirected,
67,144,Undirected,
67,145,Undirected,
67,146,Undirected,
67,147,Undirected,
67,148,Undirected,
67,152,Undirected,
67,156,Undirected,
67,159,Undirected,
68,69,Undirected,
68,70,Undirected,
68,72,Undirected,
68,73,Undirected,
68,74,Undirected,
68,75,Undirected,
68,90,Undirected,
68,91,Undirected,
68,97,Undirected,
68,100,Undirected,
68,103,Undirected,
68,106,Undirected,
68,107,Undirected,
68,117,Undirected,
68,118,Undirected,
68,119,Undirected,
68,120,Undirected,
68,121,Undirected,
68,122,Undirected,
68,123,Undirected,
68,124,Undirected,
68,127,Undirected,
68,130,Undirected,
68,131,Undirected,
68,135,Undirected,
68,140,Undirected,
68,141,Undirected,
68,142,Undirected,
68,143,Undirected,
68,145,Undirected,
68,157,Undirected,
69,70,Undirected,
69,71,Undirected,
69,72,Undirected,
69,73,Undirected,
69,74,Undirected,
69,75,Undirected,
69,77,Undirected,
69,79,Undirected,
69,94,Undirected,
69,100,Undirected,
69,101,Undirected,
69,104,Undirected,
69,105,Undirected,
69,106,Undirected,
69,107,Undirected,
69,108,Undirected,
69,109,Undirected,
69,110,Undirected,
69,111,Undirected,
69,113,Undirected,
69,115,Undirected,
69,116,Undirected,
69,117,Undirected,
69,118,Undirected,
69,119,Undirected,
69,120,Undirected,
69,121,Undirected,
69,122,Undirected,
69,123,Undirected,
69,124,Undirected,
69,125,Undirected,
69,128,Undirected,
69,129,Undirected,
69,130,Undirected,
69,131,Undirected,
69,134,Undirected,
69,137,Undirected,
69,141,Undirected,
69,145,Undirected,
69,146,Undirected,
69,150,Undirected,
69,157,Undirected,
69,159,Undirected,
69,163,Undirected,
69,164,Undirected,
70,71,Undirected,
70,72,Undirected,
70,73,Undirected,
70,74,Undirected,
70,75,Undirected,
70,79,Undirected,
70,80,Undirected,
70,86,Undirected,
70,90,Undirected,
70,91,Undirected,
70,103,Undirected,
70,104,Undirected,
70,105,Undirected,
70,106,Undirected,
70,107,Undirected,
70,108,Undirected,
70,109,Undirected,
70,110,Undirected,
70,113,Undirected,
70,115,Undirected,
70,116,Undirected,
70,117,Undirected,
70,118,Undirected,
70,119,Undirected,
70,120,Undirected,
70,121,Undirected,
70,122,Undirected,
70,123,Undirected,
70,124,Undirected,
70,128,Undirected,
70,129,Undirected,
70,130,Undirected,
70,131,Undirected,
70,132,Undirected,
70,134,Undirected,
70,135,Undirected,
70,136,Undirected,
70,137,Undirected,
70,138,Undirected,
70,140,Undirected,
70,141,Undirected,
70,142,Undirected,
70,143,Undirected,
70,150,Undirected,
70,153,Undirected,
70,156,Undirected,
70,157,Undirected,
70,158,Undirected,
70,159,Undirected,
70,160,Undirected,
70,163,Undirected,
70,164,Undirected,
71,72,Undirected,
71,73,Undirected,
71,74,Undirected,
71,75,Undirected,
71,77,Undirected,
71,78,Undirected,
71,79,Undirected,
71,82,Undirected,
71,83,Undirected,
71,90,Undirected,
71,91,Undirected,
71,106,Undirected,
71,107,Undirected,
71,108,Undirected,
71,109,Undirected,
71,110,Undirected,
71,117,Undirected,
71,119,Undirected,
71,121,Undirected,
71,122,Undirected,
71,123,Undirected,
71,125,Undirected,
71,126,Undirected,
71,129,Undirected,
71,130,Undirected,
71,131,Undirected,
71,132,Undirected,
71,136,Undirected,
71,137,Undirected,
71,138,Undirected,
71,141,Undirected,
71,142,Undirected,
71,143,Undirected,
71,145,Undirected,
71,146,Undirected,
71,150,Undirected,
71,157,Undirected,
71,158,Undirected,
71,159,Undirected,
71,160,Undirected,
71,163,Undirected,
71,164,Undirected,
72,73,Undirected,
72,74,Undirected,
72,75,Undirected,
72,76,Undirected,
72,77,Undirected,
72,79,Undirected,
72,81,Undirected,
72,88,Undirected,
72,89,Undirected,
72,90,Undirected,
72,91,Undirected,
72,93,Undirected,
72,98,Undirected,
72,104,Undirected,
72,105,Undirected,
72,106,Undirected,
72,107,Undirected,
72,112,Undirected,
72,113,Undirected,
72,114,Undirected,
72,115,Undirected,
72,116,Undirected,
72,118,Undirected,
72,119,Undirected,
72,124,Undirected,
72,128,Undirected,
72,129,Undirected,
72,130,Undirected,
72,131,Undirected,
72,132,Undirected,
72,134,Undirected,
72,135,Undirected,
72,138,Undirected,
72,140,Undirected,
72,141,Undirected,
72,142,Undirected,
72,143,Undirected,
72,144,Undirected,
72,145,Undirected,
72,146,Undirected,
72,151,Undirected,
72,152,Undirected,
72,156,Undirected,
72,157,Undirected,
72,158,Undirected,
72,159,Undirected,
72,163,Undirected,
73,74,Undirected,
73,75,Undirected,
73,76,Undirected,
73,77,Undirected,
73,79,Undirected,
73,82,Undirected,
73,83,Undirected,
73,88,Undirected,
73,89,Undirected,
73,90,Undirected,
73,91,Undirected,
73,106,Undirected,
73,107,Undirected,
73,108,Undirected,
73,109,Undirected,
73,110,Undirected,
73,111,Undirected,
73,112,Undirected,
73,115,Undirected,
73,117,Undirected,
73,118,Undirected,
73,125,Undirected,
73,128,Undirected,
73,129,Undirected,
73,130,Undirected,
73,131,Undirected,
73,132,Undirected,
73,135,Undirected,
73,137,Undirected,
73,138,Undirected,
73,140,Undirected,
73,141,Undirected,
73,142,Undirected,
73,143,Undirected,
73,144,Undirected,
73,145,Undirected,
73,146,Undirected,
73,148,Undirected,
73,152,Undirected,
73,156,Undirected,
73,157,Undirected,
73,158,Undirected,
73,159,Undirected,
73,163,Undirected,
73,164,Undirected,
74,75,Undirected,
74,76,Undirected,
74,77,Undirected,
74,78,Undirected,
74,79,Undirected,
74,81,Undirected,
74,82,Undirected,
74,83,Undirected,
74,88,Undirected,
74,89,Undirected,
74,90,Undirected,
74,91,Undirected,
74,92,Undirected,
74,93,Undirected,
74,98,Undirected,
74,106,Undirected,
74,107,Undirected,
74,110,Undirected,
74,127,Undirected,
74,129,Undirected,
74,130,Undirected,
74,131,Undirected,
74,132,Undirected,
74,134,Undirected,
74,135,Undirected,
74,137,Undirected,
74,140,Undirected,
74,141,Undirected,
74,142,Undirected,
74,143,Undirected,
74,145,Undirected,
74,146,Undirected,
74,148,Undirected,
74,150,Undirected,
74,152,Undirected,
74,155,Undirected,
74,156,Undirected,
74,157,Undirected,
74,158,Undirected,
74,159,Undirected,
74,162,Undirected,
74,164,Undirected,
75,76,Undirected,
75,77,Undirected,
75,78,Undirected,
75,79,Undirected,
75,81,Undirected,
75,82,Undirected,
75,83,Undirected,
75,85,Undirected,
75,88,Undirected,
75,89,Undirected,
75,90,Undirected,
75,91,Undirected,
75,93,Undirected,
75,106,Undirected,
75,107,Undirected,
75,111,Undirected,
75,112,Undirected,
75,117,Undirected,
75,129,Undirected,
75,130,Undirected,
75,131,Undirected,
75,132,Undirected,
75,134,Undirected,
75,135,Undirected,
75,137,Undirected,
75,140,Undirected,
75,141,Undirected,
75,142,Undirected,
75,143,Undirected,
75,144,Undirected,
75,145,Undirected,
75,146,Undirected,
75,147,Undirected,
75,148,Undirected,
75,150,Undirected,
75,152,Undirected,
75,156,Undirected,
75,157,Undirected,
75,158,Undirected,
75,159,Undirected,
76,77,Undirected,
76,78,Undirected,
76,79,Undirected,
76,81,Undirected,
76,100,Undirected,
76,107,Undirected,
76,111,Undirected,
76,125,Undirected,
76,139,Undirected,
76,142,Undirected,
76,144,Undirected,
76,145,Undirected,
76,146,Undirected,
76,147,Undirected,
76,148,Undirected,
76,149,Undirected,
76,150,Undirected,
76,152,Undirected,
76,153,Undirected,
76,159,Undirected,
76,163,Undirected,
77,78,Undirected,
77,79,Undirected,
77,81,Undirected,
77,89,Undirected,
77,100,Undirected,
77,136,Undirected,
77,140,Undirected,
77,142,Undirected,
77,143,Undirected,
77,145,Undirected,
77,146,Undirected,
77,149,Undirected,
77,150,Undirected,
77,152,Undirected,
77,157,Undirected,
77,159,Undirected,
77,160,Undirected,
78,79,Undirected,
78,80,Undirected,
78,81,Undirected,
78,82,Undirected,
78,83,Undirected,
78,84,Undirected,
78,85,Undirected,
78,86,Undirected,
78,87,Undirected,
78,96,Undirected,
78,97,Undirected,
78,102,Undirected,
78,114,Undirected,
78,126,Undirected,
78,130,Undirected,
78,137,Undirected,
78,138,Undirected,
78,145,Undirected,
78,146,Undirected,
78,150,Undirected,
78,155,Undirected,
78,157,Undirected,
78,160,Undirected,
78,161,Undirected,
78,162,Undirected,
79,80,Undirected,
79,81,Undirected,
79,83,Undirected,
79,87,Undirected,
79,90,Undirected,
79,91,Undirected,
79,93,Undirected,
79,98,Undirected,
79,102,Undirected,
79,106,Undirected,
79,107,Undirected,
79,109,Undirected,
79,110,Undirected,
79,117,Undirected,
79,129,Undirected,
79,130,Undirected,
79,131,Undirected,
79,132,Undirected,
79,137,Undirected,
79,138,Undirected,
79,140,Undirected,
79,141,Undirected,
79,142,Undirected,
79,143,Undirected,
79,145,Undirected,
79,146,Undirected,
79,150,Undirected,
79,153,Undirected,
79,154,Undirected,
79,157,Undirected,
79,159,Undirected,
79,163,Undirected,
79,164,Undirected,
80,81,Undirected,
80,82,Undirected,
80,83,Undirected,
80,84,Undirected,
80,86,Undirected,
80,87,Undirected,
80,92,Undirected,
80,93,Undirected,
80,95,Undirected,
80,101,Undirected,
80,121,Undirected,
80,122,Undirected,
80,123,Undirected,
80,124,Undirected,
80,135,Undirected,
80,136,Undirected,
80,150,Undirected,
80,155,Undirected,
80,159,Undirected,
80,160,Undirected,
80,161,Undirected,
80,162,Undirected,
81,82,Undirected,
81,83,Undirected,
81,87,Undirected,
81,91,Undirected,
81,92,Undirected,
81,93,Undirected,
81,98,Undirected,
81,122,Undirected,
81,131,Undirected,
81,132,Undirected,
81,137,Undirected,
81,138,Undirected,
81,140,Undirected,
81,141,Undirected,
81,142,Undirected,
81,143,Undirected,
81,145,Undirected,
81,149,Undirected,
81,150,Undirected,
81,157,Undirected,
81,161,Undirected,
81,162,Undirected,
82,83,Undirected,
82,84,Undirected,
82,86,Undirected,
82,92,Undirected,
82,93,Undirected,
82,98,Undirected,
82,99,Undirected,
82,100,Undirected,
82,102,Undirected,
82,104,Undirected,
82,105,Undirected,
82,111,Undirected,
82,112,Undirected,
82,114,Undirected,
82,119,Undirected,
82,125,Undirected,
82,131,Undirected,
82,132,Undirected,
82,141,Undirected,
82,146,Undirected,
82,149,Undirected,
82,150,Undirected,
82,157,Undirected,
82,158,Undirected,
82,160,Undirected,
82,161,Undirected,
82,162,Undirected,
83,84,Undirected,
83,85,Undirected,
83,87,Undirected,
83,90,Undirected,
83,91,Undirected,
83,97,Undirected,
83,102,Undirected,
83,104,Undirected,
83,105,Undirected,
83,108,Undirected,
83,109,Undirected,
83,110,Undirected,
83,114,Undirected,
83,117,Undirected,
83,127,Undirected,
83,130,Undirected,
83,131,Undirected,
83,132,Undirected,
83,137,Undirected,
83,138,Undirected,
83,141,Undirected,
83,143,Undirected,
83,144,Undirected,
83,146,Undirected,
83,150,Undirected,
83,155,Undirected,
83,157,Undirected,
83,159,Undirected,
83,160,Undirected,
83,162,Undirected,
83,164,Undirected,
84,85,Undirected,
84,86,Undirected,
84,87,Undirected,
84,89,Undirected,
84,96,Undirected,
84,99,Undirected,
84,101,Undirected,
84,105,Undirected,
84,106,Undirected,
84,113,Undirected,
84,114,Undirected,
84,115,Undirected,
84,116,Undirected,
84,125,Undirected,
84,127,Undirected,
84,128,Undirected,
84,139,Undirected,
84,145,Undirected,
84,146,Undirected,
84,153,Undirected,
84,154,Undirected,
84,155,Undirected,
84,157,Undirected,
85,86,Undirected,
85,87,Undirected,
85,89,Undirected,
85,90,Undirected,
85,92,Undirected,
85,93,Undirected,
85,96,Undirected,
85,98,Undirected,
85,99,Undirected,
85,106,Undirected,
85,108,Undirected,
85,113,Undirected,
85,114,Undirected,
85,115,Undirected,
85,116,Undirected,
85,121,Undirected,
85,122,Undirected,
85,127,Undirected,
85,128,Undirected,
85,130,Undirected,
85,140,Undirected,
85,143,Undirected,
85,145,Undirected,
85,146,Undirected,
85,154,Undirected,
85,155,Undirected,
85,157,Undirected,
85,164,Undirected,
86,87,Undirected,
86,89,Undirected,
86,95,Undirected,
86,105,Undirected,
86,106,Undirected,
86,108,Undirected,
86,109,Undirected,
86,110,Undirected,
86,114,Undirected,
86,117,Undirected,
86,118,Undirected,
86,119,Undirected,
86,120,Undirected,
86,121,Undirected,
86,123,Undirected,
86,124,Undirected,
86,131,Undirected,
86,134,Undirected,
86,135,Undirected,
86,136,Undirected,
86,146,Undirected,
86,153,Undirected,
86,154,Undirected,
86,155,Undirected,
86,156,Undirected,
86,159,Undirected,
86,164,Undirected,
87,89,Undirected,
87,95,Undirected,
87,135,Undirected,
87,137,Undirected,
87,138,Undirected,
87,145,Undirected,
87,146,Undirected,
87,155,Undirected,
87,157,Undirected,
88,89,Undirected,
88,91,Undirected,
88,108,Undirected,
88,109,Undirected,
88,110,Undirected,
88,112,Undirected,
88,117,Undirected,
88,121,Undirected,
88,123,Undirected,
88,127,Undirected,
88,140,Undirected,
88,142,Undirected,
88,143,Undirected,
88,144,Undirected,
88,145,Undirected,
88,146,Undirected,
88,147,Undirected,
88,148,Undirected,
88,149,Undirected,
88,156,Undirected,
88,164,Undirected,
89,91,Undirected,
89,111,Undirected,
89,112,Undirected,
89,129,Undirected,
89,140,Undirected,
89,141,Undirected,
89,142,Undirected,
89,143,Undirected,
89,144,Undirected,
89,145,Undirected,
89,146,Undirected,
89,147,Undirected,
89,148,Undirected,
89,149,Undirected,
89,156,Undirected,
90,91,Undirected,
90,103,Undirected,
90,107,Undirected,
90,108,Undirected,
90,109,Undirected,
90,110,Undirected,
90,114,Undirected,
90,117,Undirected,
90,118,Undirected,
90,119,Undirected,
90,121,Undirected,
90,122,Undirected,
90,123,Undirected,
90,124,Undirected,
90,127,Undirected,
90,130,Undirected,
90,131,Undirected,
90,135,Undirected,
90,137,Undirected,
90,140,Undirected,
90,141,Undirected,
90,142,Undirected,
90,143,Undirected,
90,146,Undirected,
90,150,Undirected,
90,153,Undirected,
90,155,Undirected,
90,156,Undirected,
90,157,Undirected,
90,158,Undirected,
90,163,Undirected,
90,164,Undirected,
91,92,Undirected,
91,101,Undirected,
91,107,Undirected,
91,108,Undirected,
91,109,Undirected,
91,110,Undirected,
91,112,Undirected,
91,114,Undirected,
91,119,Undirected,
91,124,Undirected,
91,127,Undirected,
91,129,Undirected,
91,130,Undirected,
91,131,Undirected,
91,135,Undirected,
91,137,Undirected,
91,140,Undirected,
91,141,Undirected,
91,142,Undirected,
91,143,Undirected,
91,145,Undirected,
91,146,Undirected,
91,147,Undirected,
91,148,Undirected,
91,150,Undirected,
91,152,Undirected,
91,155,Undirected,
91,156,Undirected,
91,157,Undirected,
91,158,Undirected,
91,164,Undirected,
92,93,Undirected,
92,106,Undirected,
92,122,Undirected,
92,123,Undirected,
92,124,Undirected,
92,126,Undirected,
92,150,Undirected,
92,152,Undirected,
92,158,Undirected,
93,94,Undirected,
93,98,Undirected,
93,101,Undirected,
93,106,Undirected,
93,122,Undirected,
93,123,Undirected,
93,124,Undirected,
93,126,Undirected,
93,150,Undirected,
93,158,Undirected,
94,95,Undirected,
94,106,Undirected,
94,107,Undirected,
94,110,Undirected,
94,113,Undirected,
94,119,Undirected,
94,120,Undirected,
94,125,Undirected,
94,129,Undirected,
94,131,Undirected,
94,155,Undirected,
94,161,Undirected,
94,163,Undirected,
95,103,Undirected,
95,111,Undirected,
95,129,Undirected,
95,135,Undirected,
95,153,Undirected,
95,154,Undirected,
95,155,Undirected,
95,161,Undirected,
96,97,Undirected,
96,99,Undirected,
96,104,Undirected,
96,132,Undirected,
96,139,Undirected,
96,145,Undirected,
96,146,Undirected,
96,151,Undirected,
96,153,Undirected,
96,160,Undirected,
97,99,Undirected,
97,127,Undirected,
97,159,Undirected,
98,99,Undirected,
98,106,Undirected,
98,115,Undirected,
98,116,Undirected,
98,121,Undirected,
98,122,Undirected,
98,123,Undirected,
98,128,Undirected,
98,131,Undirected,
98,132,Undirected,
98,139,Undirected,
98,161,Undirected,
98,162,Undirected,
99,100,Undirected,
99,106,Undirected,
99,115,Undirected,
99,126,Undirected,
99,131,Undirected,
99,132,Undirected,
99,139,Undirected,
99,145,Undirected,
99,146,Undirected,
99,153,Undirected,
100,101,Undirected,
100,102,Undirected,
100,104,Undirected,
100,107,Undirected,
100,111,Undirected,
100,119,Undirected,
100,121,Undirected,
100,122,Undirected,
100,123,Undirected,
100,132,Undirected,
100,145,Undirected,
100,158,Undirected,
101,102,Undirected,
101,125,Undirected,
101,127,Undirected,
101,141,Undirected,
101,156,Undirected,
101,158,Undirected,
102,103,Undirected,
102,104,Undirected,
102,105,Undirected,
102,117,Undirected,
102,130,Undirected,
102,133,Undirected,
102,137,Undirected,
102,138,Undirected,
102,144,Undirected,
102,145,Undirected,
102,146,Undirected,
102,150,Undirected,
102,151,Undirected,
102,153,Undirected,
102,154,Undirected,
102,156,Undirected,
102,157,Undirected,
102,158,Undirected,
102,162,Undirected,
103,124,Undirected,
103,148,Undirected,
103,156,Undirected,
103,157,Undirected,
104,105,Undirected,
104,116,Undirected,
104,143,Undirected,
104,160,Undirected,
104,162,Undirected,
105,106,Undirected,
105,107,Undirected,
105,114,Undirected,
105,115,Undirected,
105,116,Undirected,
105,146,Undirected,
105,149,Undirected,
105,159,Undirected,
105,160,Undirected,
105,161,Undirected,
105,162,Undirected,
106,107,Undirected,
106,108,Undirected,
106,109,Undirected,
106,110,Undirected,
106,113,Undirected,
106,114,Undirected,
106,115,Undirected,
106,116,Undirected,
106,117,Undirected,
106,118,Undirected,
106,119,Undirected,
106,120,Undirected,
106,121,Undirected,
106,122,Undirected,
106,128,Undirected,
106,129,Undirected,
106,130,Undirected,
106,131,Undirected,
106,132,Undirected,
106,134,Undirected,
106,137,Undirected,
106,138,Undirected,
106,139,Undirected,
106,141,Undirected,
106,150,Undirected,
106,151,Undirected,
106,153,Undirected,
106,154,Undirected,
106,157,Undirected,
106,159,Undirected,
106,163,Undirected,
106,164,Undirected,
107,108,Undirected,
107,109,Undirected,
107,110,Undirected,
107,115,Undirected,
107,116,Undirected,
107,117,Undirected,
107,118,Undirected,
107,119,Undirected,
107,120,Undirected,
107,121,Undirected,
107,122,Undirected,
107,123,Undirected,
107,124,Undirected,
107,128,Undirected,
107,129,Undirected,
107,130,Undirected,
107,131,Undirected,
107,133,Undirected,
107,136,Undirected,
107,141,Undirected,
107,150,Undirected,
107,157,Undirected,
107,163,Undirected,
107,164,Undirected,
108,109,Undirected,
108,110,Undirected,
108,117,Undirected,
108,118,Undirected,
108,119,Undirected,
108,120,Undirected,
108,121,Undirected,
108,122,Undirected,
108,123,Undirected,
108,124,Undirected,
108,130,Undirected,
108,131,Undirected,
108,137,Undirected,
108,138,Undirected,
108,141,Undirected,
108,149,Undirected,
108,150,Undirected,
108,153,Undirected,
108,156,Undirected,
108,157,Undirected,
108,160,Undirected,
108,163,Undirected,
108,164,Undirected,
109,110,Undirected,
109,115,Undirected,
109,116,Undirected,
109,117,Undirected,
109,118,Undirected,
109,119,Undirected,
109,120,Undirected,
109,121,Undirected,
109,122,Undirected,
109,123,Undirected,
109,124,Undirected,
109,128,Undirected,
109,129,Undirected,
109,130,Undirected,
109,131,Undirected,
109,137,Undirected,
109,138,Undirected,
109,141,Undirected,
109,149,Undirected,
109,150,Undirected,
109,153,Undirected,
109,154,Undirected,
109,156,Undirected,
109,157,Undirected,
109,158,Undirected,
109,159,Undirected,
109,160,Undirected,
109,163,Undirected,
109,164,Undirected,
110,117,Undirected,
110,118,Undirected,
110,119,Undirected,
110,120,Undirected,
110,121,Undirected,
110,122,Undirected,
110,123,Undirected,
110,124,Undirected,
110,128,Undirected,
110,129,Undirected,
110,130,Undirected,
110,131,Undirected,
110,137,Undirected,
110,138,Undirected,
110,141,Undirected,
110,150,Undirected,
110,153,Undirected,
110,154,Undirected,
110,156,Undirected,
110,157,Undirected,
110,158,Undirected,
110,159,Undirected,
110,160,Undirected,
110,163,Undirected,
110,164,Undirected,
111,112,Undirected,
111,113,Undirected,
111,114,Undirected,
111,119,Undirected,
111,120,Undirected,
111,133,Undirected,
111,145,Undirected,
111,146,Undirected,
111,153,Undirected,
111,163,Undirected,
112,113,Undirected,
112,114,Undirected,
112,118,Undirected,
112,119,Undirected,
112,128,Undirected,
112,133,Undirected,
112,140,Undirected,
112,142,Undirected,
112,148,Undirected,
112,149,Undirected,
113,114,Undirected,
113,115,Undirected,
113,116,Undirected,
113,118,Undirected,
113,119,Undirected,
113,120,Undirected,
113,123,Undirected,
113,124,Undirected,
113,126,Undirected,
113,127,Undirected,
113,128,Undirected,
113,129,Undirected,
113,131,Undirected,
113,133,Undirected,
113,149,Undirected,
113,163,Undirected,
114,115,Undirected,
114,116,Undirected,
114,118,Undirected,
114,119,Undirected,
114,120,Undirected,
114,126,Undirected,
114,127,Undirected,
114,128,Undirected,
114,133,Undirected,
114,141,Undirected,
114,145,Undirected,
114,149,Undirected,
114,157,Undirected,
114,163,Undirected,
115,116,Undirected,
115,118,Undirected,
115,119,Undirected,
115,120,Undirected,
115,127,Undirected,
115,128,Undirected,
115,129,Undirected,
115,131,Undirected,
115,133,Undirected,
115,146,Undirected,
115,163,Undirected,
116,118,Undirected,
116,119,Undirected,
116,120,Undirected,
116,127,Undirected,
116,128,Undirected,
116,129,Undirected,
116,131,Undirected,
116,133,Undirected,
116,136,Undirected,
116,163,Undirected,
117,118,Undirected,
117,119,Undirected,
117,120,Undirected,
117,121,Undirected,
117,122,Undirected,
117,123,Undirected,
117,124,Undirected,
117,129,Undirected,
117,130,Undirected,
117,131,Undirected,
117,132,Undirected,
117,137,Undirected,
117,138,Undirected,
117,141,Undirected,
117,149,Undirected,
117,150,Undirected,
117,153,Undirected,
117,156,Undirected,
117,157,Undirected,
117,159,Undirected,
117,160,Undirected,
117,163,Undirected,
117,164,Undirected,
118,119,Undirected,
118,120,Undirected,
118,121,Undirected,
118,122,Undirected,
118,123,Undirected,
118,124,Undirected,
118,128,Undirected,
118,129,Undirected,
118,130,Undirected,
118,131,Undirected,
118,133,Undirected,
118,141,Undirected,
118,149,Undirected,
118,163,Undirected,
118,164,Undirected,
119,120,Undirected,
119,121,Undirected,
119,122,Undirected,
119,123,Undirected,
119,124,Undirected,
119,129,Undirected,
119,130,Undirected,
119,131,Undirected,
119,141,Undirected,
119,149,Undirected,
119,159,Undirected,
119,163,Undirected,
119,164,Undirected,
120,121,Undirected,
120,122,Undirected,
120,123,Undirected,
120,124,Undirected,
120,128,Undirected,
120,129,Undirected,
120,130,Undirected,
120,131,Undirected,
120,149,Undirected,
120,163,Undirected,
120,164,Undirected,
121,122,Undirected,
121,123,Undirected,
121,124,Undirected,
121,126,Undirected,
121,130,Undirected,
121,131,Undirected,
121,137,Undirected,
121,138,Undirected,
121,141,Undirected,
121,145,Undirected,
121,149,Undirected,
121,153,Undirected,
121,159,Undirected,
121,161,Undirected,
121,163,Undirected,
121,164,Undirected,
122,123,Undirected,
122,124,Undirected,
122,126,Undirected,
122,130,Undirected,
122,137,Undirected,
122,138,Undirected,
122,145,Undirected,
122,149,Undirected,
122,159,Undirected,
122,161,Undirected,
122,162,Undirected,
122,163,Undirected,
122,164,Undirected,
123,124,Undirected,
123,126,Undirected,
123,130,Undirected,
123,131,Undirected,
123,137,Undirected,
123,138,Undirected,
123,141,Undirected,
123,159,Undirected,
123,163,Undirected,
123,164,Undirected,
124,126,Undirected,
124,130,Undirected,
124,131,Undirected,
124,134,Undirected,
124,137,Undirected,
124,141,Undirected,
124,149,Undirected,
124,159,Undirected,
124,163,Undirected,
124,164,Undirected,
125,148,Undirected,
125,149,Undirected,
125,150,Undirected,
126,127,Undirected,
126,129,Undirected,
126,130,Undirected,
126,146,Undirected,
126,156,Undirected,
126,163,Undirected,
127,128,Undirected,
127,129,Undirected,
127,133,Undirected,
127,140,Undirected,
127,141,Undirected,
127,142,Undirected,
127,143,Undirected,
127,149,Undirected,
127,152,Undirected,
127,156,Undirected,
127,157,Undirected,
127,163,Undirected,
128,129,Undirected,
128,131,Undirected,
128,133,Undirected,
128,136,Undirected,
128,145,Undirected,
128,146,Undirected,
128,149,Undirected,
128,151,Undirected,
128,163,Undirected,
128,164,Undirected,
129,130,Undirected,
129,131,Undirected,
129,133,Undirected,
129,134,Undirected,
129,136,Undirected,
129,141,Undirected,
129,162,Undirected,
129,163,Undirected,
129,164,Undirected,
130,131,Undirected,
130,137,Undirected,
130,138,Undirected,
130,141,Undirected,
130,143,Undirected,
130,146,Undirected,
130,150,Undirected,
130,153,Undirected,
130,157,Undirected,
130,159,Undirected,
130,160,Undirected,
130,163,Undirected,
130,164,Undirected,
131,132,Undirected,
131,137,Undirected,
131,138,Undirected,
131,139,Undirected,
131,141,Undirected,
131,142,Undirected,
131,143,Undirected,
131,150,Undirected,
131,151,Undirected,
131,153,Undirected,
131,154,Undirected,
131,156,Undirected,
131,157,Undirected,
131,158,Undirected,
131,159,Undirected,
131,162,Undirected,
131,163,Undirected,
131,164,Undirected,
132,135,Undirected,
132,136,Undirected,
132,137,Undirected,
132,141,Undirected,
132,151,Undirected,
132,153,Undirected,
132,154,Undirected,
132,156,Undirected,
132,157,Undirected,
132,158,Undirected,
132,159,Undirected,
133,134,Undirected,
133,136,Undirected,
133,137,Undirected,
133,139,Undirected,
133,145,Undirected,
133,149,Undirected,
133,150,Undirected,
133,151,Undirected,
133,153,Undirected,
133,154,Undirected,
134,135,Undirected,
134,136,Undirected,
134,142,Undirected,
134,143,Undirected,
134,145,Undirected,
134,147,Undirected,
134,150,Undirected,
134,151,Undirected,
134,154,Undirected,
134,161,Undirected,
134,162,Undirected,
135,136,Undirected,
135,140,Undirected,
135,141,Undirected,
135,142,Undirected,
135,143,Undirected,
135,144,Undirected,
135,145,Undirected,
135,147,Undirected,
135,151,Undirected,
135,161,Undirected,
135,162,Undirected,
136,137,Undirected,
136,142,Undirected,
136,145,Undirected,
136,146,Undirected,
136,147,Undirected,
136,159,Undirected,
136,160,Undirected,
137,138,Undirected,
137,139,Undirected,
137,141,Undirected,
137,144,Undirected,
137,145,Undirected,
137,146,Undirected,
137,150,Undirected,
137,151,Undirected,
137,152,Undirected,
137,153,Undirected,
137,154,Undirected,
137,157,Undirected,
137,159,Undirected,
137,163,Undirected,
137,164,Undirected,
138,139,Undirected,
138,141,Undirected,
138,144,Undirected,
138,145,Undirected,
138,146,Undirected,
138,150,Undirected,
138,151,Undirected,
138,153,Undirected,
138,154,Undirected,
138,157,Undirected,
138,158,Undirected,
138,159,Undirected,
138,163,Undirected,
138,164,Undirected,
139,144,Undirected,
139,147,Undirected,
139,151,Undirected,
139,152,Undirected,
139,153,Undirected,
139,154,Undirected,
140,141,Undirected,
140,142,Undirected,
140,143,Undirected,
140,144,Undirected,
140,145,Undirected,
140,146,Undirected,
140,147,Undirected,
140,148,Undirected,
140,152,Undirected,
140,156,Undirected,
140,158,Undirected,
141,142,Undirected,
141,143,Undirected,
141,145,Undirected,
141,146,Undirected,
141,150,Undirected,
141,153,Undirected,
141,155,Undirected,
141,156,Undirected,
141,157,Undirected,
141,158,Undirected,
141,159,Undirected,
141,160,Undirected,
141,162,Undirected,
141,163,Undirected,
141,164,Undirected,
142,143,Undirected,
142,144,Undirected,
142,145,Undirected,
142,146,Undirected,
142,147,Undirected,
142,148,Undirected,
142,150,Undirected,
142,156,Undirected,
142,157,Undirected,
142,158,Undirected,
142,159,Undirected,
143,144,Undirected,
143,145,Undirected,
143,146,Undirected,
143,148,Undirected,
143,150,Undirected,
143,152,Undirected,
143,155,Undirected,
143,157,Undirected,
143,158,Undirected,
144,147,Undirected,
144,148,Undirected,
144,152,Undirected,
144,153,Undirected,
144,154,Undirected,
144,160,Undirected,
144,161,Undirected,
144,162,Undirected,
145,146,Undirected,
145,149,Undirected,
145,150,Undirected,
145,157,Undirected,
145,159,Undirected,
146,149,Undirected,
146,150,Undirected,
146,155,Undirected,
146,157,Undirected,
146,159,Undirected,
146,160,Undirected,
147,148,Undirected,
147,155,Undirected,
147,157,Undirected,
148,157,Undirected,
149,159,Undirected,
149,161,Undirected,
149,162,Undirected,
149,164,Undirected,
150,153,Undirected,
150,154,Undirected,
150,156,Undirected,
150,157,Undirected,
150,158,Undirected,
150,159,Undirected,
150,160,Undirected,
150,161,Undirected,
150,162,Undirected,
150,163,Undirected,
150,164,Undirected,
151,152,Undirected,
151,153,Undirected,
151,154,Undirected,
151,156,Undirected,
152,153,Undirected,
152,154,Undirected,
152,157,Undirected,
152,158,Undirected,
153,154,Undirected,
153,156,Undirected,
153,158,Undirected,
153,164,Undirected,
154,156,Undirected,
154,158,Undirected,
154,164,Undirected,
155,156,Undirected,
155,157,Undirected,
155,159,Undirected,
155,161,Undirected,
155,162,Undirected,
156,158,Undirected,
156,164,Undirected,
157,158,Undirected,
157,159,Undirected,
157,160,Undirected,
157,162,Undirected,
157,163,Undirected,
157,164,Undirected,
158,162,Undirected,
158,164,Undirected,
159,160,Undirected,
159,163,Undirected,
159,164,Undirected,
160,161,Undirected,
160,162,Undirected,
160,163,Undirected,
160,164,Undirected,
161,162,Undirected,
163,164,Undirected,
