Source,Target,Type,timeset
1,2,Undirected,
1,5,Undirected,
1,6,Undirected,
1,7,Undirected,
1,9,Undirected,
1,10,Undirected,
1,11,Undirected,
1,25,Undirected,
1,39,Undirected,
1,107,Undirected,
1,109,Undirected,
1,146,Undirected,
1,147,Undirected,
1,148,Undirected,
1,150,Undirected,
1,155,Undirected,
1,157,Undirected,
1,158,Undirected,
1,160,Undirected,
1,164,Undirected,
2,5,Undirected,
2,6,Undirected,
2,7,Undirected,
2,8,Undirected,
2,9,Undirected,
2,10,Undirected,
2,11,Undirected,
2,12,Undirected,
2,31,Undirected,
2,90,Undirected,
2,95,Undirected,
2,141,Undirected,
2,147,Undirected,
2,148,Undirected,
2,155,Undirected,
2,159,Undirected,
2,160,Undirected,
2,164,Undirected,
3,4,Undirected,
3,13,Undirected,
3,17,Undirected,
3,78,Undirected,
3,80,Undirected,
3,82,Undirected,
3,84,Undirected,
3,98,Undirected,
3,138,Undirected,
3,148,Undirected,
4,8,Undirected,
4,125,Undirected,
5,6,Undirected,
5,7,Undirected,
5,11,Undirected,
5,25,Undirected,
5,39,Undirected,
5,99,Undirected,
5,109,Undirected,
5,146,Undirected,
5,147,Undirected,
5,148,Undirected,
5,150,Undirected,
5,155,Undirected,
5,157,Undirected,
5,164,Undirected,
6,8,Undirected,
6,9,Undirected,
6,10,Undirected,
6,11,Undirected,
6,12,Undirected,
6,42,Undirected,
6,54,Undirected,
6,77,Undirected,
6,110,Undirected,
6,147,Undirected,
6,148,Undirected,
6,155,Undirected,
6,156,Undirected,
6,159,Undirected,
6,160,Undirected,
6,164,Undirected,
7,8,Undirected,
7,9,Undirected,
7,11,Undirected,
7,25,Undirected,
7,35,Undirected,
7,37,Undirected,
7,38,Undirected,
7,39,Undirected,
7,43,Undirected,
7,53,Undirected,
7,55,Undirected,
7,76,Undirected,
7,144,Undirected,
7,146,Undirected,
7,147,Undirected,
7,148,Undirected,
7,149,Undirected,
7,150,Undirected,
7,154,Undirected,
7,157,Undirected,
7,158,Undirected,
8,9,Undirected,
8,10,Undirected,
8,11,Undirected,
8,12,Undirected,
8,14,Undirected,
8,54,Undirected,
8,55,Undirected,
8,77,Undirected,
8,97,Undirected,
8,104,Undirected,
8,147,Undirected,
8,148,Undirected,
8,155,Undirected,
8,156,Undirected,
8,159,Undirected,
9,10,Undirected,
9,11,Undirected,
9,12,Undirected,
9,41,Undirected,
9,95,Undirected,
9,147,Undirected,
9,155,Undirected,
9,156,Undirected,
9,158,Undirected,
9,159,Undirected,
9,160,Undirected,
10,11,Undirected,
10,12,Undirected,
10,31,Undirected,
10,36,Undirected,
10,38,Undirected,
10,40,Undirected,
10,95,Undirected,
10,147,Undirected,
10,148,Undirected,
10,149,Undirected,
10,153,Undirected,
10,155,Undirected,
10,159,Undirected,
11,12,Undirected,
11,31,Undirected,
11,33,Undirected,
11,34,Undirected,
11,35,Undirected,
11,37,Undirected,
11,38,Undirected,
11,39,Undirected,
11,40,Undirected,
11,78,Undirected,
11,95,Undirected,
11,107,Undirected,
11,147,Undirected,
11,148,Undirected,
11,149,Undirected,
11,150,Undirected,
11,153,Undirected,
11,154,Undirected,
11,155,Undirected,
11,160,Undirected,
12,23,Undirected,
12,42,Undirected,
12,54,Undirected,
12,77,Undirected,
12,92,Undirected,
12,110,Undirected,
12,147,Undirected,
12,155,Undirected,
12,156,Undirected,
12,159,Undirected,
12,160,Undirected,
13,14,Undirected,
13,17,Undirected,
13,33,Undirected,
13,34,Undirected,
13,35,Undirected,
13,37,Undirected,
13,50,Undirected,
13,51,Undirected,
13,64,Undirected,
13,73,Undirected,
13,76,Undirected,
13,78,Undirected,
13,79,Undirected,
13,80,Undirected,
13,81,Undirected,
13,83,Undirected,
13,115,Undirected,
13,137,Undirected,
13,138,Undirected,
13,139,Undirected,
14,17,Undirected,
14,33,Undirected,
14,34,Undirected,
14,35,Undirected,
14,50,Undirected,
14,51,Undirected,
14,55,Undirected,
14,76,Undirected,
14,78,Undirected,
14,79,Undirected,
14,80,Undirected,
14,81,Undirected,
14,137,Undirected,
14,138,Undirected,
14,139,Undirected,
14,147,Undirected,
14,151,Undirected,
15,16,Undirected,
15,17,Undirected,
15,18,Undirected,
15,20,Undirected,
15,21,Undirected,
15,25,Undirected,
15,27,Undirected,
15,31,Undirected,
15,43,Undirected,
15,60,Undirected,
15,61,Undirected,
15,62,Undirected,
15,63,Undirected,
15,68,Undirected,
15,69,Undirected,
15,82,Undirected,
15,83,Undirected,
15,87,Undirected,
15,102,Undirected,
15,106,Undirected,
15,115,Undirected,
15,116,Undirected,
15,117,Undirected,
15,123,Undirected,
15,124,Undirected,
15,131,Undirected,
15,136,Undirected,
15,137,Undirected,
15,163,Undirected,
16,18,Undirected,
16,21,Undirected,
16,27,Undirected,
16,28,Undirected,
16,43,Undirected,
16,44,Undirected,
16,49,Undirected,
16,59,Undirected,
16,62,Undirected,
16,63,Undirected,
16,68,Undirected,
16,69,Undirected,
16,73,Undirected,
16,82,Undirected,
16,83,Undirected,
16,85,Undirected,
16,87,Undirected,
16,101,Undirected,
16,106,Undirected,
16,113,Undirected,
16,117,Undirected,
16,119,Undirected,
16,123,Undirected,
16,124,Undirected,
16,131,Undirected,
16,136,Undirected,
17,19,Undirected,
17,25,Undirected,
17,27,Undirected,
17,34,Undirected,
17,50,Undirected,
17,51,Undirected,
17,61,Undirected,
17,62,Undirected,
17,63,Undirected,
17,64,Undirected,
17,68,Undirected,
17,79,Undirected,
17,81,Undirected,
17,82,Undirected,
17,83,Undirected,
17,84,Undirected,
17,86,Undirected,
17,96,Undirected,
17,102,Undirected,
17,108,Undirected,
17,115,Undirected,
17,124,Undirected,
17,137,Undirected,
17,138,Undirected,
17,162,Undirected,
17,163,Undirected,
18,26,Undirected,
18,27,Undirected,
18,28,Undirected,
18,32,Undirected,
18,43,Undirected,
18,44,Undirected,
18,57,Undirected,
18,60,Undirected,
18,63,Undirected,
18,66,Undirected,
18,68,Undirected,
18,69,Undirected,
18,71,Undirected,
18,72,Undirected,
18,73,Undirected,
18,82,Undirected,
18,83,Undirected,
18,87,Undirected,
18,113,Undirected,
18,115,Undirected,
18,116,Undirected,
18,123,Undirected,
18,128,Undirected,
18,134,Undirected,
18,136,Undirected,
18,142,Undirected,
18,143,Undirected,
19,21,Undirected,
19,23,Undirected,
19,41,Undirected,
19,49,Undirected,
19,61,Undirected,
19,86,Undirected,
19,100,Undirected,
19,101,Undirected,
19,104,Undirected,
19,110,Undirected,
19,119,Undirected,
19,121,Undirected,
19,133,Undirected,
19,135,Undirected,
19,156,Undirected,
19,160,Undirected,
19,162,Undirected,
20,49,Undirected,
20,61,Undirected,
20,87,Undirected,
20,100,Undirected,
20,103,Undirected,
20,152,Undirected,
20,159,Undirected,
21,23,Undirected,
21,27,Undirected,
21,49,Undirected,
21,56,Undirected,
21,62,Undirected,
21,63,Undirected,
21,68,Undirected,
21,85,Undirected,
21,100,Undirected,
21,101,Undirected,
21,102,Undirected,
21,106,Undirected,
21,117,Undirected,
21,135,Undirected,
21,156,Undirected,
21,162,Undirected,
22,24,Undirected,
22,28,Undirected,
22,49,Undirected,
22,53,Undirected,
22,60,Undirected,
22,71,Undirected,
22,129,Undirected,
22,132,Undirected,
22,133,Undirected,
22,157,Undirected,
23,25,Undirected,
23,27,Undirected,
23,41,Undirected,
23,42,Undirected,
23,49,Undirected,
23,60,Undirected,
23,61,Undirected,
23,62,Undirected,
23,70,Undirected,
23,100,Undirected,
23,101,Undirected,
23,109,Undirected,
23,110,Undirected,
23,121,Undirected,
23,133,Undirected,
23,135,Undirected,
23,156,Undirected,
23,159,Undirected,
23,160,Undirected,
23,162,Undirected,
23,164,Undirected,
24,28,Undirected,
24,32,Undirected,
24,41,Undirected,
24,49,Undirected,
24,60,Undirected,
24,61,Undirected,
24,105,Undirected,
24,109,Undirected,
24,129,Undirected,
24,133,Undirected,
24,135,Undirected,
24,158,Undirected,
24,162,Undirected,
24,164,Undirected,
25,26,Undirected,
25,27,Undirected,
25,31,Undirected,
25,39,Undirected,
25,40,Undirected,
25,43,Undirected,
25,60,Undirected,
25,61,Undirected,
25,87,Undirected,
25,107,Undirected,
25,108,Undirected,
25,109,Undirected,
25,117,Undirected,
25,146,Undirected,
25,150,Undirected,
25,157,Undirected,
25,159,Undirected,
25,161,Undirected,
25,162,Undirected,
26,28,Undirected,
26,31,Undirected,
26,32,Undirected,
26,35,Undirected,
26,36,Undirected,
26,37,Undirected,
26,38,Undirected,
26,40,Undirected,
26,43,Undirected,
26,44,Undirected,
26,46,Undirected,
26,52,Undirected,
26,61,Undirected,
26,63,Undirected,
26,69,Undirected,
26,71,Undirected,
26,85,Undirected,
26,87,Undirected,
26,107,Undirected,
26,117,Undirected,
26,118,Undirected,
26,123,Undirected,
26,127,Undirected,
26,128,Undirected,
26,129,Undirected,
26,134,Undirected,
26,142,Undirected,
26,149,Undirected,
26,153,Undirected,
26,154,Undirected,
26,157,Undirected,
26,161,Undirected,
27,28,Undirected,
27,30,Undirected,
27,61,Undirected,
27,62,Undirected,
27,63,Undirected,
27,68,Undirected,
27,69,Undirected,
27,70,Undirected,
27,71,Undirected,
27,100,Undirected,
27,101,Undirected,
27,102,Undirected,
27,106,Undirected,
27,116,Undirected,
27,123,Undirected,
27,124,Undirected,
27,162,Undirected,
27,163,Undirected,
28,32,Undirected,
28,43,Undirected,
28,52,Undirected,
28,60,Undirected,
28,62,Undirected,
28,63,Undirected,
28,69,Undirected,
28,70,Undirected,
28,71,Undirected,
28,85,Undirected,
28,87,Undirected,
28,91,Undirected,
28,109,Undirected,
28,123,Undirected,
28,129,Undirected,
28,157,Undirected,
28,161,Undirected,
28,163,Undirected,
29,99,Undirected,
30,47,Undirected,
30,58,Undirected,
30,91,Undirected,
30,132,Undirected,
30,150,Undirected,
31,32,Undirected,
31,34,Undirected,
31,35,Undirected,
31,37,Undirected,
31,38,Undirected,
31,39,Undirected,
31,43,Undirected,
31,44,Undirected,
31,45,Undirected,
31,46,Undirected,
31,58,Undirected,
31,71,Undirected,
31,72,Undirected,
31,73,Undirected,
31,74,Undirected,
31,82,Undirected,
31,87,Undirected,
31,88,Undirected,
31,90,Undirected,
31,95,Undirected,
31,107,Undirected,
31,108,Undirected,
31,115,Undirected,
31,116,Undirected,
31,126,Undirected,
31,137,Undirected,
31,140,Undirected,
31,141,Undirected,
31,142,Undirected,
31,143,Undirected,
31,150,Undirected,
31,153,Undirected,
31,154,Undirected,
31,159,Undirected,
32,35,Undirected,
32,36,Undirected,
32,37,Undirected,
32,38,Undirected,
32,39,Undirected,
32,43,Undirected,
32,44,Undirected,
32,52,Undirected,
32,71,Undirected,
32,107,Undirected,
32,108,Undirected,
32,109,Undirected,
32,116,Undirected,
32,117,Undirected,
32,118,Undirected,
32,120,Undirected,
32,123,Undirected,
32,124,Undirected,
32,129,Undirected,
32,149,Undirected,
32,153,Undirected,
32,154,Undirected,
32,158,Undirected,
33,34,Undirected,
33,35,Undirected,
33,37,Undirected,
33,38,Undirected,
33,50,Undirected,
33,51,Undirected,
33,71,Undirected,
33,73,Undirected,
33,76,Undirected,
33,78,Undirected,
33,79,Undirected,
33,80,Undirected,
33,81,Undirected,
33,82,Undirected,
33,83,Undirected,
33,115,Undirected,
33,137,Undirected,
33,138,Undirected,
33,139,Undirected,
33,142,Undirected,
33,144,Undirected,
33,151,Undirected,
33,153,Undirected,
33,154,Undirected,
34,35,Undirected,
34,36,Undirected,
34,37,Undirected,
34,38,Undirected,
34,40,Undirected,
34,50,Undirected,
34,51,Undirected,
34,58,Undirected,
34,72,Undirected,
34,73,Undirected,
34,79,Undirected,
34,80,Undirected,
34,81,Undirected,
34,115,Undirected,
34,137,Undirected,
34,138,Undirected,
34,139,Undirected,
34,147,Undirected,
34,149,Undirected,
34,151,Undirected,
34,153,Undirected,
34,154,Undirected,
35,36,Undirected,
35,37,Undirected,
35,38,Undirected,
35,39,Undirected,
35,43,Undirected,
35,46,Undirected,
35,50,Undirected,
35,58,Undirected,
35,72,Undirected,
35,74,Undirected,
35,79,Undirected,
35,80,Undirected,
35,81,Undirected,
35,82,Undirected,
35,83,Undirected,
35,88,Undirected,
35,90,Undirected,
35,91,Undirected,
35,115,Undirected,
35,137,Undirected,
35,138,Undirected,
35,139,Undirected,
35,140,Undirected,
35,141,Undirected,
35,142,Undirected,
35,143,Undirected,
35,149,Undirected,
35,150,Undirected,
35,151,Undirected,
35,153,Undirected,
35,154,Undirected,
36,37,Undirected,
36,38,Undirected,
36,39,Undirected,
36,40,Undirected,
36,45,Undirected,
36,46,Undirected,
36,47,Undirected,
36,74,Undirected,
36,81,Undirected,
36,88,Undirected,
36,91,Undirected,
36,129,Undirected,
36,139,Undirected,
36,140,Undirected,
36,142,Undirected,
36,143,Undirected,
36,149,Undirected,
36,150,Undirected,
36,151,Undirected,
36,153,Undirected,
36,154,Undirected,
37,38,Undirected,
37,39,Undirected,
37,43,Undirected,
37,46,Undirected,
37,50,Undirected,
37,51,Undirected,
37,58,Undirected,
37,71,Undirected,
37,72,Undirected,
37,78,Undirected,
37,79,Undirected,
37,81,Undirected,
37,82,Undirected,
37,83,Undirected,
37,115,Undirected,
37,137,Undirected,
37,138,Undirected,
37,139,Undirected,
37,142,Undirected,
37,143,Undirected,
37,144,Undirected,
37,146,Undirected,
37,149,Undirected,
37,150,Undirected,
37,151,Undirected,
37,153,Undirected,
37,154,Undirected,
37,157,Undirected,
38,40,Undirected,
38,43,Undirected,
38,46,Undirected,
38,79,Undirected,
38,81,Undirected,
38,137,Undirected,
38,139,Undirected,
38,142,Undirected,
38,143,Undirected,
38,144,Undirected,
38,145,Undirected,
38,146,Undirected,
38,147,Undirected,
38,149,Undirected,
38,150,Undirected,
38,151,Undirected,
38,153,Undirected,
38,154,Undirected,
39,40,Undirected,
39,71,Undirected,
39,82,Undirected,
39,107,Undirected,
39,146,Undirected,
39,148,Undirected,
39,150,Undirected,
39,151,Undirected,
39,153,Undirected,
39,154,Undirected,
39,157,Undirected,
39,158,Undirected,
39,162,Undirected,
40,42,Undirected,
40,76,Undirected,
40,81,Undirected,
40,107,Undirected,
40,117,Undirected,
40,118,Undirected,
40,119,Undirected,
40,129,Undirected,
40,146,Undirected,
40,149,Undirected,
40,150,Undirected,
40,153,Undirected,
40,156,Undirected,
40,157,Undirected,
40,161,Undirected,
41,42,Undirected,
41,49,Undirected,
41,56,Undirected,
41,109,Undirected,
41,132,Undirected,
41,133,Undirected,
41,135,Undirected,
41,156,Undirected,
41,158,Undirected,
41,159,Undirected,
41,160,Undirected,
41,162,Undirected,
41,164,Undirected,
42,53,Undirected,
42,54,Undirected,
42,56,Undirected,
42,77,Undirected,
42,133,Undirected,
42,155,Undirected,
42,156,Undirected,
42,159,Undirected,
42,161,Undirected,
43,44,Undirected,
43,45,Undirected,
43,46,Undirected,
43,57,Undirected,
43,58,Undirected,
43,59,Undirected,
43,60,Undirected,
43,63,Undirected,
43,69,Undirected,
43,71,Undirected,
43,82,Undirected,
43,83,Undirected,
43,85,Undirected,
43,87,Undirected,
43,89,Undirected,
43,103,Undirected,
43,115,Undirected,
43,117,Undirected,
43,123,Undirected,
43,134,Undirected,
43,135,Undirected,
43,136,Undirected,
43,140,Undirected,
43,142,Undirected,
43,143,Undirected,
43,149,Undirected,
43,150,Undirected,
43,151,Undirected,
43,153,Undirected,
43,154,Undirected,
43,157,Undirected,
43,163,Undirected,
44,85,Undirected,
44,87,Undirected,
44,95,Undirected,
44,111,Undirected,
44,117,Undirected,
44,118,Undirected,
44,120,Undirected,
44,123,Undirected,
44,134,Undirected,
44,135,Undirected,
44,136,Undirected,
44,142,Undirected,
44,153,Undirected,
45,46,Undirected,
45,47,Undirected,
45,48,Undirected,
45,57,Undirected,
45,58,Undirected,
45,59,Undirected,
45,66,Undirected,
45,67,Undirected,
45,71,Undirected,
45,72,Undirected,
45,73,Undirected,
45,74,Undirected,
45,75,Undirected,
45,88,Undirected,
45,89,Undirected,
45,90,Undirected,
45,91,Undirected,
45,127,Undirected,
45,140,Undirected,
45,141,Undirected,
45,142,Undirected,
45,143,Undirected,
46,47,Undirected,
46,48,Undirected,
46,58,Undirected,
46,59,Undirected,
46,66,Undirected,
46,67,Undirected,
46,71,Undirected,
46,72,Undirected,
46,73,Undirected,
46,74,Undirected,
46,75,Undirected,
46,88,Undirected,
46,89,Undirected,
46,90,Undirected,
46,91,Undirected,
46,129,Undirected,
46,140,Undirected,
46,141,Undirected,
46,142,Undirected,
46,143,Undirected,
46,149,Undirected,
46,151,Undirected,
46,153,Undirected,
46,154,Undirected,
47,48,Undirected,
47,57,Undirected,
47,58,Undirected,
47,59,Undirected,
47,66,Undirected,
47,67,Undirected,
47,72,Undirected,
47,73,Undirected,
47,74,Undirected,
47,75,Undirected,
47,88,Undirected,
47,89,Undirected,
47,90,Undirected,
47,91,Undirected,
47,112,Undirected,
47,127,Undirected,
47,136,Undirected,
47,140,Undirected,
47,141,Undirected,
47,142,Undirected,
47,143,Undirected,
47,150,Undirected,
48,57,Undirected,
48,58,Undirected,
48,59,Undirected,
48,66,Undirected,
48,67,Undirected,
48,72,Undirected,
48,73,Undirected,
48,74,Undirected,
48,75,Undirected,
48,88,Undirected,
48,89,Undirected,
48,91,Undirected,
48,111,Undirected,
48,112,Undirected,
48,126,Undirected,
48,127,Undirected,
48,136,Undirected,
48,140,Undirected,
48,141,Undirected,
48,142,Undirected,
48,143,Undirected,
49,52,Undirected,
49,56,Undirected,
49,60,Undirected,
49,61,Undirected,
49,62,Undirected,
49,63,Undirected,
49,69,Undirected,
49,85,Undirected,
49,100,Undirected,
49,101,Undirected,
49,121,Undirected,
49,122,Undirected,
49,133,Undirected,
49,134,Undirected,
49,135,Undirected,
49,136,Undirected,
49,156,Undirected,
49,158,Undirected,
49,159,Undirected,
49,162,Undirected,
50,51,Undirected,
50,55,Undirected,
50,76,Undirected,
50,78,Undirected,
50,79,Undirected,
50,81,Undirected,
50,115,Undirected,
50,137,Undirected,
50,138,Undirected,
50,139,Undirected,
50,144,Undirected,
50,145,Undirected,
50,146,Undirected,
50,151,Undirected,
50,154,Undirected,
51,55,Undirected,
51,76,Undirected,
51,78,Undirected,
51,79,Undirected,
51,81,Undirected,
51,97,Undirected,
51,137,Undirected,
51,138,Undirected,
51,139,Undirected,
51,144,Undirected,
51,145,Undirected,
51,146,Undirected,
51,147,Undirected,
51,151,Undirected,
52,60,Undirected,
52,61,Undirected,
52,62,Undirected,
52,63,Undirected,
52,69,Undirected,
52,70,Undirected,
52,71,Undirected,
52,85,Undirected,
52,87,Undirected,
52,101,Undirected,
52,109,Undirected,
52,117,Undirected,
52,119,Undirected,
52,123,Undirected,
52,161,Undirected,
53,54,Undirected,
53,55,Undirected,
53,76,Undirected,
53,77,Undirected,
53,133,Undirected,
53,144,Undirected,
53,145,Undirected,
53,146,Undirected,
53,156,Undirected,
53,157,Undirected,
54,55,Undirected,
54,76,Undirected,
54,77,Undirected,
54,133,Undirected,
54,145,Undirected,
54,147,Undirected,
54,155,Undirected,
54,156,Undirected,
55,76,Undirected,
55,77,Undirected,
55,144,Undirected,
55,145,Undirected,
55,146,Undirected,
55,147,Undirected,
56,57,Undirected,
56,100,Undirected,
56,101,Undirected,
56,124,Undirected,
56,133,Undirected,
56,135,Undirected,
56,136,Undirected,
56,156,Undirected,
56,162,Undirected,
57,58,Undirected,
57,59,Undirected,
57,64,Undirected,
57,65,Undirected,
57,66,Undirected,
57,67,Undirected,
57,68,Undirected,
57,72,Undirected,
57,74,Undirected,
57,75,Undirected,
57,88,Undirected,
57,89,Undirected,
57,113,Undirected,
57,116,Undirected,
57,124,Undirected,
57,127,Undirected,
57,134,Undirected,
57,136,Undirected,
57,140,Undirected,
57,142,Undirected,
57,143,Undirected,
58,59,Undirected,
58,66,Undirected,
58,67,Undirected,
58,71,Undirected,
58,72,Undirected,
58,73,Undirected,
58,74,Undirected,
58,75,Undirected,
58,80,Undirected,
58,81,Undirected,
58,82,Undirected,
58,88,Undirected,
58,89,Undirected,
58,90,Undirected,
58,91,Undirected,
58,115,Undirected,
58,116,Undirected,
58,136,Undirected,
58,137,Undirected,
58,138,Undirected,
58,140,Undirected,
58,141,Undirected,
58,142,Undirected,
58,143,Undirected,
58,150,Undirected,
58,151,Undirected,
58,154,Undirected,
59,66,Undirected,
59,67,Undirected,
59,69,Undirected,
59,71,Undirected,
59,72,Undirected,
59,73,Undirected,
59,74,Undirected,
59,75,Undirected,
59,80,Undirected,
59,88,Undirected,
59,89,Undirected,
59,91,Undirected,
59,113,Undirected,
59,115,Undirected,
59,116,Undirected,
59,136,Undirected,
59,140,Undirected,
59,142,Undirected,
59,143,Undirected,
59,151,Undirected,
60,61,Undirected,
60,62,Undirected,
60,63,Undirected,
60,69,Undirected,
60,134,Undirected,
60,135,Undirected,
60,152,Undirected,
60,157,Undirected,
60,162,Undirected,
61,62,Undirected,
61,63,Undirected,
61,69,Undirected,
61,70,Undirected,
61,87,Undirected,
61,100,Undirected,
61,101,Undirected,
61,103,Undirected,
61,107,Undirected,
61,108,Undirected,
61,115,Undirected,
61,117,Undirected,
61,118,Undirected,
61,119,Undirected,
61,120,Undirected,
61,121,Undirected,
61,123,Undirected,
61,159,Undirected,
61,161,Undirected,
61,162,Undirected,
61,163,Undirected,
62,63,Undirected,
62,65,Undirected,
62,68,Undirected,
62,69,Undirected,
62,70,Undirected,
62,71,Undirected,
62,73,Undirected,
62,85,Undirected,
62,87,Undirected,
62,100,Undirected,
62,101,Undirected,
62,102,Undirected,
62,103,Undirected,
62,106,Undirected,
62,113,Undirected,
62,115,Undirected,
62,116,Undirected,
62,117,Undirected,
62,118,Undirected,
62,119,Undirected,
62,120,Undirected,
62,121,Undirected,
62,123,Undirected,
62,124,Undirected,
62,128,Undirected,
62,130,Undirected,
62,135,Undirected,
62,136,Undirected,
62,161,Undirected,
62,162,Undirected,
63,68,Undirected,
63,69,Undirected,
63,70,Undirected,
63,71,Undirected,
63,83,Undirected,
63,85,Undirected,
63,100,Undirected,
63,101,Undirected,
63,102,Undirected,
63,106,Undirected,
63,113,Undirected,
63,115,Undirected,
63,116,Undirected,
63,119,Undirected,
63,120,Undirected,
63,123,Undirected,
63,124,Undirected,
63,135,Undirected,
63,136,Undirected,
64,65,Undirected,
64,66,Undirected,
64,67,Undirected,
64,72,Undirected,
64,100,Undirected,
64,106,Undirected,
64,113,Undirected,
64,114,Undirected,
64,136,Undirected,
65,66,Undirected,
65,67,Undirected,
65,71,Undirected,
65,72,Undirected,
65,73,Undirected,
65,75,Undirected,
65,87,Undirected,
65,89,Undirected,
65,100,Undirected,
65,101,Undirected,
65,106,Undirected,
65,107,Undirected,
65,111,Undirected,
65,112,Undirected,
65,113,Undirected,
65,114,Undirected,
65,115,Undirected,
65,116,Undirected,
65,118,Undirected,
65,119,Undirected,
65,120,Undirected,
65,121,Undirected,
65,127,Undirected,
65,128,Undirected,
65,136,Undirected,
65,140,Undirected,
65,142,Undirected,
65,143,Undirected,
66,67,Undirected,
66,71,Undirected,
66,72,Undirected,
66,73,Undirected,
66,74,Undirected,
66,75,Undirected,
66,88,Undirected,
66,89,Undirected,
66,90,Undirected,
66,91,Undirected,
66,112,Undirected,
66,113,Undirected,
66,115,Undirected,
66,116,Undirected,
66,127,Undirected,
66,136,Undirected,
66,140,Undirected,
66,142,Undirected,
66,143,Undirected,
67,71,Undirected,
67,72,Undirected,
67,73,Undirected,
67,74,Undirected,
67,75,Undirected,
67,88,Undirected,
67,89,Undirected,
67,91,Undirected,
67,111,Undirected,
67,112,Undirected,
67,113,Undirected,
67,114,Undirected,
67,115,Undirected,
67,116,Undirected,
67,127,Undirected,
67,128,Undirected,
67,136,Undirected,
67,140,Undirected,
67,142,Undirected,
67,143,Undirected,
68,69,Undirected,
68,71,Undirected,
68,73,Undirected,
68,82,Undirected,
68,83,Undirected,
68,101,Undirected,
68,102,Undirected,
68,106,Undirected,
68,113,Undirected,
68,115,Undirected,
68,116,Undirected,
68,123,Undirected,
68,124,Undirected,
68,131,Undirected,
68,136,Undirected,
68,138,Undirected,
68,163,Undirected,
69,70,Undirected,
69,71,Undirected,
69,72,Undirected,
69,73,Undirected,
69,83,Undirected,
69,85,Undirected,
69,87,Undirected,
69,101,Undirected,
69,102,Undirected,
69,106,Undirected,
69,113,Undirected,
69,115,Undirected,
69,116,Undirected,
69,121,Undirected,
69,123,Undirected,
69,124,Undirected,
69,127,Undirected,
69,136,Undirected,
69,161,Undirected,
69,163,Undirected,
70,108,Undirected,
70,120,Undirected,
70,124,Undirected,
70,159,Undirected,
71,72,Undirected,
71,73,Undirected,
71,74,Undirected,
71,75,Undirected,
71,81,Undirected,
71,83,Undirected,
71,87,Undirected,
71,89,Undirected,
71,91,Undirected,
71,107,Undirected,
71,108,Undirected,
71,115,Undirected,
71,116,Undirected,
71,117,Undirected,
71,118,Undirected,
71,120,Undirected,
71,121,Undirected,
71,123,Undirected,
71,124,Undirected,
71,138,Undirected,
71,140,Undirected,
71,142,Undirected,
71,143,Undirected,
71,151,Undirected,
71,154,Undirected,
71,161,Undirected,
71,163,Undirected,
72,73,Undirected,
72,74,Undirected,
72,75,Undirected,
72,79,Undirected,
72,88,Undirected,
72,89,Undirected,
72,90,Undirected,
72,91,Undirected,
72,107,Undirected,
72,115,Undirected,
72,116,Undirected,
72,127,Undirected,
72,128,Undirected,
72,136,Undirected,
72,137,Undirected,
72,138,Undirected,
72,140,Undirected,
72,142,Undirected,
72,143,Undirected,
72,151,Undirected,
72,154,Undirected,
73,74,Undirected,
73,75,Undirected,
73,81,Undirected,
73,87,Undirected,
73,89,Undirected,
73,107,Undirected,
73,113,Undirected,
73,114,Undirected,
73,115,Undirected,
73,116,Undirected,
73,127,Undirected,
73,128,Undirected,
73,137,Undirected,
73,138,Undirected,
73,139,Undirected,
73,140,Undirected,
73,142,Undirected,
73,143,Undirected,
73,151,Undirected,
73,153,Undirected,
73,154,Undirected,
74,75,Undirected,
74,88,Undirected,
74,89,Undirected,
74,90,Undirected,
74,91,Undirected,
74,115,Undirected,
74,116,Undirected,
74,136,Undirected,
74,137,Undirected,
74,140,Undirected,
74,141,Undirected,
74,142,Undirected,
74,143,Undirected,
74,151,Undirected,
74,154,Undirected,
75,88,Undirected,
75,89,Undirected,
75,90,Undirected,
75,91,Undirected,
75,111,Undirected,
75,112,Undirected,
75,113,Undirected,
75,115,Undirected,
75,116,Undirected,
75,127,Undirected,
75,136,Undirected,
75,140,Undirected,
75,141,Undirected,
75,142,Undirected,
75,143,Undirected,
76,77,Undirected,
76,78,Undirected,
76,112,Undirected,
76,144,Undirected,
76,146,Undirected,
76,148,Undirected,
76,149,Undirected,
77,92,Undirected,
77,93,Undirected,
77,104,Undirected,
77,133,Undirected,
77,145,Undirected,
77,146,Undirected,
77,147,Undirected,
77,155,Undirected,
77,156,Undirected,
77,159,Undirected,
78,79,Undirected,
78,80,Undirected,
78,93,Undirected,
78,112,Undirected,
78,113,Undirected,
78,137,Undirected,
78,138,Undirected,
78,139,Undirected,
79,81,Undirected,
79,83,Undirected,
79,96,Undirected,
79,115,Undirected,
79,125,Undirected,
79,137,Undirected,
79,138,Undirected,
79,139,Undirected,
79,144,Undirected,
79,145,Undirected,
79,146,Undirected,
79,151,Undirected,
79,154,Undirected,
80,82,Undirected,
80,83,Undirected,
80,90,Undirected,
80,137,Undirected,
80,138,Undirected,
80,139,Undirected,
80,151,Undirected,
80,154,Undirected,
81,82,Undirected,
81,88,Undirected,
81,115,Undirected,
81,137,Undirected,
81,138,Undirected,
81,139,Undirected,
81,143,Undirected,
81,146,Undirected,
81,149,Undirected,
81,150,Undirected,
81,151,Undirected,
81,153,Undirected,
81,154,Undirected,
82,83,Undirected,
82,84,Undirected,
82,86,Undirected,
82,87,Undirected,
82,94,Undirected,
82,116,Undirected,
82,137,Undirected,
82,138,Undirected,
82,150,Undirected,
82,151,Undirected,
82,154,Undirected,
83,87,Undirected,
83,94,Undirected,
83,102,Undirected,
83,115,Undirected,
83,116,Undirected,
83,123,Undirected,
83,137,Undirected,
83,138,Undirected,
83,151,Undirected,
83,154,Undirected,
84,86,Undirected,
84,108,Undirected,
84,110,Undirected,
84,131,Undirected,
84,160,Undirected,
84,163,Undirected,
85,87,Undirected,
85,100,Undirected,
85,101,Undirected,
85,103,Undirected,
85,106,Undirected,
85,117,Undirected,
85,119,Undirected,
85,123,Undirected,
85,134,Undirected,
85,135,Undirected,
86,108,Undirected,
86,110,Undirected,
86,160,Undirected,
86,164,Undirected,
87,94,Undirected,
87,101,Undirected,
87,103,Undirected,
87,106,Undirected,
87,115,Undirected,
87,116,Undirected,
87,117,Undirected,
87,119,Undirected,
87,123,Undirected,
87,161,Undirected,
88,89,Undirected,
88,90,Undirected,
88,91,Undirected,
88,112,Undirected,
88,126,Undirected,
88,136,Undirected,
88,140,Undirected,
88,141,Undirected,
88,142,Undirected,
88,143,Undirected,
89,91,Undirected,
89,111,Undirected,
89,112,Undirected,
89,113,Undirected,
89,116,Undirected,
89,127,Undirected,
89,136,Undirected,
89,140,Undirected,
89,142,Undirected,
89,143,Undirected,
90,91,Undirected,
90,108,Undirected,
90,140,Undirected,
90,141,Undirected,
90,143,Undirected,
90,164,Undirected,
91,140,Undirected,
91,141,Undirected,
91,142,Undirected,
91,143,Undirected,
91,151,Undirected,
91,157,Undirected,
92,93,Undirected,
92,95,Undirected,
92,96,Undirected,
92,104,Undirected,
92,126,Undirected,
92,155,Undirected,
93,105,Undirected,
93,126,Undirected,
94,95,Undirected,
94,96,Undirected,
94,104,Undirected,
94,126,Undirected,
95,96,Undirected,
95,126,Undirected,
95,155,Undirected,
95,159,Undirected,
95,160,Undirected,
96,97,Undirected,
96,104,Undirected,
99,157,Undirected,
100,101,Undirected,
100,102,Undirected,
100,103,Undirected,
100,106,Undirected,
100,110,Undirected,
100,113,Undirected,
100,117,Undirected,
100,118,Undirected,
100,119,Undirected,
100,120,Undirected,
100,121,Undirected,
100,122,Undirected,
100,133,Undirected,
100,135,Undirected,
100,136,Undirected,
100,162,Undirected,
101,102,Undirected,
101,103,Undirected,
101,106,Undirected,
101,113,Undirected,
101,117,Undirected,
101,118,Undirected,
101,119,Undirected,
101,120,Undirected,
101,121,Undirected,
101,123,Undirected,
101,130,Undirected,
101,132,Undirected,
101,135,Undirected,
102,106,Undirected,
102,113,Undirected,
102,124,Undirected,
102,128,Undirected,
102,162,Undirected,
103,110,Undirected,
103,117,Undirected,
103,119,Undirected,
103,121,Undirected,
104,155,Undirected,
106,113,Undirected,
106,114,Undirected,
106,116,Undirected,
106,117,Undirected,
106,118,Undirected,
106,119,Undirected,
106,120,Undirected,
106,121,Undirected,
106,122,Undirected,
106,127,Undirected,
106,128,Undirected,
106,130,Undirected,
106,136,Undirected,
107,108,Undirected,
107,109,Undirected,
107,115,Undirected,
107,117,Undirected,
107,118,Undirected,
107,119,Undirected,
107,120,Undirected,
107,121,Undirected,
107,146,Undirected,
107,149,Undirected,
107,161,Undirected,
107,164,Undirected,
108,109,Undirected,
108,110,Undirected,
108,116,Undirected,
108,117,Undirected,
108,118,Undirected,
108,120,Undirected,
108,121,Undirected,
108,122,Undirected,
108,123,Undirected,
108,124,Undirected,
108,141,Undirected,
108,162,Undirected,
108,163,Undirected,
108,164,Undirected,
109,110,Undirected,
109,129,Undirected,
109,133,Undirected,
109,146,Undirected,
109,156,Undirected,
109,157,Undirected,
109,158,Undirected,
109,162,Undirected,
109,164,Undirected,
110,117,Undirected,
110,118,Undirected,
110,120,Undirected,
110,122,Undirected,
110,134,Undirected,
110,156,Undirected,
110,160,Undirected,
110,164,Undirected,
111,112,Undirected,
111,113,Undirected,
111,114,Undirected,
111,125,Undirected,
111,127,Undirected,
111,128,Undirected,
112,113,Undirected,
112,114,Undirected,
112,125,Undirected,
112,127,Undirected,
112,140,Undirected,
113,114,Undirected,
113,115,Undirected,
113,116,Undirected,
113,118,Undirected,
113,119,Undirected,
113,120,Undirected,
113,127,Undirected,
113,128,Undirected,
113,130,Undirected,
113,136,Undirected,
114,115,Undirected,
114,116,Undirected,
114,118,Undirected,
114,126,Undirected,
114,127,Undirected,
114,128,Undirected,
115,116,Undirected,
115,127,Undirected,
115,128,Undirected,
115,137,Undirected,
115,138,Undirected,
115,140,Undirected,
115,142,Undirected,
115,143,Undirected,
115,154,Undirected,
115,163,Undirected,
116,118,Undirected,
116,120,Undirected,
116,124,Undirected,
116,127,Undirected,
116,128,Undirected,
116,136,Undirected,
116,137,Undirected,
116,138,Undirected,
116,140,Undirected,
116,142,Undirected,
116,143,Undirected,
116,163,Undirected,
117,118,Undirected,
117,119,Undirected,
117,120,Undirected,
117,121,Undirected,
117,122,Undirected,
117,123,Undirected,
117,130,Undirected,
117,134,Undirected,
117,149,Undirected,
117,161,Undirected,
118,119,Undirected,
118,120,Undirected,
118,121,Undirected,
118,122,Undirected,
118,123,Undirected,
118,127,Undirected,
118,128,Undirected,
118,130,Undirected,
118,149,Undirected,
118,161,Undirected,
118,163,Undirected,
119,120,Undirected,
119,121,Undirected,
119,122,Undirected,
119,123,Undirected,
119,127,Undirected,
119,128,Undirected,
119,130,Undirected,
119,161,Undirected,
119,163,Undirected,
120,121,Undirected,
120,122,Undirected,
120,123,Undirected,
120,124,Undirected,
120,127,Undirected,
120,128,Undirected,
120,129,Undirected,
120,130,Undirected,
120,163,Undirected,
121,122,Undirected,
121,123,Undirected,
121,135,Undirected,
121,162,Undirected,
121,163,Undirected,
122,130,Undirected,
122,131,Undirected,
122,135,Undirected,
122,163,Undirected,
123,124,Undirected,
123,130,Undirected,
123,131,Undirected,
123,134,Undirected,
123,135,Undirected,
123,136,Undirected,
123,163,Undirected,
124,130,Undirected,
124,131,Undirected,
124,136,Undirected,
124,163,Undirected,
126,127,Undirected,
127,128,Undirected,
127,136,Undirected,
127,140,Undirected,
127,142,Undirected,
127,143,Undirected,
127,161,Undirected,
128,129,Undirected,
128,130,Undirected,
128,134,Undirected,
128,161,Undirected,
129,149,Undirected,
129,157,Undirected,
129,161,Undirected,
130,131,Undirected,
130,135,Undirected,
130,163,Undirected,
131,135,Undirected,
131,163,Undirected,
132,158,Undirected,
133,156,Undirected,
133,158,Undirected,
133,159,Undirected,
133,160,Undirected,
133,162,Undirected,
133,164,Undirected,
134,135,Undirected,
134,136,Undirected,
134,152,Undirected,
135,136,Undirected,
135,156,Undirected,
135,162,Undirected,
136,140,Undirected,
136,143,Undirected,
136,163,Undirected,
137,138,Undirected,
137,139,Undirected,
137,143,Undirected,
137,151,Undirected,
137,153,Undirected,
137,154,Undirected,
138,139,Undirected,
138,151,Undirected,
138,154,Undirected,
139,147,Undirected,
139,151,Undirected,
139,153,Undirected,
139,154,Undirected,
140,141,Undirected,
140,142,Undirected,
140,143,Undirected,
141,142,Undirected,
141,143,Undirected,
141,164,Undirected,
142,143,Undirected,
142,149,Undirected,
142,151,Undirected,
142,153,Undirected,
142,154,Undirected,
143,151,Undirected,
143,153,Undirected,
143,154,Undirected,
144,146,Undirected,
144,149,Undirected,
145,146,Undirected,
146,147,Undirected,
146,148,Undirected,
146,149,Undirected,
146,150,Undirected,
146,157,Undirected,
147,148,Undirected,
147,155,Undirected,
147,160,Undirected,
148,150,Undirected,
148,155,Undirected,
148,157,Undirected,
149,150,Undirected,
149,151,Undirected,
149,153,Undirected,
149,154,Undirected,
149,157,Undirected,
149,161,Undirected,
150,151,Undirected,
150,153,Undirected,
150,154,Undirected,
150,157,Undirected,
151,153,Undirected,
151,154,Undirected,
152,161,Undirected,
153,154,Undirected,
154,157,Undirected,
155,156,Undirected,
155,159,Undirected,
155,160,Undirected,
156,158,Undirected,
156,159,Undirected,
156,160,Undirected,
156,161,Undirected,
157,158,Undirected,
157,161,Undirected,
158,160,Undirected,
158,162,Undirected,
158,164,Undirected,
159,160,Undirected,
160,162,Undirected,
160,164,Undirected,
162,164,Undirected,
