Source,Target,Type,timeset
1,2,Undirected,
1,5,Undirected,
1,6,Undirected,
1,7,Undirected,
1,11,Undirected,
1,32,Undirected,
1,53,Undirected,
1,54,Undirected,
1,147,Undirected,
1,148,Undirected,
1,157,Undirected,
2,8,Undirected,
2,9,Undirected,
2,10,Undirected,
2,11,Undirected,
2,28,Undirected,
2,30,Undirected,
2,32,Undirected,
2,53,Undirected,
2,54,Undirected,
2,90,Undirected,
2,91,Undirected,
2,110,Undirected,
2,133,Undirected,
2,141,Undirected,
2,147,Undirected,
2,155,Undirected,
3,4,Undirected,
3,17,Undirected,
3,21,Undirected,
3,34,Undirected,
3,36,Undirected,
3,37,Undirected,
3,39,Undirected,
3,56,Undirected,
3,60,Undirected,
3,61,Undirected,
3,76,Undirected,
3,78,Undirected,
3,79,Undirected,
3,80,Undirected,
3,81,Undirected,
3,82,Undirected,
3,84,Undirected,
3,86,Undirected,
3,92,Undirected,
3,96,Undirected,
3,105,Undirected,
3,125,Undirected,
3,137,Undirected,
3,138,Undirected,
3,145,Undirected,
3,146,Undirected,
3,149,Undirected,
3,150,Undirected,
3,153,Undirected,
3,162,Undirected,
4,15,Undirected,
4,17,Undirected,
4,34,Undirected,
4,37,Undirected,
4,38,Undirected,
4,56,Undirected,
4,57,Undirected,
4,62,Undirected,
4,64,Undirected,
4,65,Undirected,
4,77,Undirected,
4,78,Undirected,
4,79,Undirected,
4,80,Undirected,
4,81,Undirected,
4,82,Undirected,
4,84,Undirected,
4,85,Undirected,
4,86,Undirected,
4,87,Undirected,
4,97,Undirected,
4,102,Undirected,
4,104,Undirected,
4,106,Undirected,
4,112,Undirected,
4,114,Undirected,
4,121,Undirected,
4,125,Undirected,
4,131,Undirected,
4,132,Undirected,
4,136,Undirected,
4,137,Undirected,
4,138,Undirected,
4,150,Undirected,
4,153,Undirected,
4,160,Undirected,
5,6,Undirected,
5,7,Undirected,
5,13,Undirected,
5,50,Undirected,
5,51,Undirected,
5,148,Undirected,
5,152,Undirected,
5,157,Undirected,
6,7,Undirected,
6,8,Undirected,
6,12,Undirected,
6,13,Undirected,
6,24,Undirected,
6,50,Undirected,
6,51,Undirected,
6,54,Undirected,
6,144,Undirected,
6,148,Undirected,
6,152,Undirected,
6,157,Undirected,
6,159,Undirected,
7,13,Undirected,
7,53,Undirected,
7,54,Undirected,
7,144,Undirected,
7,147,Undirected,
7,148,Undirected,
7,157,Undirected,
8,10,Undirected,
8,12,Undirected,
8,32,Undirected,
8,50,Undirected,
8,51,Undirected,
8,54,Undirected,
8,147,Undirected,
8,151,Undirected,
8,152,Undirected,
8,155,Undirected,
8,159,Undirected,
9,11,Undirected,
9,13,Undirected,
9,14,Undirected,
9,53,Undirected,
9,54,Undirected,
9,77,Undirected,
9,78,Undirected,
9,102,Undirected,
9,147,Undirected,
9,160,Undirected,
10,12,Undirected,
10,23,Undirected,
10,32,Undirected,
10,40,Undirected,
10,41,Undirected,
10,54,Undirected,
10,94,Undirected,
10,147,Undirected,
10,151,Undirected,
10,155,Undirected,
10,159,Undirected,
10,161,Undirected,
11,53,Undirected,
11,54,Undirected,
11,55,Undirected,
11,133,Undirected,
11,144,Undirected,
11,147,Undirected,
12,13,Undirected,
12,14,Undirected,
12,32,Undirected,
12,50,Undirected,
12,51,Undirected,
12,53,Undirected,
12,54,Undirected,
12,151,Undirected,
12,159,Undirected,
13,14,Undirected,
13,33,Undirected,
13,50,Undirected,
13,51,Undirected,
13,53,Undirected,
13,54,Undirected,
13,139,Undirected,
13,144,Undirected,
13,148,Undirected,
13,151,Undirected,
13,159,Undirected,
14,33,Undirected,
14,34,Undirected,
14,37,Undirected,
14,50,Undirected,
14,51,Undirected,
14,77,Undirected,
14,78,Undirected,
14,80,Undirected,
14,129,Undirected,
14,137,Undirected,
14,138,Undirected,
14,139,Undirected,
14,144,Undirected,
14,150,Undirected,
14,151,Undirected,
14,159,Undirected,
14,160,Undirected,
15,17,Undirected,
15,20,Undirected,
15,21,Undirected,
15,27,Undirected,
15,47,Undirected,
15,52,Undirected,
15,56,Undirected,
15,60,Undirected,
15,61,Undirected,
15,62,Undirected,
15,64,Undirected,
15,82,Undirected,
15,83,Undirected,
15,85,Undirected,
15,87,Undirected,
15,102,Undirected,
15,106,Undirected,
15,113,Undirected,
15,121,Undirected,
15,122,Undirected,
15,131,Undirected,
15,135,Undirected,
15,137,Undirected,
15,160,Undirected,
16,17,Undirected,
16,18,Undirected,
16,19,Undirected,
16,41,Undirected,
16,44,Undirected,
16,46,Undirected,
16,48,Undirected,
16,58,Undirected,
16,60,Undirected,
16,62,Undirected,
16,63,Undirected,
16,65,Undirected,
16,66,Undirected,
16,67,Undirected,
16,69,Undirected,
16,83,Undirected,
16,84,Undirected,
16,86,Undirected,
16,88,Undirected,
16,89,Undirected,
16,92,Undirected,
16,93,Undirected,
16,101,Undirected,
16,102,Undirected,
16,103,Undirected,
16,122,Undirected,
16,125,Undirected,
16,134,Undirected,
16,136,Undirected,
16,140,Undirected,
16,142,Undirected,
16,162,Undirected,
17,19,Undirected,
17,44,Undirected,
17,46,Undirected,
17,47,Undirected,
17,48,Undirected,
17,56,Undirected,
17,57,Undirected,
17,58,Undirected,
17,60,Undirected,
17,61,Undirected,
17,62,Undirected,
17,64,Undirected,
17,65,Undirected,
17,66,Undirected,
17,67,Undirected,
17,78,Undirected,
17,79,Undirected,
17,81,Undirected,
17,82,Undirected,
17,83,Undirected,
17,84,Undirected,
17,85,Undirected,
17,86,Undirected,
17,88,Undirected,
17,92,Undirected,
17,93,Undirected,
17,101,Undirected,
17,106,Undirected,
17,107,Undirected,
17,112,Undirected,
17,113,Undirected,
17,114,Undirected,
17,115,Undirected,
17,116,Undirected,
17,121,Undirected,
17,122,Undirected,
17,125,Undirected,
17,126,Undirected,
17,127,Undirected,
17,131,Undirected,
17,136,Undirected,
17,137,Undirected,
17,140,Undirected,
17,142,Undirected,
17,146,Undirected,
17,149,Undirected,
17,162,Undirected,
18,19,Undirected,
18,20,Undirected,
18,22,Undirected,
18,23,Undirected,
18,24,Undirected,
18,26,Undirected,
18,41,Undirected,
18,44,Undirected,
18,45,Undirected,
18,46,Undirected,
18,48,Undirected,
18,59,Undirected,
18,64,Undirected,
18,72,Undirected,
18,74,Undirected,
18,82,Undirected,
18,84,Undirected,
18,85,Undirected,
18,87,Undirected,
18,88,Undirected,
18,89,Undirected,
18,92,Undirected,
18,93,Undirected,
18,100,Undirected,
18,101,Undirected,
18,105,Undirected,
18,107,Undirected,
18,113,Undirected,
18,117,Undirected,
18,118,Undirected,
18,121,Undirected,
18,122,Undirected,
18,123,Undirected,
18,124,Undirected,
18,131,Undirected,
18,134,Undirected,
18,135,Undirected,
18,136,Undirected,
18,140,Undirected,
18,142,Undirected,
18,143,Undirected,
18,161,Undirected,
18,162,Undirected,
18,163,Undirected,
19,23,Undirected,
19,40,Undirected,
19,41,Undirected,
19,42,Undirected,
19,43,Undirected,
19,44,Undirected,
19,48,Undirected,
19,56,Undirected,
19,57,Undirected,
19,59,Undirected,
19,64,Undirected,
19,66,Undirected,
19,67,Undirected,
19,82,Undirected,
19,83,Undirected,
19,84,Undirected,
19,85,Undirected,
19,86,Undirected,
19,88,Undirected,
19,89,Undirected,
19,92,Undirected,
19,93,Undirected,
19,100,Undirected,
19,101,Undirected,
19,105,Undirected,
19,113,Undirected,
19,121,Undirected,
19,122,Undirected,
19,126,Undirected,
19,131,Undirected,
19,135,Undirected,
19,136,Undirected,
19,140,Undirected,
19,142,Undirected,
19,156,Undirected,
19,161,Undirected,
19,162,Undirected,
20,26,Undirected,
20,27,Undirected,
20,31,Undirected,
20,43,Undirected,
20,44,Undirected,
20,45,Undirected,
20,46,Undirected,
20,48,Undirected,
20,52,Undirected,
20,57,Undirected,
20,62,Undirected,
20,66,Undirected,
20,67,Undirected,
20,72,Undirected,
20,74,Undirected,
20,75,Undirected,
20,83,Undirected,
20,85,Undirected,
20,87,Undirected,
20,88,Undirected,
20,89,Undirected,
20,97,Undirected,
20,107,Undirected,
20,116,Undirected,
20,118,Undirected,
20,119,Undirected,
20,121,Undirected,
20,122,Undirected,
20,124,Undirected,
20,129,Undirected,
20,134,Undirected,
20,136,Undirected,
20,140,Undirected,
20,142,Undirected,
20,143,Undirected,
20,163,Undirected,
21,22,Undirected,
21,25,Undirected,
21,43,Undirected,
21,56,Undirected,
21,57,Undirected,
21,59,Undirected,
21,64,Undirected,
21,68,Undirected,
21,82,Undirected,
21,84,Undirected,
21,85,Undirected,
21,86,Undirected,
21,87,Undirected,
21,93,Undirected,
21,96,Undirected,
21,97,Undirected,
21,100,Undirected,
21,101,Undirected,
21,104,Undirected,
21,105,Undirected,
21,113,Undirected,
21,121,Undirected,
21,123,Undirected,
21,130,Undirected,
21,131,Undirected,
21,135,Undirected,
21,136,Undirected,
21,162,Undirected,
22,23,Undirected,
22,24,Undirected,
22,41,Undirected,
22,42,Undirected,
22,45,Undirected,
22,71,Undirected,
22,93,Undirected,
22,100,Undirected,
22,101,Undirected,
22,107,Undirected,
22,109,Undirected,
22,113,Undirected,
22,114,Undirected,
22,121,Undirected,
22,122,Undirected,
22,123,Undirected,
22,124,Undirected,
22,134,Undirected,
22,152,Undirected,
22,159,Undirected,
22,161,Undirected,
22,163,Undirected,
22,164,Undirected,
23,24,Undirected,
23,41,Undirected,
23,42,Undirected,
23,44,Undirected,
23,45,Undirected,
23,58,Undirected,
23,63,Undirected,
23,64,Undirected,
23,67,Undirected,
23,89,Undirected,
23,93,Undirected,
23,101,Undirected,
23,109,Undirected,
23,111,Undirected,
23,112,Undirected,
23,121,Undirected,
23,124,Undirected,
23,126,Undirected,
23,134,Undirected,
23,135,Undirected,
23,156,Undirected,
23,161,Undirected,
23,162,Undirected,
24,32,Undirected,
24,45,Undirected,
24,89,Undirected,
24,100,Undirected,
24,109,Undirected,
24,110,Undirected,
24,117,Undirected,
24,124,Undirected,
24,143,Undirected,
24,148,Undirected,
24,161,Undirected,
24,164,Undirected,
25,39,Undirected,
25,40,Undirected,
25,41,Undirected,
25,64,Undirected,
25,68,Undirected,
25,82,Undirected,
25,104,Undirected,
25,105,Undirected,
25,135,Undirected,
25,149,Undirected,
25,162,Undirected,
26,42,Undirected,
26,45,Undirected,
26,74,Undirected,
26,77,Undirected,
26,85,Undirected,
26,87,Undirected,
26,107,Undirected,
26,116,Undirected,
26,117,Undirected,
26,118,Undirected,
26,129,Undirected,
26,130,Undirected,
26,131,Undirected,
26,161,Undirected,
26,163,Undirected,
27,61,Undirected,
27,62,Undirected,
27,63,Undirected,
27,65,Undirected,
27,69,Undirected,
27,70,Undirected,
27,71,Undirected,
27,72,Undirected,
27,85,Undirected,
27,102,Undirected,
27,106,Undirected,
27,107,Undirected,
27,113,Undirected,
27,114,Undirected,
27,116,Undirected,
27,119,Undirected,
28,30,Undirected,
28,69,Undirected,
28,147,Undirected,
29,34,Undirected,
29,36,Undirected,
29,69,Undirected,
29,70,Undirected,
29,76,Undirected,
29,80,Undirected,
29,108,Undirected,
29,120,Undirected,
29,127,Undirected,
29,146,Undirected,
29,150,Undirected,
30,54,Undirected,
30,90,Undirected,
30,102,Undirected,
30,147,Undirected,
31,32,Undirected,
31,45,Undirected,
31,46,Undirected,
31,63,Undirected,
31,66,Undirected,
31,67,Undirected,
31,72,Undirected,
31,73,Undirected,
31,74,Undirected,
31,75,Undirected,
31,89,Undirected,
31,91,Undirected,
31,115,Undirected,
31,124,Undirected,
31,141,Undirected,
31,142,Undirected,
31,143,Undirected,
32,73,Undirected,
32,74,Undirected,
32,75,Undirected,
32,109,Undirected,
32,110,Undirected,
32,141,Undirected,
32,147,Undirected,
32,155,Undirected,
33,34,Undirected,
33,35,Undirected,
33,36,Undirected,
33,37,Undirected,
33,55,Undirected,
33,137,Undirected,
33,138,Undirected,
33,139,Undirected,
33,144,Undirected,
33,150,Undirected,
33,153,Undirected,
33,154,Undirected,
34,35,Undirected,
34,36,Undirected,
34,37,Undirected,
34,38,Undirected,
34,60,Undirected,
34,76,Undirected,
34,77,Undirected,
34,78,Undirected,
34,79,Undirected,
34,80,Undirected,
34,81,Undirected,
34,90,Undirected,
34,98,Undirected,
34,102,Undirected,
34,137,Undirected,
34,138,Undirected,
34,139,Undirected,
34,145,Undirected,
34,146,Undirected,
34,150,Undirected,
34,153,Undirected,
34,154,Undirected,
35,36,Undirected,
35,37,Undirected,
35,38,Undirected,
35,39,Undirected,
35,43,Undirected,
35,55,Undirected,
35,80,Undirected,
35,96,Undirected,
35,99,Undirected,
35,139,Undirected,
35,144,Undirected,
35,145,Undirected,
35,146,Undirected,
35,150,Undirected,
35,153,Undirected,
35,154,Undirected,
35,156,Undirected,
35,158,Undirected,
36,37,Undirected,
36,38,Undirected,
36,39,Undirected,
36,55,Undirected,
36,56,Undirected,
36,57,Undirected,
36,76,Undirected,
36,79,Undirected,
36,80,Undirected,
36,96,Undirected,
36,98,Undirected,
36,136,Undirected,
36,137,Undirected,
36,139,Undirected,
36,145,Undirected,
36,146,Undirected,
36,149,Undirected,
36,150,Undirected,
36,153,Undirected,
36,154,Undirected,
37,38,Undirected,
37,39,Undirected,
37,55,Undirected,
37,76,Undirected,
37,80,Undirected,
37,137,Undirected,
37,138,Undirected,
37,139,Undirected,
37,146,Undirected,
37,150,Undirected,
37,153,Undirected,
37,154,Undirected,
38,39,Undirected,
38,55,Undirected,
38,56,Undirected,
38,57,Undirected,
38,81,Undirected,
38,87,Undirected,
38,105,Undirected,
38,131,Undirected,
38,137,Undirected,
38,150,Undirected,
38,153,Undirected,
38,154,Undirected,
39,40,Undirected,
39,43,Undirected,
39,44,Undirected,
39,56,Undirected,
39,57,Undirected,
39,58,Undirected,
39,104,Undirected,
39,105,Undirected,
39,136,Undirected,
39,145,Undirected,
39,146,Undirected,
39,149,Undirected,
39,150,Undirected,
39,153,Undirected,
39,154,Undirected,
39,156,Undirected,
39,158,Undirected,
39,162,Undirected,
40,41,Undirected,
40,42,Undirected,
40,43,Undirected,
40,44,Undirected,
40,56,Undirected,
40,57,Undirected,
40,58,Undirected,
40,59,Undirected,
40,64,Undirected,
40,92,Undirected,
40,93,Undirected,
40,105,Undirected,
40,117,Undirected,
40,118,Undirected,
40,134,Undirected,
40,136,Undirected,
40,149,Undirected,
40,156,Undirected,
40,158,Undirected,
40,161,Undirected,
40,162,Undirected,
41,42,Undirected,
41,43,Undirected,
41,44,Undirected,
41,49,Undirected,
41,56,Undirected,
41,57,Undirected,
41,58,Undirected,
41,59,Undirected,
41,61,Undirected,
41,69,Undirected,
41,82,Undirected,
41,92,Undirected,
41,93,Undirected,
41,94,Undirected,
41,95,Undirected,
41,100,Undirected,
41,101,Undirected,
41,104,Undirected,
41,105,Undirected,
41,117,Undirected,
41,118,Undirected,
41,121,Undirected,
41,122,Undirected,
41,134,Undirected,
41,135,Undirected,
41,136,Undirected,
41,140,Undirected,
41,149,Undirected,
41,156,Undirected,
41,158,Undirected,
41,161,Undirected,
41,162,Undirected,
42,44,Undirected,
42,45,Undirected,
42,46,Undirected,
42,47,Undirected,
42,48,Undirected,
42,57,Undirected,
42,58,Undirected,
42,71,Undirected,
42,92,Undirected,
42,93,Undirected,
42,101,Undirected,
42,102,Undirected,
42,107,Undirected,
42,110,Undirected,
42,111,Undirected,
42,117,Undirected,
42,118,Undirected,
42,121,Undirected,
42,122,Undirected,
42,134,Undirected,
42,135,Undirected,
42,136,Undirected,
42,140,Undirected,
42,142,Undirected,
42,156,Undirected,
42,159,Undirected,
42,161,Undirected,
42,162,Undirected,
42,163,Undirected,
43,44,Undirected,
43,56,Undirected,
43,57,Undirected,
43,58,Undirected,
43,64,Undirected,
43,65,Undirected,
43,66,Undirected,
43,67,Undirected,
43,82,Undirected,
43,84,Undirected,
43,97,Undirected,
43,101,Undirected,
43,105,Undirected,
43,121,Undirected,
43,134,Undirected,
43,135,Undirected,
43,136,Undirected,
43,140,Undirected,
43,143,Undirected,
43,154,Undirected,
43,156,Undirected,
43,158,Undirected,
43,162,Undirected,
44,46,Undirected,
44,47,Undirected,
44,48,Undirected,
44,56,Undirected,
44,57,Undirected,
44,58,Undirected,
44,61,Undirected,
44,65,Undirected,
44,66,Undirected,
44,67,Undirected,
44,71,Undirected,
44,82,Undirected,
44,84,Undirected,
44,86,Undirected,
44,89,Undirected,
44,92,Undirected,
44,93,Undirected,
44,97,Undirected,
44,101,Undirected,
44,105,Undirected,
44,107,Undirected,
44,118,Undirected,
44,121,Undirected,
44,122,Undirected,
44,125,Undirected,
44,131,Undirected,
44,134,Undirected,
44,135,Undirected,
44,136,Undirected,
44,140,Undirected,
44,142,Undirected,
44,143,Undirected,
44,156,Undirected,
44,158,Undirected,
44,161,Undirected,
44,162,Undirected,
44,163,Undirected,
45,46,Undirected,
45,48,Undirected,
45,58,Undirected,
45,59,Undirected,
45,66,Undirected,
45,67,Undirected,
45,72,Undirected,
45,73,Undirected,
45,74,Undirected,
45,75,Undirected,
45,88,Undirected,
45,89,Undirected,
45,90,Undirected,
45,91,Undirected,
45,101,Undirected,
45,107,Undirected,
45,108,Undirected,
45,109,Undirected,
45,110,Undirected,
45,113,Undirected,
45,115,Undirected,
45,116,Undirected,
45,117,Undirected,
45,118,Undirected,
45,119,Undirected,
45,121,Undirected,
45,124,Undirected,
45,126,Undirected,
45,127,Undirected,
45,128,Undirected,
45,129,Undirected,
45,134,Undirected,
45,140,Undirected,
45,141,Undirected,
45,142,Undirected,
45,143,Undirected,
45,161,Undirected,
45,163,Undirected,
45,164,Undirected,
46,47,Undirected,
46,48,Undirected,
46,58,Undirected,
46,63,Undirected,
46,66,Undirected,
46,67,Undirected,
46,72,Undirected,
46,73,Undirected,
46,74,Undirected,
46,75,Undirected,
46,88,Undirected,
46,89,Undirected,
46,90,Undirected,
46,91,Undirected,
46,93,Undirected,
46,101,Undirected,
46,102,Undirected,
46,107,Undirected,
46,109,Undirected,
46,110,Undirected,
46,113,Undirected,
46,115,Undirected,
46,116,Undirected,
46,118,Undirected,
46,119,Undirected,
46,120,Undirected,
46,122,Undirected,
46,126,Undirected,
46,127,Undirected,
46,128,Undirected,
46,129,Undirected,
46,134,Undirected,
46,136,Undirected,
46,140,Undirected,
46,141,Undirected,
46,142,Undirected,
46,143,Undirected,
46,161,Undirected,
46,163,Undirected,
46,164,Undirected,
47,48,Undirected,
47,56,Undirected,
47,57,Undirected,
47,58,Undirected,
47,60,Undirected,
47,64,Undirected,
47,65,Undirected,
47,66,Undirected,
47,67,Undirected,
47,70,Undirected,
47,74,Undirected,
47,79,Undirected,
47,81,Undirected,
47,88,Undirected,
47,102,Undirected,
47,107,Undirected,
47,112,Undirected,
47,113,Undirected,
47,115,Undirected,
47,116,Undirected,
47,120,Undirected,
47,121,Undirected,
47,122,Undirected,
47,127,Undirected,
47,128,Undirected,
47,131,Undirected,
47,136,Undirected,
47,137,Undirected,
47,140,Undirected,
47,142,Undirected,
47,156,Undirected,
47,163,Undirected,
48,56,Undirected,
48,57,Undirected,
48,58,Undirected,
48,59,Undirected,
48,60,Undirected,
48,65,Undirected,
48,66,Undirected,
48,67,Undirected,
48,72,Undirected,
48,74,Undirected,
48,75,Undirected,
48,79,Undirected,
48,81,Undirected,
48,83,Undirected,
48,86,Undirected,
48,88,Undirected,
48,89,Undirected,
48,91,Undirected,
48,92,Undirected,
48,93,Undirected,
48,97,Undirected,
48,101,Undirected,
48,102,Undirected,
48,106,Undirected,
48,107,Undirected,
48,110,Undirected,
48,113,Undirected,
48,114,Undirected,
48,115,Undirected,
48,116,Undirected,
48,118,Undirected,
48,121,Undirected,
48,122,Undirected,
48,126,Undirected,
48,127,Undirected,
48,128,Undirected,
48,131,Undirected,
48,134,Undirected,
48,136,Undirected,
48,140,Undirected,
48,141,Undirected,
48,142,Undirected,
48,143,Undirected,
48,161,Undirected,
48,163,Undirected,
49,58,Undirected,
49,59,Undirected,
49,92,Undirected,
49,94,Undirected,
49,95,Undirected,
49,133,Undirected,
49,134,Undirected,
50,51,Undirected,
50,54,Undirected,
50,99,Undirected,
50,139,Undirected,
50,144,Undirected,
50,151,Undirected,
50,152,Undirected,
50,159,Undirected,
51,54,Undirected,
51,139,Undirected,
51,144,Undirected,
51,151,Undirected,
51,152,Undirected,
51,159,Undirected,
52,82,Undirected,
52,83,Undirected,
52,85,Undirected,
52,87,Undirected,
52,95,Undirected,
52,135,Undirected,
53,54,Undirected,
53,55,Undirected,
53,133,Undirected,
53,144,Undirected,
53,147,Undirected,
53,148,Undirected,
53,157,Undirected,
54,133,Undirected,
54,144,Undirected,
54,147,Undirected,
54,148,Undirected,
54,155,Undirected,
55,139,Undirected,
55,144,Undirected,
55,150,Undirected,
55,153,Undirected,
55,154,Undirected,
56,57,Undirected,
56,58,Undirected,
56,59,Undirected,
56,64,Undirected,
56,67,Undirected,
56,79,Undirected,
56,81,Undirected,
56,82,Undirected,
56,83,Undirected,
56,84,Undirected,
56,86,Undirected,
56,87,Undirected,
56,92,Undirected,
56,93,Undirected,
56,95,Undirected,
56,97,Undirected,
56,101,Undirected,
56,104,Undirected,
56,105,Undirected,
56,121,Undirected,
56,122,Undirected,
56,130,Undirected,
56,131,Undirected,
56,134,Undirected,
56,135,Undirected,
56,136,Undirected,
56,137,Undirected,
56,140,Undirected,
56,143,Undirected,
56,149,Undirected,
56,153,Undirected,
56,162,Undirected,
57,58,Undirected,
57,59,Undirected,
57,64,Undirected,
57,66,Undirected,
57,67,Undirected,
57,79,Undirected,
57,81,Undirected,
57,82,Undirected,
57,83,Undirected,
57,84,Undirected,
57,86,Undirected,
57,87,Undirected,
57,92,Undirected,
57,93,Undirected,
57,97,Undirected,
57,101,Undirected,
57,105,Undirected,
57,107,Undirected,
57,121,Undirected,
57,122,Undirected,
57,130,Undirected,
57,131,Undirected,
57,134,Undirected,
57,135,Undirected,
57,136,Undirected,
57,140,Undirected,
57,142,Undirected,
57,143,Undirected,
57,153,Undirected,
57,156,Undirected,
57,162,Undirected,
57,163,Undirected,
58,59,Undirected,
58,60,Undirected,
58,65,Undirected,
58,66,Undirected,
58,67,Undirected,
58,83,Undirected,
58,84,Undirected,
58,86,Undirected,
58,88,Undirected,
58,91,Undirected,
58,92,Undirected,
58,93,Undirected,
58,101,Undirected,
58,102,Undirected,
58,103,Undirected,
58,107,Undirected,
58,121,Undirected,
58,122,Undirected,
58,126,Undirected,
58,130,Undirected,
58,134,Undirected,
58,136,Undirected,
58,140,Undirected,
58,142,Undirected,
58,156,Undirected,
58,162,Undirected,
59,83,Undirected,
59,88,Undirected,
59,89,Undirected,
59,92,Undirected,
59,93,Undirected,
59,100,Undirected,
59,101,Undirected,
59,105,Undirected,
59,126,Undirected,
59,130,Undirected,
59,131,Undirected,
59,134,Undirected,
59,135,Undirected,
59,136,Undirected,
59,140,Undirected,
59,142,Undirected,
59,143,Undirected,
59,161,Undirected,
59,162,Undirected,
60,61,Undirected,
60,62,Undirected,
60,70,Undirected,
60,79,Undirected,
60,81,Undirected,
60,88,Undirected,
60,102,Undirected,
60,106,Undirected,
60,127,Undirected,
60,137,Undirected,
60,140,Undirected,
60,146,Undirected,
61,70,Undirected,
61,77,Undirected,
61,82,Undirected,
61,92,Undirected,
61,97,Undirected,
61,100,Undirected,
61,102,Undirected,
61,106,Undirected,
61,121,Undirected,
61,122,Undirected,
61,134,Undirected,
61,135,Undirected,
61,160,Undirected,
62,64,Undirected,
62,65,Undirected,
62,79,Undirected,
62,81,Undirected,
62,82,Undirected,
62,83,Undirected,
62,84,Undirected,
62,85,Undirected,
62,87,Undirected,
62,102,Undirected,
62,106,Undirected,
62,112,Undirected,
62,125,Undirected,
62,137,Undirected,
62,138,Undirected,
63,65,Undirected,
63,67,Undirected,
63,70,Undirected,
63,71,Undirected,
63,72,Undirected,
63,74,Undirected,
63,107,Undirected,
63,111,Undirected,
63,112,Undirected,
63,113,Undirected,
63,114,Undirected,
63,115,Undirected,
63,116,Undirected,
63,119,Undirected,
63,163,Undirected,
64,65,Undirected,
64,66,Undirected,
64,67,Undirected,
64,68,Undirected,
64,72,Undirected,
64,82,Undirected,
64,84,Undirected,
64,85,Undirected,
64,86,Undirected,
64,87,Undirected,
64,97,Undirected,
64,111,Undirected,
64,112,Undirected,
64,113,Undirected,
64,121,Undirected,
64,122,Undirected,
64,130,Undirected,
64,131,Undirected,
64,135,Undirected,
64,136,Undirected,
65,66,Undirected,
65,67,Undirected,
65,71,Undirected,
65,72,Undirected,
65,79,Undirected,
65,82,Undirected,
65,84,Undirected,
65,86,Undirected,
65,101,Undirected,
65,106,Undirected,
65,107,Undirected,
65,112,Undirected,
65,113,Undirected,
65,114,Undirected,
65,115,Undirected,
65,119,Undirected,
65,121,Undirected,
65,122,Undirected,
65,125,Undirected,
65,136,Undirected,
65,138,Undirected,
65,140,Undirected,
66,67,Undirected,
66,70,Undirected,
66,71,Undirected,
66,72,Undirected,
66,74,Undirected,
66,88,Undirected,
66,89,Undirected,
66,97,Undirected,
66,101,Undirected,
66,106,Undirected,
66,107,Undirected,
66,113,Undirected,
66,114,Undirected,
66,115,Undirected,
66,116,Undirected,
66,119,Undirected,
66,121,Undirected,
66,122,Undirected,
66,124,Undirected,
66,127,Undirected,
66,134,Undirected,
66,136,Undirected,
66,140,Undirected,
66,142,Undirected,
66,143,Undirected,
66,156,Undirected,
66,163,Undirected,
67,68,Undirected,
67,70,Undirected,
67,71,Undirected,
67,72,Undirected,
67,89,Undirected,
67,97,Undirected,
67,101,Undirected,
67,106,Undirected,
67,107,Undirected,
67,112,Undirected,
67,113,Undirected,
67,114,Undirected,
67,115,Undirected,
67,116,Undirected,
67,119,Undirected,
67,121,Undirected,
67,124,Undirected,
67,127,Undirected,
67,134,Undirected,
67,135,Undirected,
67,136,Undirected,
67,140,Undirected,
67,142,Undirected,
67,143,Undirected,
67,156,Undirected,
67,163,Undirected,
68,70,Undirected,
68,84,Undirected,
68,87,Undirected,
68,97,Undirected,
68,111,Undirected,
68,112,Undirected,
68,119,Undirected,
68,121,Undirected,
68,127,Undirected,
69,70,Undirected,
69,71,Undirected,
69,125,Undirected,
69,134,Undirected,
69,135,Undirected,
70,102,Undirected,
70,106,Undirected,
70,120,Undirected,
70,127,Undirected,
71,72,Undirected,
71,97,Undirected,
71,114,Undirected,
71,116,Undirected,
71,119,Undirected,
71,121,Undirected,
71,123,Undirected,
71,124,Undirected,
71,134,Undirected,
71,135,Undirected,
71,163,Undirected,
72,73,Undirected,
72,74,Undirected,
72,75,Undirected,
72,88,Undirected,
72,89,Undirected,
72,97,Undirected,
72,100,Undirected,
72,101,Undirected,
72,107,Undirected,
72,113,Undirected,
72,114,Undirected,
72,115,Undirected,
72,116,Undirected,
72,119,Undirected,
72,121,Undirected,
72,124,Undirected,
72,127,Undirected,
72,134,Undirected,
72,140,Undirected,
72,142,Undirected,
72,143,Undirected,
72,163,Undirected,
73,74,Undirected,
73,75,Undirected,
73,91,Undirected,
73,107,Undirected,
73,109,Undirected,
73,110,Undirected,
73,115,Undirected,
73,128,Undirected,
73,141,Undirected,
73,164,Undirected,
74,75,Undirected,
74,88,Undirected,
74,89,Undirected,
74,90,Undirected,
74,91,Undirected,
74,107,Undirected,
74,108,Undirected,
74,109,Undirected,
74,110,Undirected,
74,113,Undirected,
74,115,Undirected,
74,116,Undirected,
74,117,Undirected,
74,118,Undirected,
74,119,Undirected,
74,120,Undirected,
74,127,Undirected,
74,128,Undirected,
74,129,Undirected,
74,140,Undirected,
74,141,Undirected,
74,142,Undirected,
74,143,Undirected,
74,163,Undirected,
74,164,Undirected,
75,88,Undirected,
75,89,Undirected,
75,90,Undirected,
75,91,Undirected,
75,107,Undirected,
75,109,Undirected,
75,110,Undirected,
75,115,Undirected,
75,118,Undirected,
75,128,Undirected,
75,129,Undirected,
75,140,Undirected,
75,141,Undirected,
75,142,Undirected,
75,143,Undirected,
75,163,Undirected,
75,164,Undirected,
76,78,Undirected,
76,80,Undirected,
76,125,Undirected,
76,137,Undirected,
76,138,Undirected,
76,146,Undirected,
76,150,Undirected,
76,153,Undirected,
77,78,Undirected,
77,79,Undirected,
77,80,Undirected,
77,81,Undirected,
77,85,Undirected,
77,87,Undirected,
77,92,Undirected,
77,114,Undirected,
77,122,Undirected,
77,129,Undirected,
77,137,Undirected,
77,138,Undirected,
77,145,Undirected,
77,150,Undirected,
77,159,Undirected,
77,160,Undirected,
78,79,Undirected,
78,80,Undirected,
78,81,Undirected,
78,86,Undirected,
78,96,Undirected,
78,114,Undirected,
78,125,Undirected,
78,137,Undirected,
78,138,Undirected,
78,145,Undirected,
78,146,Undirected,
78,150,Undirected,
78,153,Undirected,
78,160,Undirected,
79,80,Undirected,
79,81,Undirected,
79,86,Undirected,
79,98,Undirected,
79,102,Undirected,
79,115,Undirected,
79,125,Undirected,
79,136,Undirected,
79,137,Undirected,
79,138,Undirected,
79,145,Undirected,
79,146,Undirected,
79,149,Undirected,
79,150,Undirected,
79,153,Undirected,
80,96,Undirected,
80,98,Undirected,
80,125,Undirected,
80,137,Undirected,
80,138,Undirected,
80,139,Undirected,
80,145,Undirected,
80,146,Undirected,
80,150,Undirected,
80,151,Undirected,
80,153,Undirected,
81,84,Undirected,
81,85,Undirected,
81,86,Undirected,
81,87,Undirected,
81,92,Undirected,
81,102,Undirected,
81,107,Undirected,
81,113,Undirected,
81,115,Undirected,
81,122,Undirected,
81,125,Undirected,
81,131,Undirected,
81,136,Undirected,
81,137,Undirected,
81,138,Undirected,
81,149,Undirected,
81,153,Undirected,
82,83,Undirected,
82,84,Undirected,
82,85,Undirected,
82,86,Undirected,
82,87,Undirected,
82,92,Undirected,
82,93,Undirected,
82,95,Undirected,
82,96,Undirected,
82,97,Undirected,
82,100,Undirected,
82,101,Undirected,
82,105,Undirected,
82,121,Undirected,
82,122,Undirected,
82,125,Undirected,
82,131,Undirected,
82,134,Undirected,
82,135,Undirected,
82,136,Undirected,
82,162,Undirected,
83,84,Undirected,
83,86,Undirected,
83,87,Undirected,
83,93,Undirected,
83,101,Undirected,
83,103,Undirected,
83,105,Undirected,
83,126,Undirected,
83,130,Undirected,
83,136,Undirected,
83,142,Undirected,
83,162,Undirected,
84,85,Undirected,
84,86,Undirected,
84,87,Undirected,
84,92,Undirected,
84,93,Undirected,
84,95,Undirected,
84,97,Undirected,
84,101,Undirected,
84,104,Undirected,
84,105,Undirected,
84,113,Undirected,
84,121,Undirected,
84,122,Undirected,
84,130,Undirected,
84,131,Undirected,
84,134,Undirected,
84,135,Undirected,
84,136,Undirected,
84,162,Undirected,
85,87,Undirected,
85,97,Undirected,
85,106,Undirected,
85,112,Undirected,
85,113,Undirected,
85,114,Undirected,
85,121,Undirected,
85,122,Undirected,
85,125,Undirected,
85,131,Undirected,
86,87,Undirected,
86,92,Undirected,
86,93,Undirected,
86,97,Undirected,
86,101,Undirected,
86,103,Undirected,
86,104,Undirected,
86,105,Undirected,
86,121,Undirected,
86,122,Undirected,
86,125,Undirected,
86,131,Undirected,
86,136,Undirected,
86,138,Undirected,
86,145,Undirected,
86,146,Undirected,
86,149,Undirected,
86,162,Undirected,
87,105,Undirected,
87,121,Undirected,
87,130,Undirected,
87,131,Undirected,
87,136,Undirected,
87,137,Undirected,
87,153,Undirected,
87,163,Undirected,
88,89,Undirected,
88,90,Undirected,
88,91,Undirected,
88,107,Undirected,
88,110,Undirected,
88,113,Undirected,
88,115,Undirected,
88,116,Undirected,
88,118,Undirected,
88,120,Undirected,
88,127,Undirected,
88,140,Undirected,
88,141,Undirected,
88,142,Undirected,
89,91,Undirected,
89,93,Undirected,
89,100,Undirected,
89,101,Undirected,
89,107,Undirected,
89,109,Undirected,
89,110,Undirected,
89,113,Undirected,
89,115,Undirected,
89,116,Undirected,
89,118,Undirected,
89,122,Undirected,
89,124,Undirected,
89,126,Undirected,
89,134,Undirected,
89,140,Undirected,
89,141,Undirected,
89,142,Undirected,
89,143,Undirected,
89,161,Undirected,
89,163,Undirected,
89,164,Undirected,
90,91,Undirected,
90,107,Undirected,
90,108,Undirected,
90,109,Undirected,
90,110,Undirected,
90,116,Undirected,
90,118,Undirected,
90,120,Undirected,
90,128,Undirected,
90,129,Undirected,
90,140,Undirected,
90,141,Undirected,
90,163,Undirected,
90,164,Undirected,
91,102,Undirected,
91,103,Undirected,
91,107,Undirected,
91,109,Undirected,
91,110,Undirected,
91,115,Undirected,
91,118,Undirected,
91,128,Undirected,
91,129,Undirected,
91,140,Undirected,
91,141,Undirected,
91,142,Undirected,
91,164,Undirected,
92,93,Undirected,
92,94,Undirected,
92,95,Undirected,
92,100,Undirected,
92,101,Undirected,
92,102,Undirected,
92,103,Undirected,
92,104,Undirected,
92,105,Undirected,
92,122,Undirected,
92,131,Undirected,
92,134,Undirected,
92,136,Undirected,
92,140,Undirected,
92,145,Undirected,
92,149,Undirected,
92,162,Undirected,
93,95,Undirected,
93,97,Undirected,
93,100,Undirected,
93,101,Undirected,
93,103,Undirected,
93,104,Undirected,
93,105,Undirected,
93,107,Undirected,
93,122,Undirected,
93,130,Undirected,
93,131,Undirected,
93,134,Undirected,
93,135,Undirected,
93,136,Undirected,
93,140,Undirected,
93,142,Undirected,
93,145,Undirected,
93,149,Undirected,
93,161,Undirected,
93,162,Undirected,
93,163,Undirected,
93,164,Undirected,
94,95,Undirected,
94,159,Undirected,
94,160,Undirected,
95,100,Undirected,
95,101,Undirected,
95,105,Undirected,
95,134,Undirected,
95,135,Undirected,
95,160,Undirected,
96,104,Undirected,
96,131,Undirected,
96,138,Undirected,
96,145,Undirected,
96,146,Undirected,
96,150,Undirected,
96,153,Undirected,
96,158,Undirected,
97,100,Undirected,
97,101,Undirected,
97,106,Undirected,
97,113,Undirected,
97,114,Undirected,
97,116,Undirected,
97,121,Undirected,
97,122,Undirected,
97,124,Undirected,
97,131,Undirected,
97,134,Undirected,
97,135,Undirected,
97,136,Undirected,
97,140,Undirected,
97,143,Undirected,
97,163,Undirected,
98,139,Undirected,
98,145,Undirected,
98,146,Undirected,
98,155,Undirected,
99,104,Undirected,
99,144,Undirected,
100,101,Undirected,
100,113,Undirected,
100,124,Undirected,
100,131,Undirected,
100,134,Undirected,
100,135,Undirected,
100,140,Undirected,
100,143,Undirected,
101,105,Undirected,
101,107,Undirected,
101,121,Undirected,
101,122,Undirected,
101,124,Undirected,
101,131,Undirected,
101,134,Undirected,
101,135,Undirected,
101,136,Undirected,
101,140,Undirected,
101,142,Undirected,
101,143,Undirected,
101,161,Undirected,
101,162,Undirected,
101,163,Undirected,
102,107,Undirected,
102,122,Undirected,
102,137,Undirected,
102,142,Undirected,
102,160,Undirected,
103,141,Undirected,
104,105,Undirected,
104,130,Undirected,
104,136,Undirected,
104,162,Undirected,
105,117,Undirected,
105,130,Undirected,
105,131,Undirected,
105,134,Undirected,
105,135,Undirected,
105,136,Undirected,
105,149,Undirected,
105,162,Undirected,
106,112,Undirected,
106,113,Undirected,
106,114,Undirected,
106,115,Undirected,
106,116,Undirected,
106,121,Undirected,
106,122,Undirected,
106,125,Undirected,
106,127,Undirected,
106,131,Undirected,
107,108,Undirected,
107,109,Undirected,
107,110,Undirected,
107,112,Undirected,
107,113,Undirected,
107,114,Undirected,
107,115,Undirected,
107,116,Undirected,
107,118,Undirected,
107,119,Undirected,
107,120,Undirected,
107,121,Undirected,
107,122,Undirected,
107,127,Undirected,
107,128,Undirected,
107,129,Undirected,
107,131,Undirected,
107,134,Undirected,
107,136,Undirected,
107,140,Undirected,
107,141,Undirected,
107,142,Undirected,
107,161,Undirected,
107,163,Undirected,
107,164,Undirected,
108,109,Undirected,
108,110,Undirected,
108,116,Undirected,
108,118,Undirected,
108,119,Undirected,
108,120,Undirected,
108,128,Undirected,
108,129,Undirected,
108,140,Undirected,
108,163,Undirected,
108,164,Undirected,
109,110,Undirected,
109,115,Undirected,
109,117,Undirected,
109,118,Undirected,
109,120,Undirected,
109,141,Undirected,
109,142,Undirected,
109,164,Undirected,
110,115,Undirected,
110,117,Undirected,
110,118,Undirected,
110,119,Undirected,
110,120,Undirected,
110,122,Undirected,
110,128,Undirected,
110,140,Undirected,
110,141,Undirected,
110,142,Undirected,
110,155,Undirected,
110,163,Undirected,
110,164,Undirected,
111,112,Undirected,
111,113,Undirected,
111,114,Undirected,
111,119,Undirected,
111,121,Undirected,
111,156,Undirected,
112,113,Undirected,
112,114,Undirected,
112,115,Undirected,
112,116,Undirected,
112,121,Undirected,
112,127,Undirected,
112,132,Undirected,
113,114,Undirected,
113,115,Undirected,
113,116,Undirected,
113,119,Undirected,
113,121,Undirected,
113,122,Undirected,
113,124,Undirected,
113,126,Undirected,
113,127,Undirected,
113,131,Undirected,
113,140,Undirected,
113,163,Undirected,
114,115,Undirected,
114,116,Undirected,
114,119,Undirected,
114,121,Undirected,
114,127,Undirected,
114,131,Undirected,
114,140,Undirected,
114,163,Undirected,
115,116,Undirected,
115,119,Undirected,
115,126,Undirected,
115,127,Undirected,
115,128,Undirected,
115,140,Undirected,
115,141,Undirected,
115,142,Undirected,
115,163,Undirected,
115,164,Undirected,
116,119,Undirected,
116,120,Undirected,
116,124,Undirected,
116,127,Undirected,
116,128,Undirected,
116,129,Undirected,
116,131,Undirected,
116,140,Undirected,
116,142,Undirected,
116,143,Undirected,
116,163,Undirected,
116,164,Undirected,
117,118,Undirected,
117,119,Undirected,
117,120,Undirected,
117,141,Undirected,
117,161,Undirected,
118,119,Undirected,
118,120,Undirected,
118,129,Undirected,
118,134,Undirected,
118,140,Undirected,
118,141,Undirected,
118,142,Undirected,
118,143,Undirected,
118,161,Undirected,
118,163,Undirected,
118,164,Undirected,
119,120,Undirected,
119,121,Undirected,
119,124,Undirected,
119,127,Undirected,
119,140,Undirected,
119,143,Undirected,
119,163,Undirected,
120,128,Undirected,
120,140,Undirected,
120,141,Undirected,
120,163,Undirected,
121,122,Undirected,
121,124,Undirected,
121,131,Undirected,
121,134,Undirected,
121,135,Undirected,
121,136,Undirected,
121,140,Undirected,
121,143,Undirected,
121,156,Undirected,
121,161,Undirected,
121,162,Undirected,
121,163,Undirected,
122,131,Undirected,
122,134,Undirected,
122,135,Undirected,
122,136,Undirected,
122,140,Undirected,
122,142,Undirected,
122,161,Undirected,
122,162,Undirected,
122,163,Undirected,
123,135,Undirected,
123,161,Undirected,
124,134,Undirected,
124,135,Undirected,
124,143,Undirected,
124,163,Undirected,
125,136,Undirected,
125,138,Undirected,
125,145,Undirected,
125,146,Undirected,
125,162,Undirected,
126,127,Undirected,
126,140,Undirected,
126,142,Undirected,
127,128,Undirected,
127,140,Undirected,
127,142,Undirected,
127,143,Undirected,
127,163,Undirected,
128,129,Undirected,
128,140,Undirected,
128,141,Undirected,
128,163,Undirected,
128,164,Undirected,
129,141,Undirected,
129,163,Undirected,
129,164,Undirected,
130,131,Undirected,
130,136,Undirected,
130,163,Undirected,
131,136,Undirected,
131,140,Undirected,
131,143,Undirected,
131,153,Undirected,
131,163,Undirected,
132,152,Undirected,
134,135,Undirected,
134,136,Undirected,
134,140,Undirected,
134,142,Undirected,
134,143,Undirected,
134,156,Undirected,
134,158,Undirected,
134,161,Undirected,
134,162,Undirected,
134,163,Undirected,
135,136,Undirected,
135,143,Undirected,
135,156,Undirected,
135,158,Undirected,
135,161,Undirected,
135,162,Undirected,
136,140,Undirected,
136,142,Undirected,
136,143,Undirected,
136,153,Undirected,
136,156,Undirected,
136,162,Undirected,
136,163,Undirected,
137,138,Undirected,
137,139,Undirected,
137,146,Undirected,
137,150,Undirected,
137,153,Undirected,
137,160,Undirected,
138,145,Undirected,
138,146,Undirected,
138,150,Undirected,
138,153,Undirected,
138,160,Undirected,
139,144,Undirected,
139,150,Undirected,
139,153,Undirected,
139,154,Undirected,
140,141,Undirected,
140,142,Undirected,
140,143,Undirected,
140,156,Undirected,
140,161,Undirected,
140,163,Undirected,
141,142,Undirected,
141,163,Undirected,
141,164,Undirected,
142,143,Undirected,
142,161,Undirected,
142,163,Undirected,
142,164,Undirected,
143,163,Undirected,
144,154,Undirected,
145,146,Undirected,
145,149,Undirected,
145,150,Undirected,
145,151,Undirected,
145,153,Undirected,
145,162,Undirected,
146,149,Undirected,
146,150,Undirected,
146,153,Undirected,
147,148,Undirected,
147,155,Undirected,
147,157,Undirected,
148,157,Undirected,
149,150,Undirected,
149,162,Undirected,
150,153,Undirected,
150,154,Undirected,
151,152,Undirected,
151,155,Undirected,
151,159,Undirected,
153,154,Undirected,
154,158,Undirected,
155,158,Undirected,
156,158,Undirected,
156,161,Undirected,
156,162,Undirected,
159,160,Undirected,
159,161,Undirected,
161,163,Undirected,
163,164,Undirected,
