Source,Target,Type,Label
1,2,Undirected,
1,5,Undirected,
1,7,Undirected,
1,30,Undirected,
1,43,Undirected,
1,53,Undirected,
1,70,Undirected,
1,133,Undirected,
1,147,Undirected,
1,148,Undirected,
1,155,Undirected,
1,156,Undirected,
1,157,Undirected,
1,158,Undirected,
2,5,Undirected,
2,6,Undirected,
2,7,Undirected,
2,8,Undirected,
2,10,Undirected,
2,12,Undirected,
2,36,Undirected,
2,42,Undirected,
2,43,Undirected,
2,44,Undirected,
2,53,Undirected,
2,54,Undirected,
2,133,Undirected,
2,147,Undirected,
2,148,Undirected,
2,153,Undirected,
2,155,Undirected,
2,156,Undirected,
2,157,Undirected,
2,159,Undirected,
3,4,Undirected,
3,11,Undirected,
3,14,Undirected,
3,15,Undirected,
3,16,Undirected,
3,17,Undirected,
3,18,Undirected,
3,19,Undirected,
3,37,Undirected,
3,38,Undirected,
3,39,Undirected,
3,50,Undirected,
3,51,Undirected,
3,55,Undirected,
3,62,Undirected,
3,63,Undirected,
3,68,Undirected,
3,76,Undirected,
3,78,Undirected,
3,79,Undirected,
3,80,Undirected,
3,81,Undirected,
3,82,Undirected,
3,83,Undirected,
3,84,Undirected,
3,85,Undirected,
3,86,Undirected,
3,87,Undirected,
3,96,Undirected,
3,97,Undirected,
3,98,Undirected,
3,99,Undirected,
3,102,Undirected,
3,103,Undirected,
3,104,Undirected,
3,105,Undirected,
3,106,Undirected,
3,137,Undirected,
3,138,Undirected,
3,144,Undirected,
3,145,Undirected,
3,146,Undirected,
3,150,Undirected,
4,11,Undirected,
4,12,Undirected,
4,14,Undirected,
4,15,Undirected,
4,16,Undirected,
4,17,Undirected,
4,18,Undirected,
4,19,Undirected,
4,20,Undirected,
4,37,Undirected,
4,38,Undirected,
4,39,Undirected,
4,50,Undirected,
4,51,Undirected,
4,55,Undirected,
4,62,Undirected,
4,63,Undirected,
4,68,Undirected,
4,76,Undirected,
4,77,Undirected,
4,78,Undirected,
4,79,Undirected,
4,80,Undirected,
4,81,Undirected,
4,82,Undirected,
4,83,Undirected,
4,84,Undirected,
4,85,Undirected,
4,86,Undirected,
4,87,Undirected,
4,96,Undirected,
4,97,Undirected,
4,99,Undirected,
4,102,Undirected,
4,103,Undirected,
4,104,Undirected,
4,105,Undirected,
4,106,Undirected,
4,137,Undirected,
4,138,Undirected,
4,144,Undirected,
4,145,Undirected,
4,146,Undirected,
4,161,Undirected,
4,162,Undirected,
5,6,Undirected,
5,7,Undirected,
5,8,Undirected,
5,13,Undirected,
5,14,Undirected,
5,33,Undirected,
5,34,Undirected,
5,50,Undirected,
5,51,Undirected,
5,53,Undirected,
5,54,Undirected,
5,55,Undirected,
5,96,Undirected,
5,135,Undirected,
5,139,Undirected,
5,144,Undirected,
5,147,Undirected,
5,148,Undirected,
5,151,Undirected,
5,152,Undirected,
5,155,Undirected,
6,7,Undirected,
6,8,Undirected,
6,10,Undirected,
6,13,Undirected,
6,14,Undirected,
6,34,Undirected,
6,42,Undirected,
6,44,Undirected,
6,49,Undirected,
6,50,Undirected,
6,51,Undirected,
6,52,Undirected,
6,53,Undirected,
6,54,Undirected,
6,139,Undirected,
6,144,Undirected,
6,151,Undirected,
6,152,Undirected,
6,155,Undirected,
6,159,Undirected,
7,8,Undirected,
7,11,Undirected,
7,12,Undirected,
7,13,Undirected,
7,14,Undirected,
7,33,Undirected,
7,34,Undirected,
7,35,Undirected,
7,36,Undirected,
7,39,Undirected,
7,42,Undirected,
7,43,Undirected,
7,44,Undirected,
7,50,Undirected,
7,51,Undirected,
7,53,Undirected,
7,54,Undirected,
7,55,Undirected,
7,56,Undirected,
7,57,Undirected,
7,134,Undirected,
7,136,Undirected,
7,139,Undirected,
7,144,Undirected,
7,147,Undirected,
7,152,Undirected,
7,153,Undirected,
7,154,Undirected,
7,155,Undirected,
7,156,Undirected,
7,157,Undirected,
7,158,Undirected,
8,10,Undirected,
8,11,Undirected,
8,12,Undirected,
8,13,Undirected,
8,14,Undirected,
8,33,Undirected,
8,34,Undirected,
8,35,Undirected,
8,36,Undirected,
8,43,Undirected,
8,44,Undirected,
8,50,Undirected,
8,51,Undirected,
8,53,Undirected,
8,54,Undirected,
8,55,Undirected,
8,77,Undirected,
8,134,Undirected,
8,139,Undirected,
8,144,Undirected,
8,147,Undirected,
8,151,Undirected,
8,152,Undirected,
8,153,Undirected,
8,154,Undirected,
8,155,Undirected,
8,156,Undirected,
8,157,Undirected,
9,10,Undirected,
9,11,Undirected,
9,39,Undirected,
9,40,Undirected,
9,43,Undirected,
9,60,Undirected,
9,61,Undirected,
9,76,Undirected,
9,77,Undirected,
9,90,Undirected,
9,131,Undirected,
9,146,Undirected,
9,149,Undirected,
9,150,Undirected,
9,158,Undirected,
9,159,Undirected,
9,160,Undirected,
9,162,Undirected,
10,12,Undirected,
10,18,Undirected,
10,20,Undirected,
10,24,Undirected,
10,29,Undirected,
10,54,Undirected,
10,61,Undirected,
10,77,Undirected,
10,81,Undirected,
10,145,Undirected,
10,149,Undirected,
10,155,Undirected,
10,159,Undirected,
10,160,Undirected,
10,161,Undirected,
11,12,Undirected,
11,37,Undirected,
11,38,Undirected,
11,39,Undirected,
11,40,Undirected,
11,53,Undirected,
11,55,Undirected,
11,56,Undirected,
11,57,Undirected,
11,76,Undirected,
11,77,Undirected,
11,79,Undirected,
11,80,Undirected,
11,136,Undirected,
11,144,Undirected,
11,145,Undirected,
11,146,Undirected,
11,153,Undirected,
11,154,Undirected,
11,155,Undirected,
11,157,Undirected,
12,13,Undirected,
12,14,Undirected,
12,34,Undirected,
12,36,Undirected,
12,37,Undirected,
12,38,Undirected,
12,51,Undirected,
12,53,Undirected,
12,54,Undirected,
12,55,Undirected,
12,77,Undirected,
12,79,Undirected,
12,80,Undirected,
12,81,Undirected,
12,137,Undirected,
12,138,Undirected,
12,144,Undirected,
12,145,Undirected,
12,153,Undirected,
12,155,Undirected,
12,157,Undirected,
13,14,Undirected,
13,33,Undirected,
13,34,Undirected,
13,35,Undirected,
13,36,Undirected,
13,37,Undirected,
13,50,Undirected,
13,51,Undirected,
13,53,Undirected,
13,54,Undirected,
13,55,Undirected,
13,77,Undirected,
13,79,Undirected,
13,80,Undirected,
13,81,Undirected,
13,84,Undirected,
13,85,Undirected,
13,86,Undirected,
13,137,Undirected,
13,138,Undirected,
13,139,Undirected,
13,144,Undirected,
13,151,Undirected,
13,152,Undirected,
13,153,Undirected,
13,154,Undirected,
13,155,Undirected,
14,17,Undirected,
14,33,Undirected,
14,34,Undirected,
14,37,Undirected,
14,38,Undirected,
14,50,Undirected,
14,51,Undirected,
14,53,Undirected,
14,54,Undirected,
14,55,Undirected,
14,77,Undirected,
14,78,Undirected,
14,79,Undirected,
14,80,Undirected,
14,81,Undirected,
14,82,Undirected,
14,84,Undirected,
14,85,Undirected,
14,86,Undirected,
14,96,Undirected,
14,97,Undirected,
14,137,Undirected,
14,138,Undirected,
14,139,Undirected,
14,144,Undirected,
14,145,Undirected,
14,151,Undirected,
14,152,Undirected,
14,153,Undirected,
15,16,Undirected,
15,17,Undirected,
15,19,Undirected,
15,21,Undirected,
15,22,Undirected,
15,23,Undirected,
15,27,Undirected,
15,28,Undirected,
15,41,Undirected,
15,60,Undirected,
15,62,Undirected,
15,63,Undirected,
15,64,Undirected,
15,65,Undirected,
15,68,Undirected,
15,69,Undirected,
15,71,Undirected,
15,82,Undirected,
15,83,Undirected,
15,84,Undirected,
15,86,Undirected,
15,97,Undirected,
15,99,Undirected,
15,100,Undirected,
15,101,Undirected,
15,102,Undirected,
15,103,Undirected,
15,106,Undirected,
15,114,Undirected,
15,121,Undirected,
15,132,Undirected,
15,162,Undirected,
16,17,Undirected,
16,18,Undirected,
16,19,Undirected,
16,21,Undirected,
16,22,Undirected,
16,23,Undirected,
16,27,Undirected,
16,28,Undirected,
16,60,Undirected,
16,62,Undirected,
16,63,Undirected,
16,64,Undirected,
16,65,Undirected,
16,68,Undirected,
16,69,Undirected,
16,71,Undirected,
16,82,Undirected,
16,83,Undirected,
16,84,Undirected,
16,96,Undirected,
16,97,Undirected,
16,99,Undirected,
16,100,Undirected,
16,101,Undirected,
16,102,Undirected,
16,103,Undirected,
16,105,Undirected,
16,106,Undirected,
16,114,Undirected,
16,132,Undirected,
16,160,Undirected,
16,162,Undirected,
17,19,Undirected,
17,21,Undirected,
17,50,Undirected,
17,51,Undirected,
17,55,Undirected,
17,60,Undirected,
17,79,Undirected,
17,80,Undirected,
17,81,Undirected,
17,82,Undirected,
17,83,Undirected,
17,84,Undirected,
17,85,Undirected,
17,86,Undirected,
17,87,Undirected,
17,96,Undirected,
17,97,Undirected,
17,100,Undirected,
17,103,Undirected,
17,105,Undirected,
17,106,Undirected,
17,137,Undirected,
17,138,Undirected,
17,144,Undirected,
18,19,Undirected,
18,20,Undirected,
18,21,Undirected,
18,22,Undirected,
18,23,Undirected,
18,24,Undirected,
18,28,Undirected,
18,42,Undirected,
18,78,Undirected,
18,83,Undirected,
18,84,Undirected,
18,161,Undirected,
19,20,Undirected,
19,21,Undirected,
19,23,Undirected,
19,24,Undirected,
19,27,Undirected,
19,28,Undirected,
19,60,Undirected,
19,61,Undirected,
19,62,Undirected,
19,68,Undirected,
19,71,Undirected,
19,80,Undirected,
19,81,Undirected,
19,82,Undirected,
19,83,Undirected,
19,84,Undirected,
19,85,Undirected,
19,86,Undirected,
19,87,Undirected,
19,96,Undirected,
19,97,Undirected,
19,105,Undirected,
19,137,Undirected,
19,161,Undirected,
19,162,Undirected,
20,24,Undirected,
20,77,Undirected,
20,78,Undirected,
20,81,Undirected,
20,83,Undirected,
20,84,Undirected,
20,87,Undirected,
20,138,Undirected,
20,145,Undirected,
20,159,Undirected,
20,161,Undirected,
21,22,Undirected,
21,23,Undirected,
21,24,Undirected,
21,25,Undirected,
21,27,Undirected,
21,28,Undirected,
21,41,Undirected,
21,56,Undirected,
21,60,Undirected,
21,62,Undirected,
21,63,Undirected,
21,65,Undirected,
21,68,Undirected,
21,71,Undirected,
21,72,Undirected,
21,83,Undirected,
21,100,Undirected,
21,101,Undirected,
21,106,Undirected,
21,121,Undirected,
21,122,Undirected,
21,131,Undirected,
21,133,Undirected,
21,135,Undirected,
21,149,Undirected,
21,158,Undirected,
21,161,Undirected,
21,162,Undirected,
21,163,Undirected,
22,23,Undirected,
22,24,Undirected,
22,26,Undirected,
22,27,Undirected,
22,28,Undirected,
22,30,Undirected,
22,41,Undirected,
22,42,Undirected,
22,43,Undirected,
22,44,Undirected,
22,49,Undirected,
22,52,Undirected,
22,56,Undirected,
22,62,Undirected,
22,63,Undirected,
22,64,Undirected,
22,65,Undirected,
22,71,Undirected,
22,100,Undirected,
22,101,Undirected,
22,133,Undirected,
22,134,Undirected,
22,135,Undirected,
22,156,Undirected,
22,158,Undirected,
22,161,Undirected,
22,162,Undirected,
23,24,Undirected,
23,25,Undirected,
23,27,Undirected,
23,28,Undirected,
23,30,Undirected,
23,40,Undirected,
23,41,Undirected,
23,42,Undirected,
23,52,Undirected,
23,56,Undirected,
23,60,Undirected,
23,61,Undirected,
23,62,Undirected,
23,63,Undirected,
23,65,Undirected,
23,68,Undirected,
23,69,Undirected,
23,71,Undirected,
23,72,Undirected,
23,100,Undirected,
23,101,Undirected,
23,103,Undirected,
23,105,Undirected,
23,106,Undirected,
23,114,Undirected,
23,128,Undirected,
23,131,Undirected,
23,133,Undirected,
23,134,Undirected,
23,135,Undirected,
23,149,Undirected,
23,156,Undirected,
23,158,Undirected,
23,160,Undirected,
23,161,Undirected,
23,162,Undirected,
24,28,Undirected,
24,41,Undirected,
24,42,Undirected,
24,52,Undirected,
24,56,Undirected,
24,61,Undirected,
24,65,Undirected,
24,134,Undirected,
24,135,Undirected,
24,149,Undirected,
24,158,Undirected,
24,159,Undirected,
24,161,Undirected,
24,162,Undirected,
25,26,Undirected,
25,40,Undirected,
25,41,Undirected,
25,60,Undirected,
25,82,Undirected,
25,100,Undirected,
25,101,Undirected,
25,130,Undirected,
25,131,Undirected,
25,134,Undirected,
25,135,Undirected,
25,158,Undirected,
25,160,Undirected,
25,162,Undirected,
26,38,Undirected,
26,39,Undirected,
26,41,Undirected,
26,43,Undirected,
26,57,Undirected,
26,64,Undirected,
26,65,Undirected,
26,101,Undirected,
26,127,Undirected,
26,134,Undirected,
26,135,Undirected,
26,136,Undirected,
26,146,Undirected,
26,158,Undirected,
27,28,Undirected,
27,41,Undirected,
27,42,Undirected,
27,56,Undirected,
27,62,Undirected,
27,63,Undirected,
27,65,Undirected,
27,68,Undirected,
27,69,Undirected,
27,70,Undirected,
27,71,Undirected,
27,97,Undirected,
27,101,Undirected,
27,106,Undirected,
27,132,Undirected,
27,133,Undirected,
27,135,Undirected,
27,161,Undirected,
27,162,Undirected,
28,30,Undirected,
28,41,Undirected,
28,42,Undirected,
28,62,Undirected,
28,63,Undirected,
28,68,Undirected,
28,69,Undirected,
28,70,Undirected,
28,71,Undirected,
28,97,Undirected,
28,106,Undirected,
28,149,Undirected,
28,161,Undirected,
28,162,Undirected,
29,70,Undirected,
29,77,Undirected,
30,62,Undirected,
30,63,Undirected,
30,70,Undirected,
30,71,Undirected,
30,157,Undirected,
31,74,Undirected,
31,130,Undirected,
31,143,Undirected,
32,46,Undirected,
32,74,Undirected,
32,75,Undirected,
32,94,Undirected,
32,107,Undirected,
32,108,Undirected,
32,109,Undirected,
32,116,Undirected,
32,117,Undirected,
32,119,Undirected,
32,120,Undirected,
32,129,Undirected,
32,141,Undirected,
33,34,Undirected,
33,35,Undirected,
33,36,Undirected,
33,37,Undirected,
33,50,Undirected,
33,51,Undirected,
33,53,Undirected,
33,58,Undirected,
33,79,Undirected,
33,80,Undirected,
33,84,Undirected,
33,86,Undirected,
33,88,Undirected,
33,137,Undirected,
33,138,Undirected,
33,139,Undirected,
33,144,Undirected,
33,152,Undirected,
33,153,Undirected,
33,154,Undirected,
34,35,Undirected,
34,36,Undirected,
34,37,Undirected,
34,38,Undirected,
34,50,Undirected,
34,51,Undirected,
34,53,Undirected,
34,54,Undirected,
34,55,Undirected,
34,78,Undirected,
34,79,Undirected,
34,80,Undirected,
34,81,Undirected,
34,86,Undirected,
34,137,Undirected,
34,138,Undirected,
34,139,Undirected,
34,144,Undirected,
34,151,Undirected,
34,152,Undirected,
34,153,Undirected,
34,154,Undirected,
35,36,Undirected,
35,37,Undirected,
35,43,Undirected,
35,44,Undirected,
35,57,Undirected,
35,136,Undirected,
35,138,Undirected,
35,139,Undirected,
35,143,Undirected,
35,152,Undirected,
35,153,Undirected,
35,154,Undirected,
35,155,Undirected,
35,157,Undirected,
36,37,Undirected,
36,38,Undirected,
36,43,Undirected,
36,44,Undirected,
36,57,Undirected,
36,136,Undirected,
36,139,Undirected,
36,147,Undirected,
36,153,Undirected,
36,154,Undirected,
36,155,Undirected,
36,156,Undirected,
36,157,Undirected,
37,38,Undirected,
37,39,Undirected,
37,50,Undirected,
37,51,Undirected,
37,55,Undirected,
37,57,Undirected,
37,76,Undirected,
37,78,Undirected,
37,79,Undirected,
37,80,Undirected,
37,81,Undirected,
37,82,Undirected,
37,84,Undirected,
37,85,Undirected,
37,86,Undirected,
37,137,Undirected,
37,138,Undirected,
37,139,Undirected,
37,144,Undirected,
37,146,Undirected,
37,152,Undirected,
37,153,Undirected,
37,154,Undirected,
38,39,Undirected,
38,40,Undirected,
38,55,Undirected,
38,76,Undirected,
38,79,Undirected,
38,80,Undirected,
38,81,Undirected,
38,137,Undirected,
38,138,Undirected,
38,144,Undirected,
38,146,Undirected,
38,147,Undirected,
38,150,Undirected,
38,153,Undirected,
38,154,Undirected,
39,40,Undirected,
39,41,Undirected,
39,43,Undirected,
39,53,Undirected,
39,55,Undirected,
39,56,Undirected,
39,57,Undirected,
39,65,Undirected,
39,76,Undirected,
39,80,Undirected,
39,144,Undirected,
39,146,Undirected,
39,150,Undirected,
39,153,Undirected,
39,154,Undirected,
39,156,Undirected,
39,158,Undirected,
39,160,Undirected,
39,162,Undirected,
40,41,Undirected,
40,42,Undirected,
40,43,Undirected,
40,44,Undirected,
40,56,Undirected,
40,57,Undirected,
40,81,Undirected,
40,134,Undirected,
40,135,Undirected,
40,136,Undirected,
40,146,Undirected,
40,149,Undirected,
40,150,Undirected,
40,153,Undirected,
40,155,Undirected,
40,156,Undirected,
40,158,Undirected,
40,161,Undirected,
40,162,Undirected,
41,42,Undirected,
41,43,Undirected,
41,44,Undirected,
41,52,Undirected,
41,56,Undirected,
41,61,Undirected,
41,65,Undirected,
41,101,Undirected,
41,133,Undirected,
41,134,Undirected,
41,135,Undirected,
41,136,Undirected,
41,149,Undirected,
41,156,Undirected,
41,158,Undirected,
41,161,Undirected,
41,162,Undirected,
42,43,Undirected,
42,44,Undirected,
42,49,Undirected,
42,52,Undirected,
42,54,Undirected,
42,56,Undirected,
42,133,Undirected,
42,134,Undirected,
42,135,Undirected,
42,136,Undirected,
42,155,Undirected,
42,156,Undirected,
42,158,Undirected,
42,159,Undirected,
42,161,Undirected,
43,44,Undirected,
43,56,Undirected,
43,57,Undirected,
43,91,Undirected,
43,109,Undirected,
43,133,Undirected,
43,134,Undirected,
43,135,Undirected,
43,136,Undirected,
43,143,Undirected,
43,153,Undirected,
43,154,Undirected,
43,155,Undirected,
43,156,Undirected,
43,157,Undirected,
43,158,Undirected,
44,56,Undirected,
44,57,Undirected,
44,67,Undirected,
44,133,Undirected,
44,134,Undirected,
44,135,Undirected,
44,136,Undirected,
44,143,Undirected,
44,153,Undirected,
44,154,Undirected,
44,155,Undirected,
44,156,Undirected,
44,157,Undirected,
44,158,Undirected,
45,46,Undirected,
45,58,Undirected,
45,74,Undirected,
45,75,Undirected,
45,90,Undirected,
45,141,Undirected,
45,142,Undirected,
45,143,Undirected,
46,47,Undirected,
46,48,Undirected,
46,58,Undirected,
46,66,Undirected,
46,67,Undirected,
46,73,Undirected,
46,74,Undirected,
46,75,Undirected,
46,88,Undirected,
46,89,Undirected,
46,138,Undirected,
46,140,Undirected,
46,142,Undirected,
47,48,Undirected,
47,57,Undirected,
47,58,Undirected,
47,59,Undirected,
47,64,Undirected,
47,66,Undirected,
47,67,Undirected,
47,75,Undirected,
47,88,Undirected,
47,89,Undirected,
47,127,Undirected,
47,140,Undirected,
47,142,Undirected,
47,143,Undirected,
48,57,Undirected,
48,58,Undirected,
48,59,Undirected,
48,66,Undirected,
48,67,Undirected,
48,75,Undirected,
48,88,Undirected,
48,89,Undirected,
48,136,Undirected,
48,140,Undirected,
48,142,Undirected,
48,143,Undirected,
49,52,Undirected,
49,56,Undirected,
49,60,Undirected,
49,61,Undirected,
49,91,Undirected,
49,133,Undirected,
49,156,Undirected,
50,51,Undirected,
50,53,Undirected,
50,54,Undirected,
50,55,Undirected,
50,78,Undirected,
50,79,Undirected,
50,80,Undirected,
50,81,Undirected,
50,82,Undirected,
50,84,Undirected,
50,85,Undirected,
50,86,Undirected,
50,96,Undirected,
50,97,Undirected,
50,137,Undirected,
50,138,Undirected,
50,139,Undirected,
50,144,Undirected,
50,151,Undirected,
50,152,Undirected,
51,53,Undirected,
51,54,Undirected,
51,55,Undirected,
51,77,Undirected,
51,78,Undirected,
51,79,Undirected,
51,80,Undirected,
51,81,Undirected,
51,82,Undirected,
51,84,Undirected,
51,85,Undirected,
51,96,Undirected,
51,97,Undirected,
51,137,Undirected,
51,138,Undirected,
51,139,Undirected,
51,144,Undirected,
51,145,Undirected,
51,151,Undirected,
51,152,Undirected,
52,60,Undirected,
52,61,Undirected,
52,100,Undirected,
52,133,Undirected,
52,134,Undirected,
52,135,Undirected,
52,162,Undirected,
53,54,Undirected,
53,55,Undirected,
53,62,Undirected,
53,63,Undirected,
53,77,Undirected,
53,96,Undirected,
53,97,Undirected,
53,139,Undirected,
53,144,Undirected,
53,147,Undirected,
53,148,Undirected,
53,155,Undirected,
53,157,Undirected,
54,55,Undirected,
54,77,Undirected,
54,96,Undirected,
54,97,Undirected,
54,133,Undirected,
54,139,Undirected,
54,144,Undirected,
54,145,Undirected,
54,155,Undirected,
54,159,Undirected,
55,63,Undirected,
55,77,Undirected,
55,79,Undirected,
55,80,Undirected,
55,81,Undirected,
55,96,Undirected,
55,97,Undirected,
55,104,Undirected,
55,105,Undirected,
55,137,Undirected,
55,144,Undirected,
55,145,Undirected,
55,148,Undirected,
56,57,Undirected,
56,65,Undirected,
56,133,Undirected,
56,134,Undirected,
56,135,Undirected,
56,136,Undirected,
56,156,Undirected,
56,158,Undirected,
56,161,Undirected,
57,58,Undirected,
57,66,Undirected,
57,67,Undirected,
57,88,Undirected,
57,133,Undirected,
57,134,Undirected,
57,136,Undirected,
57,140,Undirected,
57,143,Undirected,
57,153,Undirected,
57,154,Undirected,
57,156,Undirected,
57,157,Undirected,
57,158,Undirected,
58,59,Undirected,
58,66,Undirected,
58,67,Undirected,
58,74,Undirected,
58,75,Undirected,
58,88,Undirected,
58,89,Undirected,
58,91,Undirected,
58,119,Undirected,
58,120,Undirected,
58,140,Undirected,
58,141,Undirected,
58,142,Undirected,
58,143,Undirected,
59,66,Undirected,
59,67,Undirected,
59,74,Undirected,
59,75,Undirected,
59,88,Undirected,
59,89,Undirected,
59,124,Undirected,
59,140,Undirected,
59,142,Undirected,
59,143,Undirected,
60,61,Undirected,
60,62,Undirected,
60,63,Undirected,
60,68,Undirected,
60,69,Undirected,
60,81,Undirected,
60,82,Undirected,
60,100,Undirected,
60,101,Undirected,
60,102,Undirected,
60,103,Undirected,
60,106,Undirected,
60,107,Undirected,
60,123,Undirected,
60,160,Undirected,
60,162,Undirected,
61,81,Undirected,
61,100,Undirected,
61,103,Undirected,
61,149,Undirected,
61,159,Undirected,
61,160,Undirected,
61,161,Undirected,
61,162,Undirected,
62,63,Undirected,
62,65,Undirected,
62,68,Undirected,
62,69,Undirected,
62,70,Undirected,
62,71,Undirected,
62,84,Undirected,
62,96,Undirected,
62,97,Undirected,
62,100,Undirected,
62,101,Undirected,
62,103,Undirected,
62,104,Undirected,
62,105,Undirected,
62,106,Undirected,
62,132,Undirected,
62,162,Undirected,
63,65,Undirected,
63,68,Undirected,
63,69,Undirected,
63,70,Undirected,
63,71,Undirected,
63,83,Undirected,
63,84,Undirected,
63,96,Undirected,
63,97,Undirected,
63,100,Undirected,
63,101,Undirected,
63,102,Undirected,
63,103,Undirected,
63,104,Undirected,
63,105,Undirected,
63,106,Undirected,
63,132,Undirected,
63,162,Undirected,
64,65,Undirected,
64,66,Undirected,
64,67,Undirected,
64,100,Undirected,
64,101,Undirected,
64,102,Undirected,
64,106,Undirected,
64,113,Undirected,
64,114,Undirected,
64,121,Undirected,
64,122,Undirected,
64,127,Undirected,
64,134,Undirected,
64,135,Undirected,
65,66,Undirected,
65,67,Undirected,
65,68,Undirected,
65,69,Undirected,
65,71,Undirected,
65,72,Undirected,
65,84,Undirected,
65,100,Undirected,
65,101,Undirected,
65,106,Undirected,
65,113,Undirected,
65,114,Undirected,
65,122,Undirected,
65,127,Undirected,
65,132,Undirected,
65,134,Undirected,
65,135,Undirected,
65,158,Undirected,
65,162,Undirected,
66,67,Undirected,
66,72,Undirected,
66,73,Undirected,
66,74,Undirected,
66,75,Undirected,
66,88,Undirected,
66,89,Undirected,
66,113,Undirected,
66,114,Undirected,
66,117,Undirected,
66,119,Undirected,
66,120,Undirected,
66,121,Undirected,
66,127,Undirected,
66,136,Undirected,
66,140,Undirected,
66,141,Undirected,
66,142,Undirected,
66,143,Undirected,
67,72,Undirected,
67,73,Undirected,
67,74,Undirected,
67,75,Undirected,
67,88,Undirected,
67,89,Undirected,
67,113,Undirected,
67,119,Undirected,
67,120,Undirected,
67,136,Undirected,
67,140,Undirected,
67,142,Undirected,
67,143,Undirected,
67,154,Undirected,
68,69,Undirected,
68,70,Undirected,
68,71,Undirected,
68,82,Undirected,
68,83,Undirected,
68,97,Undirected,
68,99,Undirected,
68,100,Undirected,
68,102,Undirected,
68,103,Undirected,
68,105,Undirected,
68,106,Undirected,
68,128,Undirected,
68,132,Undirected,
68,146,Undirected,
68,162,Undirected,
69,70,Undirected,
69,71,Undirected,
69,96,Undirected,
69,97,Undirected,
69,100,Undirected,
69,101,Undirected,
69,102,Undirected,
69,103,Undirected,
69,105,Undirected,
69,106,Undirected,
69,113,Undirected,
69,114,Undirected,
69,115,Undirected,
69,128,Undirected,
69,132,Undirected,
69,162,Undirected,
70,71,Undirected,
70,133,Undirected,
70,155,Undirected,
70,157,Undirected,
71,100,Undirected,
71,101,Undirected,
71,105,Undirected,
71,106,Undirected,
71,127,Undirected,
71,132,Undirected,
71,162,Undirected,
72,73,Undirected,
72,75,Undirected,
72,100,Undirected,
72,107,Undirected,
72,113,Undirected,
72,114,Undirected,
72,115,Undirected,
72,116,Undirected,
72,117,Undirected,
72,119,Undirected,
72,120,Undirected,
72,121,Undirected,
72,127,Undirected,
72,128,Undirected,
72,130,Undirected,
72,131,Undirected,
72,132,Undirected,
72,140,Undirected,
72,163,Undirected,
73,74,Undirected,
73,75,Undirected,
73,107,Undirected,
73,113,Undirected,
73,114,Undirected,
73,115,Undirected,
73,116,Undirected,
73,119,Undirected,
73,120,Undirected,
73,121,Undirected,
73,122,Undirected,
73,127,Undirected,
73,128,Undirected,
73,142,Undirected,
73,163,Undirected,
74,75,Undirected,
74,88,Undirected,
74,108,Undirected,
74,109,Undirected,
74,110,Undirected,
74,117,Undirected,
74,119,Undirected,
74,120,Undirected,
74,129,Undirected,
74,140,Undirected,
74,141,Undirected,
74,142,Undirected,
74,143,Undirected,
75,88,Undirected,
75,91,Undirected,
75,108,Undirected,
75,116,Undirected,
75,117,Undirected,
75,118,Undirected,
75,119,Undirected,
75,120,Undirected,
75,124,Undirected,
75,129,Undirected,
75,140,Undirected,
75,141,Undirected,
75,142,Undirected,
75,143,Undirected,
76,77,Undirected,
76,78,Undirected,
76,79,Undirected,
76,80,Undirected,
76,81,Undirected,
76,86,Undirected,
76,137,Undirected,
76,138,Undirected,
76,145,Undirected,
76,146,Undirected,
76,150,Undirected,
77,79,Undirected,
77,80,Undirected,
77,81,Undirected,
77,97,Undirected,
77,144,Undirected,
77,145,Undirected,
77,146,Undirected,
77,149,Undirected,
77,150,Undirected,
77,155,Undirected,
77,159,Undirected,
77,161,Undirected,
78,79,Undirected,
78,80,Undirected,
78,81,Undirected,
78,82,Undirected,
78,83,Undirected,
78,84,Undirected,
78,85,Undirected,
78,86,Undirected,
78,87,Undirected,
78,137,Undirected,
78,138,Undirected,
78,145,Undirected,
78,146,Undirected,
79,80,Undirected,
79,81,Undirected,
79,82,Undirected,
79,83,Undirected,
79,84,Undirected,
79,85,Undirected,
79,86,Undirected,
79,87,Undirected,
79,105,Undirected,
79,137,Undirected,
79,138,Undirected,
79,144,Undirected,
79,145,Undirected,
79,146,Undirected,
79,152,Undirected,
80,81,Undirected,
80,82,Undirected,
80,84,Undirected,
80,85,Undirected,
80,86,Undirected,
80,87,Undirected,
80,137,Undirected,
80,138,Undirected,
80,139,Undirected,
80,144,Undirected,
80,145,Undirected,
80,146,Undirected,
80,150,Undirected,
81,82,Undirected,
81,84,Undirected,
81,86,Undirected,
81,87,Undirected,
81,137,Undirected,
81,138,Undirected,
81,144,Undirected,
81,145,Undirected,
81,146,Undirected,
81,149,Undirected,
81,150,Undirected,
81,159,Undirected,
81,161,Undirected,
82,83,Undirected,
82,84,Undirected,
82,85,Undirected,
82,86,Undirected,
82,87,Undirected,
82,96,Undirected,
82,97,Undirected,
82,100,Undirected,
82,102,Undirected,
82,103,Undirected,
82,105,Undirected,
82,106,Undirected,
82,137,Undirected,
82,138,Undirected,
82,144,Undirected,
82,145,Undirected,
82,146,Undirected,
83,84,Undirected,
83,85,Undirected,
83,86,Undirected,
83,87,Undirected,
83,96,Undirected,
83,97,Undirected,
83,99,Undirected,
83,100,Undirected,
83,101,Undirected,
83,102,Undirected,
83,103,Undirected,
83,105,Undirected,
83,106,Undirected,
83,137,Undirected,
83,138,Undirected,
83,162,Undirected,
84,85,Undirected,
84,86,Undirected,
84,87,Undirected,
84,96,Undirected,
84,97,Undirected,
84,99,Undirected,
84,102,Undirected,
84,103,Undirected,
84,106,Undirected,
84,137,Undirected,
84,138,Undirected,
84,144,Undirected,
84,145,Undirected,
84,161,Undirected,
85,86,Undirected,
85,87,Undirected,
85,89,Undirected,
85,96,Undirected,
85,97,Undirected,
85,99,Undirected,
85,137,Undirected,
85,138,Undirected,
85,145,Undirected,
85,146,Undirected,
86,87,Undirected,
86,89,Undirected,
86,137,Undirected,
86,138,Undirected,
86,145,Undirected,
86,146,Undirected,
87,96,Undirected,
87,97,Undirected,
87,99,Undirected,
87,137,Undirected,
87,138,Undirected,
87,145,Undirected,
87,161,Undirected,
88,89,Undirected,
88,138,Undirected,
88,140,Undirected,
88,142,Undirected,
88,143,Undirected,
89,140,Undirected,
89,142,Undirected,
90,91,Undirected,
90,129,Undirected,
90,131,Undirected,
90,141,Undirected,
90,143,Undirected,
90,160,Undirected,
90,164,Undirected,
91,107,Undirected,
91,120,Undirected,
91,140,Undirected,
91,141,Undirected,
91,142,Undirected,
91,143,Undirected,
91,164,Undirected,
92,93,Undirected,
92,94,Undirected,
92,95,Undirected,
93,94,Undirected,
93,95,Undirected,
94,95,Undirected,
95,96,Undirected,
95,105,Undirected,
96,97,Undirected,
96,98,Undirected,
96,99,Undirected,
96,102,Undirected,
96,103,Undirected,
96,104,Undirected,
96,105,Undirected,
96,106,Undirected,
96,144,Undirected,
96,162,Undirected,
97,99,Undirected,
97,101,Undirected,
97,102,Undirected,
97,103,Undirected,
97,104,Undirected,
97,105,Undirected,
97,106,Undirected,
97,144,Undirected,
97,162,Undirected,
98,99,Undirected,
99,102,Undirected,
99,103,Undirected,
99,106,Undirected,
99,132,Undirected,
100,101,Undirected,
100,102,Undirected,
100,103,Undirected,
100,106,Undirected,
100,107,Undirected,
100,113,Undirected,
100,114,Undirected,
100,115,Undirected,
100,122,Undirected,
100,123,Undirected,
100,131,Undirected,
100,132,Undirected,
100,135,Undirected,
100,160,Undirected,
100,162,Undirected,
101,102,Undirected,
101,103,Undirected,
101,104,Undirected,
101,105,Undirected,
101,106,Undirected,
101,113,Undirected,
101,114,Undirected,
101,115,Undirected,
101,125,Undirected,
101,127,Undirected,
101,128,Undirected,
101,132,Undirected,
101,135,Undirected,
101,162,Undirected,
102,103,Undirected,
102,106,Undirected,
102,160,Undirected,
102,162,Undirected,
103,106,Undirected,
103,123,Undirected,
103,132,Undirected,
103,160,Undirected,
103,162,Undirected,
104,105,Undirected,
104,125,Undirected,
104,146,Undirected,
105,106,Undirected,
105,125,Undirected,
105,137,Undirected,
105,144,Undirected,
105,146,Undirected,
105,162,Undirected,
106,112,Undirected,
106,113,Undirected,
106,114,Undirected,
106,121,Undirected,
106,131,Undirected,
106,132,Undirected,
106,162,Undirected,
107,108,Undirected,
107,109,Undirected,
107,110,Undirected,
107,114,Undirected,
107,115,Undirected,
107,116,Undirected,
107,117,Undirected,
107,119,Undirected,
107,120,Undirected,
107,122,Undirected,
107,128,Undirected,
107,129,Undirected,
107,130,Undirected,
107,131,Undirected,
107,141,Undirected,
107,163,Undirected,
107,164,Undirected,
108,109,Undirected,
108,110,Undirected,
108,111,Undirected,
108,115,Undirected,
108,116,Undirected,
108,117,Undirected,
108,119,Undirected,
108,120,Undirected,
108,128,Undirected,
108,129,Undirected,
108,130,Undirected,
108,141,Undirected,
108,163,Undirected,
108,164,Undirected,
109,110,Undirected,
109,115,Undirected,
109,116,Undirected,
109,117,Undirected,
109,118,Undirected,
109,119,Undirected,
109,120,Undirected,
109,128,Undirected,
109,129,Undirected,
109,130,Undirected,
109,141,Undirected,
109,163,Undirected,
109,164,Undirected,
110,115,Undirected,
110,116,Undirected,
110,117,Undirected,
110,118,Undirected,
110,119,Undirected,
110,120,Undirected,
110,128,Undirected,
110,129,Undirected,
110,141,Undirected,
110,163,Undirected,
110,164,Undirected,
111,112,Undirected,
111,113,Undirected,
111,114,Undirected,
111,115,Undirected,
111,117,Undirected,
111,118,Undirected,
111,120,Undirected,
111,125,Undirected,
111,126,Undirected,
112,113,Undirected,
112,114,Undirected,
112,115,Undirected,
112,125,Undirected,
112,126,Undirected,
112,127,Undirected,
112,128,Undirected,
113,114,Undirected,
113,115,Undirected,
113,116,Undirected,
113,117,Undirected,
113,120,Undirected,
113,121,Undirected,
113,125,Undirected,
113,126,Undirected,
113,127,Undirected,
113,128,Undirected,
114,115,Undirected,
114,116,Undirected,
114,117,Undirected,
114,120,Undirected,
114,121,Undirected,
114,125,Undirected,
114,126,Undirected,
114,127,Undirected,
114,128,Undirected,
114,149,Undirected,
114,162,Undirected,
114,163,Undirected,
115,116,Undirected,
115,117,Undirected,
115,119,Undirected,
115,120,Undirected,
115,121,Undirected,
115,122,Undirected,
115,127,Undirected,
115,128,Undirected,
115,129,Undirected,
115,130,Undirected,
115,131,Undirected,
115,132,Undirected,
115,163,Undirected,
115,164,Undirected,
116,117,Undirected,
116,119,Undirected,
116,120,Undirected,
116,121,Undirected,
116,122,Undirected,
116,124,Undirected,
116,127,Undirected,
116,128,Undirected,
116,129,Undirected,
116,130,Undirected,
116,131,Undirected,
116,132,Undirected,
116,160,Undirected,
116,163,Undirected,
116,164,Undirected,
117,118,Undirected,
117,119,Undirected,
117,120,Undirected,
117,124,Undirected,
117,128,Undirected,
117,129,Undirected,
117,130,Undirected,
117,141,Undirected,
117,163,Undirected,
117,164,Undirected,
118,119,Undirected,
118,120,Undirected,
118,124,Undirected,
119,120,Undirected,
119,121,Undirected,
119,122,Undirected,
119,124,Undirected,
119,128,Undirected,
119,129,Undirected,
119,130,Undirected,
119,140,Undirected,
119,141,Undirected,
119,163,Undirected,
120,121,Undirected,
120,122,Undirected,
120,124,Undirected,
120,128,Undirected,
120,129,Undirected,
120,130,Undirected,
120,140,Undirected,
120,141,Undirected,
120,142,Undirected,
120,163,Undirected,
121,122,Undirected,
121,128,Undirected,
121,129,Undirected,
121,130,Undirected,
121,131,Undirected,
121,132,Undirected,
121,163,Undirected,
122,123,Undirected,
122,128,Undirected,
122,129,Undirected,
122,130,Undirected,
122,131,Undirected,
122,132,Undirected,
122,163,Undirected,
123,132,Undirected,
123,160,Undirected,
123,162,Undirected,
124,129,Undirected,
125,127,Undirected,
126,127,Undirected,
127,128,Undirected,
128,129,Undirected,
128,130,Undirected,
128,131,Undirected,
128,132,Undirected,
128,150,Undirected,
128,160,Undirected,
128,162,Undirected,
128,163,Undirected,
128,164,Undirected,
129,130,Undirected,
129,131,Undirected,
129,141,Undirected,
129,163,Undirected,
129,164,Undirected,
130,131,Undirected,
130,132,Undirected,
130,160,Undirected,
130,163,Undirected,
130,164,Undirected,
131,132,Undirected,
131,160,Undirected,
131,162,Undirected,
131,163,Undirected,
132,163,Undirected,
133,134,Undirected,
133,135,Undirected,
133,136,Undirected,
133,156,Undirected,
133,158,Undirected,
133,161,Undirected,
134,135,Undirected,
134,136,Undirected,
134,143,Undirected,
134,155,Undirected,
134,156,Undirected,
134,157,Undirected,
134,158,Undirected,
134,161,Undirected,
135,156,Undirected,
135,158,Undirected,
135,161,Undirected,
135,162,Undirected,
136,140,Undirected,
136,143,Undirected,
136,153,Undirected,
136,154,Undirected,
136,156,Undirected,
136,157,Undirected,
136,158,Undirected,
137,138,Undirected,
137,139,Undirected,
137,144,Undirected,
137,145,Undirected,
137,146,Undirected,
137,152,Undirected,
137,153,Undirected,
138,139,Undirected,
138,144,Undirected,
138,145,Undirected,
138,152,Undirected,
138,154,Undirected,
139,144,Undirected,
139,147,Undirected,
139,151,Undirected,
139,152,Undirected,
139,153,Undirected,
139,154,Undirected,
140,141,Undirected,
140,142,Undirected,
140,143,Undirected,
141,142,Undirected,
141,143,Undirected,
141,164,Undirected,
142,143,Undirected,
143,154,Undirected,
144,145,Undirected,
144,146,Undirected,
144,147,Undirected,
144,148,Undirected,
144,150,Undirected,
144,151,Undirected,
144,152,Undirected,
145,146,Undirected,
145,159,Undirected,
145,161,Undirected,
146,150,Undirected,
146,158,Undirected,
147,148,Undirected,
147,151,Undirected,
147,153,Undirected,
147,155,Undirected,
147,157,Undirected,
148,157,Undirected,
149,150,Undirected,
149,156,Undirected,
149,158,Undirected,
149,159,Undirected,
149,160,Undirected,
149,161,Undirected,
149,162,Undirected,
150,158,Undirected,
150,160,Undirected,
150,162,Undirected,
151,152,Undirected,
152,153,Undirected,
152,154,Undirected,
153,154,Undirected,
153,155,Undirected,
153,156,Undirected,
153,157,Undirected,
154,155,Undirected,
154,156,Undirected,
154,157,Undirected,
155,156,Undirected,
155,157,Undirected,
155,159,Undirected,
156,158,Undirected,
156,161,Undirected,
158,161,Undirected,
158,162,Undirected,
159,160,Undirected,
159,161,Undirected,
160,162,Undirected,
161,162,Undirected,
163,164,Undirected,
