Source,Target,Type,timeset
1,2,Undirected,
1,7,Undirected,
1,23,Undirected,
1,41,Undirected,
1,43,Undirected,
1,62,Undirected,
1,74,Undirected,
1,87,Undirected,
1,90,Undirected,
1,91,Undirected,
1,104,Undirected,
1,109,Undirected,
1,133,Undirected,
1,135,Undirected,
1,141,Undirected,
1,155,Undirected,
1,157,Undirected,
1,160,Undirected,
2,6,Undirected,
2,7,Undirected,
2,8,Undirected,
2,10,Undirected,
2,26,Undirected,
2,31,Undirected,
2,32,Undirected,
2,42,Undirected,
2,44,Undirected,
2,63,Undirected,
2,65,Undirected,
2,71,Undirected,
2,74,Undirected,
2,90,Undirected,
2,91,Undirected,
2,107,Undirected,
2,108,Undirected,
2,109,Undirected,
2,141,Undirected,
2,155,Undirected,
2,157,Undirected,
2,164,Undirected,
3,4,Undirected,
3,9,Undirected,
3,35,Undirected,
3,37,Undirected,
3,39,Undirected,
3,47,Undirected,
3,48,Undirected,
3,57,Undirected,
3,60,Undirected,
3,76,Undirected,
3,77,Undirected,
3,78,Undirected,
3,80,Undirected,
3,82,Undirected,
3,83,Undirected,
3,84,Undirected,
3,85,Undirected,
3,86,Undirected,
3,92,Undirected,
3,96,Undirected,
3,97,Undirected,
3,99,Undirected,
3,101,Undirected,
3,117,Undirected,
3,144,Undirected,
3,145,Undirected,
3,146,Undirected,
3,150,Undirected,
3,154,Undirected,
3,159,Undirected,
3,160,Undirected,
4,8,Undirected,
4,9,Undirected,
4,10,Undirected,
4,11,Undirected,
4,12,Undirected,
4,36,Undirected,
4,37,Undirected,
4,40,Undirected,
4,48,Undirected,
4,59,Undirected,
4,60,Undirected,
4,61,Undirected,
4,76,Undirected,
4,77,Undirected,
4,78,Undirected,
4,83,Undirected,
4,85,Undirected,
4,87,Undirected,
4,92,Undirected,
4,93,Undirected,
4,96,Undirected,
4,97,Undirected,
4,99,Undirected,
4,102,Undirected,
4,145,Undirected,
4,146,Undirected,
4,153,Undirected,
4,159,Undirected,
4,160,Undirected,
5,6,Undirected,
5,7,Undirected,
5,8,Undirected,
5,13,Undirected,
5,35,Undirected,
5,36,Undirected,
5,38,Undirected,
5,50,Undirected,
5,51,Undirected,
5,53,Undirected,
5,54,Undirected,
5,55,Undirected,
5,139,Undirected,
5,144,Undirected,
5,147,Undirected,
5,151,Undirected,
5,153,Undirected,
5,157,Undirected,
6,7,Undirected,
6,8,Undirected,
6,14,Undirected,
6,36,Undirected,
6,38,Undirected,
6,50,Undirected,
6,51,Undirected,
6,53,Undirected,
6,54,Undirected,
6,79,Undirected,
6,139,Undirected,
6,147,Undirected,
6,151,Undirected,
6,153,Undirected,
6,155,Undirected,
6,157,Undirected,
7,8,Undirected,
7,9,Undirected,
7,10,Undirected,
7,11,Undirected,
7,40,Undirected,
7,41,Undirected,
7,43,Undirected,
7,44,Undirected,
7,53,Undirected,
7,54,Undirected,
7,56,Undirected,
7,57,Undirected,
7,84,Undirected,
7,87,Undirected,
7,99,Undirected,
7,134,Undirected,
7,135,Undirected,
7,136,Undirected,
7,152,Undirected,
7,155,Undirected,
7,156,Undirected,
7,157,Undirected,
7,158,Undirected,
7,159,Undirected,
7,160,Undirected,
8,10,Undirected,
8,36,Undirected,
8,38,Undirected,
8,40,Undirected,
8,44,Undirected,
8,53,Undirected,
8,54,Undirected,
8,57,Undirected,
8,77,Undirected,
8,136,Undirected,
8,145,Undirected,
8,153,Undirected,
8,155,Undirected,
8,156,Undirected,
8,157,Undirected,
8,159,Undirected,
9,10,Undirected,
9,11,Undirected,
9,12,Undirected,
9,23,Undirected,
9,38,Undirected,
9,39,Undirected,
9,40,Undirected,
9,41,Undirected,
9,56,Undirected,
9,57,Undirected,
9,59,Undirected,
9,76,Undirected,
9,77,Undirected,
9,78,Undirected,
9,83,Undirected,
9,84,Undirected,
9,85,Undirected,
9,87,Undirected,
9,92,Undirected,
9,93,Undirected,
9,97,Undirected,
9,99,Undirected,
9,101,Undirected,
9,111,Undirected,
9,112,Undirected,
9,117,Undirected,
9,133,Undirected,
9,145,Undirected,
9,146,Undirected,
9,149,Undirected,
9,159,Undirected,
9,160,Undirected,
10,11,Undirected,
10,12,Undirected,
10,15,Undirected,
10,23,Undirected,
10,32,Undirected,
10,37,Undirected,
10,38,Undirected,
10,40,Undirected,
10,61,Undirected,
10,63,Undirected,
10,69,Undirected,
10,70,Undirected,
10,76,Undirected,
10,77,Undirected,
10,78,Undirected,
10,92,Undirected,
10,97,Undirected,
10,99,Undirected,
10,102,Undirected,
10,109,Undirected,
10,111,Undirected,
10,112,Undirected,
10,145,Undirected,
10,149,Undirected,
10,155,Undirected,
10,159,Undirected,
10,160,Undirected,
10,161,Undirected,
11,12,Undirected,
11,15,Undirected,
11,23,Undirected,
11,38,Undirected,
11,39,Undirected,
11,40,Undirected,
11,41,Undirected,
11,76,Undirected,
11,77,Undirected,
11,78,Undirected,
11,85,Undirected,
11,87,Undirected,
11,111,Undirected,
11,112,Undirected,
11,126,Undirected,
11,145,Undirected,
11,146,Undirected,
11,149,Undirected,
11,155,Undirected,
11,158,Undirected,
11,159,Undirected,
11,160,Undirected,
11,161,Undirected,
11,162,Undirected,
12,15,Undirected,
12,16,Undirected,
12,23,Undirected,
12,26,Undirected,
12,38,Undirected,
12,40,Undirected,
12,42,Undirected,
12,61,Undirected,
12,63,Undirected,
12,70,Undirected,
12,76,Undirected,
12,77,Undirected,
12,85,Undirected,
12,97,Undirected,
12,102,Undirected,
12,145,Undirected,
12,149,Undirected,
12,159,Undirected,
12,160,Undirected,
12,161,Undirected,
13,14,Undirected,
13,17,Undirected,
13,31,Undirected,
13,33,Undirected,
13,34,Undirected,
13,35,Undirected,
13,36,Undirected,
13,37,Undirected,
13,39,Undirected,
13,43,Undirected,
13,46,Undirected,
13,50,Undirected,
13,51,Undirected,
13,55,Undirected,
13,78,Undirected,
13,79,Undirected,
13,96,Undirected,
13,123,Undirected,
13,137,Undirected,
13,138,Undirected,
13,139,Undirected,
13,144,Undirected,
13,148,Undirected,
13,150,Undirected,
13,151,Undirected,
13,152,Undirected,
13,153,Undirected,
13,154,Undirected,
14,17,Undirected,
14,33,Undirected,
14,34,Undirected,
14,35,Undirected,
14,36,Undirected,
14,37,Undirected,
14,46,Undirected,
14,50,Undirected,
14,51,Undirected,
14,78,Undirected,
14,79,Undirected,
14,102,Undirected,
14,137,Undirected,
14,138,Undirected,
14,139,Undirected,
14,144,Undirected,
14,148,Undirected,
14,151,Undirected,
14,152,Undirected,
14,153,Undirected,
14,154,Undirected,
15,16,Undirected,
15,19,Undirected,
15,20,Undirected,
15,21,Undirected,
15,23,Undirected,
15,24,Undirected,
15,25,Undirected,
15,26,Undirected,
15,27,Undirected,
15,28,Undirected,
15,40,Undirected,
15,42,Undirected,
15,60,Undirected,
15,62,Undirected,
15,68,Undirected,
15,69,Undirected,
15,76,Undirected,
15,77,Undirected,
15,84,Undirected,
15,85,Undirected,
15,87,Undirected,
15,89,Undirected,
15,102,Undirected,
15,110,Undirected,
15,145,Undirected,
15,146,Undirected,
15,159,Undirected,
15,161,Undirected,
15,162,Undirected,
16,17,Undirected,
16,19,Undirected,
16,20,Undirected,
16,21,Undirected,
16,22,Undirected,
16,24,Undirected,
16,26,Undirected,
16,28,Undirected,
16,30,Undirected,
16,42,Undirected,
16,61,Undirected,
16,63,Undirected,
16,70,Undirected,
16,85,Undirected,
16,86,Undirected,
16,87,Undirected,
16,102,Undirected,
16,137,Undirected,
16,145,Undirected,
16,159,Undirected,
16,161,Undirected,
17,18,Undirected,
17,19,Undirected,
17,20,Undirected,
17,21,Undirected,
17,33,Undirected,
17,34,Undirected,
17,36,Undirected,
17,46,Undirected,
17,60,Undirected,
17,61,Undirected,
17,78,Undirected,
17,79,Undirected,
17,80,Undirected,
17,82,Undirected,
17,85,Undirected,
17,87,Undirected,
17,95,Undirected,
17,115,Undirected,
17,137,Undirected,
17,138,Undirected,
17,139,Undirected,
17,145,Undirected,
18,19,Undirected,
18,20,Undirected,
18,33,Undirected,
18,34,Undirected,
18,48,Undirected,
18,60,Undirected,
18,82,Undirected,
18,83,Undirected,
18,88,Undirected,
18,130,Undirected,
18,132,Undirected,
18,137,Undirected,
19,20,Undirected,
19,21,Undirected,
19,23,Undirected,
19,24,Undirected,
19,25,Undirected,
19,30,Undirected,
19,60,Undirected,
19,82,Undirected,
19,83,Undirected,
19,86,Undirected,
19,110,Undirected,
19,130,Undirected,
19,132,Undirected,
19,161,Undirected,
19,162,Undirected,
19,163,Undirected,
20,21,Undirected,
20,23,Undirected,
20,24,Undirected,
20,26,Undirected,
20,27,Undirected,
20,28,Undirected,
20,30,Undirected,
20,31,Undirected,
20,33,Undirected,
20,34,Undirected,
20,42,Undirected,
20,60,Undirected,
20,61,Undirected,
20,68,Undirected,
20,69,Undirected,
20,70,Undirected,
20,88,Undirected,
20,89,Undirected,
20,132,Undirected,
20,137,Undirected,
20,139,Undirected,
20,161,Undirected,
20,163,Undirected,
21,22,Undirected,
21,23,Undirected,
21,24,Undirected,
21,42,Undirected,
21,80,Undirected,
21,85,Undirected,
21,86,Undirected,
21,113,Undirected,
21,114,Undirected,
21,115,Undirected,
21,146,Undirected,
21,161,Undirected,
21,162,Undirected,
21,163,Undirected,
22,24,Undirected,
22,42,Undirected,
22,44,Undirected,
22,64,Undirected,
22,65,Undirected,
22,100,Undirected,
22,101,Undirected,
22,106,Undirected,
22,134,Undirected,
23,24,Undirected,
23,25,Undirected,
23,26,Undirected,
23,27,Undirected,
23,40,Undirected,
23,41,Undirected,
23,42,Undirected,
23,60,Undirected,
23,62,Undirected,
23,83,Undirected,
23,109,Undirected,
23,110,Undirected,
23,159,Undirected,
23,160,Undirected,
23,161,Undirected,
23,162,Undirected,
24,26,Undirected,
24,28,Undirected,
24,30,Undirected,
24,42,Undirected,
24,44,Undirected,
24,49,Undirected,
24,56,Undirected,
24,57,Undirected,
24,68,Undirected,
24,84,Undirected,
24,89,Undirected,
24,110,Undirected,
24,131,Undirected,
24,134,Undirected,
24,136,Undirected,
24,161,Undirected,
24,162,Undirected,
24,163,Undirected,
25,27,Undirected,
25,29,Undirected,
25,31,Undirected,
25,32,Undirected,
25,35,Undirected,
25,39,Undirected,
25,45,Undirected,
25,46,Undirected,
25,60,Undirected,
25,68,Undirected,
25,69,Undirected,
25,82,Undirected,
25,83,Undirected,
25,92,Undirected,
25,93,Undirected,
25,95,Undirected,
25,109,Undirected,
25,115,Undirected,
25,130,Undirected,
25,143,Undirected,
25,149,Undirected,
25,152,Undirected,
25,154,Undirected,
25,161,Undirected,
25,162,Undirected,
25,163,Undirected,
25,164,Undirected,
26,28,Undirected,
26,30,Undirected,
26,31,Undirected,
26,32,Undirected,
26,42,Undirected,
26,44,Undirected,
26,49,Undirected,
26,59,Undirected,
26,61,Undirected,
26,68,Undirected,
26,70,Undirected,
26,72,Undirected,
26,88,Undirected,
26,89,Undirected,
26,159,Undirected,
26,160,Undirected,
26,161,Undirected,
26,163,Undirected,
27,28,Undirected,
27,29,Undirected,
27,30,Undirected,
27,31,Undirected,
27,45,Undirected,
27,68,Undirected,
27,69,Undirected,
27,70,Undirected,
27,107,Undirected,
27,109,Undirected,
27,126,Undirected,
27,129,Undirected,
27,130,Undirected,
27,141,Undirected,
27,161,Undirected,
27,162,Undirected,
27,163,Undirected,
27,164,Undirected,
28,29,Undirected,
28,30,Undirected,
28,31,Undirected,
28,62,Undirected,
28,63,Undirected,
28,68,Undirected,
28,69,Undirected,
28,70,Undirected,
28,107,Undirected,
28,109,Undirected,
28,110,Undirected,
28,118,Undirected,
28,130,Undirected,
28,141,Undirected,
28,161,Undirected,
28,162,Undirected,
28,163,Undirected,
28,164,Undirected,
29,30,Undirected,
29,31,Undirected,
29,39,Undirected,
29,45,Undirected,
29,68,Undirected,
29,69,Undirected,
29,70,Undirected,
29,93,Undirected,
29,107,Undirected,
29,109,Undirected,
29,118,Undirected,
29,130,Undirected,
29,141,Undirected,
29,143,Undirected,
29,162,Undirected,
29,163,Undirected,
29,164,Undirected,
30,31,Undirected,
30,32,Undirected,
30,63,Undirected,
30,68,Undirected,
30,70,Undirected,
30,90,Undirected,
30,107,Undirected,
30,137,Undirected,
30,141,Undirected,
30,157,Undirected,
30,161,Undirected,
30,164,Undirected,
31,32,Undirected,
31,43,Undirected,
31,45,Undirected,
31,46,Undirected,
31,61,Undirected,
31,62,Undirected,
31,63,Undirected,
31,68,Undirected,
31,69,Undirected,
31,70,Undirected,
31,72,Undirected,
31,74,Undirected,
31,75,Undirected,
31,90,Undirected,
31,91,Undirected,
31,107,Undirected,
31,109,Undirected,
31,115,Undirected,
31,123,Undirected,
31,128,Undirected,
31,129,Undirected,
31,130,Undirected,
31,135,Undirected,
31,141,Undirected,
31,142,Undirected,
31,143,Undirected,
31,152,Undirected,
31,154,Undirected,
31,157,Undirected,
31,163,Undirected,
31,164,Undirected,
32,43,Undirected,
32,45,Undirected,
32,46,Undirected,
32,61,Undirected,
32,63,Undirected,
32,70,Undirected,
32,71,Undirected,
32,72,Undirected,
32,73,Undirected,
32,74,Undirected,
32,75,Undirected,
32,90,Undirected,
32,91,Undirected,
32,93,Undirected,
32,107,Undirected,
32,109,Undirected,
32,115,Undirected,
32,116,Undirected,
32,123,Undirected,
32,128,Undirected,
32,129,Undirected,
32,141,Undirected,
32,142,Undirected,
32,143,Undirected,
32,152,Undirected,
32,155,Undirected,
32,157,Undirected,
32,164,Undirected,
33,34,Undirected,
33,35,Undirected,
33,36,Undirected,
33,37,Undirected,
33,50,Undirected,
33,51,Undirected,
33,55,Undirected,
33,60,Undirected,
33,61,Undirected,
33,79,Undirected,
33,123,Undirected,
33,137,Undirected,
33,138,Undirected,
33,139,Undirected,
33,143,Undirected,
33,144,Undirected,
33,151,Undirected,
33,153,Undirected,
33,154,Undirected,
34,35,Undirected,
34,36,Undirected,
34,50,Undirected,
34,51,Undirected,
34,55,Undirected,
34,79,Undirected,
34,123,Undirected,
34,137,Undirected,
34,138,Undirected,
34,139,Undirected,
34,144,Undirected,
34,151,Undirected,
34,153,Undirected,
34,154,Undirected,
35,36,Undirected,
35,37,Undirected,
35,39,Undirected,
35,43,Undirected,
35,50,Undirected,
35,51,Undirected,
35,55,Undirected,
35,60,Undirected,
35,78,Undirected,
35,80,Undirected,
35,82,Undirected,
35,95,Undirected,
35,96,Undirected,
35,114,Undirected,
35,119,Undirected,
35,138,Undirected,
35,139,Undirected,
35,144,Undirected,
35,148,Undirected,
35,150,Undirected,
35,152,Undirected,
35,153,Undirected,
35,154,Undirected,
36,37,Undirected,
36,38,Undirected,
36,46,Undirected,
36,50,Undirected,
36,51,Undirected,
36,71,Undirected,
36,79,Undirected,
36,96,Undirected,
36,137,Undirected,
36,138,Undirected,
36,139,Undirected,
36,145,Undirected,
36,148,Undirected,
36,151,Undirected,
36,152,Undirected,
36,153,Undirected,
36,154,Undirected,
37,38,Undirected,
37,39,Undirected,
37,50,Undirected,
37,51,Undirected,
37,55,Undirected,
37,78,Undirected,
37,79,Undirected,
37,82,Undirected,
37,96,Undirected,
37,138,Undirected,
37,139,Undirected,
37,144,Undirected,
37,149,Undirected,
37,150,Undirected,
37,152,Undirected,
37,153,Undirected,
37,154,Undirected,
38,40,Undirected,
38,55,Undirected,
38,77,Undirected,
38,78,Undirected,
38,79,Undirected,
38,144,Undirected,
38,145,Undirected,
38,147,Undirected,
38,148,Undirected,
38,149,Undirected,
38,151,Undirected,
38,153,Undirected,
39,40,Undirected,
39,41,Undirected,
39,60,Undirected,
39,76,Undirected,
39,78,Undirected,
39,80,Undirected,
39,82,Undirected,
39,149,Undirected,
39,150,Undirected,
39,152,Undirected,
39,154,Undirected,
39,158,Undirected,
39,162,Undirected,
40,42,Undirected,
40,76,Undirected,
40,77,Undirected,
40,78,Undirected,
40,81,Undirected,
40,85,Undirected,
40,87,Undirected,
40,145,Undirected,
40,149,Undirected,
40,155,Undirected,
40,159,Undirected,
40,160,Undirected,
40,161,Undirected,
40,162,Undirected,
41,42,Undirected,
41,43,Undirected,
41,53,Undirected,
41,56,Undirected,
41,57,Undirected,
41,62,Undirected,
41,76,Undirected,
41,84,Undirected,
41,92,Undirected,
41,118,Undirected,
41,125,Undirected,
41,135,Undirected,
41,136,Undirected,
41,156,Undirected,
41,157,Undirected,
41,158,Undirected,
41,160,Undirected,
41,162,Undirected,
42,44,Undirected,
42,49,Undirected,
42,56,Undirected,
42,57,Undirected,
42,59,Undirected,
42,81,Undirected,
42,84,Undirected,
42,89,Undirected,
42,134,Undirected,
42,136,Undirected,
42,156,Undirected,
42,159,Undirected,
42,160,Undirected,
42,161,Undirected,
43,44,Undirected,
43,52,Undirected,
43,57,Undirected,
43,58,Undirected,
43,65,Undirected,
43,66,Undirected,
43,70,Undirected,
43,71,Undirected,
43,72,Undirected,
43,73,Undirected,
43,75,Undirected,
43,84,Undirected,
43,89,Undirected,
43,96,Undirected,
43,135,Undirected,
43,136,Undirected,
43,139,Undirected,
43,140,Undirected,
43,142,Undirected,
43,143,Undirected,
43,152,Undirected,
43,154,Undirected,
43,155,Undirected,
43,156,Undirected,
43,157,Undirected,
43,158,Undirected,
44,49,Undirected,
44,52,Undirected,
44,53,Undirected,
44,56,Undirected,
44,57,Undirected,
44,58,Undirected,
44,59,Undirected,
44,61,Undirected,
44,64,Undirected,
44,65,Undirected,
44,66,Undirected,
44,67,Undirected,
44,71,Undirected,
44,72,Undirected,
44,73,Undirected,
44,84,Undirected,
44,86,Undirected,
44,89,Undirected,
44,100,Undirected,
44,101,Undirected,
44,134,Undirected,
44,135,Undirected,
44,136,Undirected,
44,140,Undirected,
44,142,Undirected,
44,155,Undirected,
44,156,Undirected,
45,46,Undirected,
45,69,Undirected,
45,74,Undirected,
45,90,Undirected,
45,91,Undirected,
45,107,Undirected,
45,109,Undirected,
45,115,Undirected,
45,116,Undirected,
45,129,Undirected,
45,130,Undirected,
45,141,Undirected,
45,142,Undirected,
45,143,Undirected,
45,163,Undirected,
45,164,Undirected,
46,70,Undirected,
46,71,Undirected,
46,72,Undirected,
46,73,Undirected,
46,74,Undirected,
46,90,Undirected,
46,91,Undirected,
46,93,Undirected,
46,107,Undirected,
46,109,Undirected,
46,115,Undirected,
46,116,Undirected,
46,123,Undirected,
46,128,Undirected,
46,129,Undirected,
46,141,Undirected,
46,142,Undirected,
46,143,Undirected,
46,152,Undirected,
46,154,Undirected,
46,157,Undirected,
46,163,Undirected,
46,164,Undirected,
47,48,Undirected,
47,52,Undirected,
47,57,Undirected,
47,58,Undirected,
47,59,Undirected,
47,65,Undirected,
47,66,Undirected,
47,67,Undirected,
47,70,Undirected,
47,72,Undirected,
47,73,Undirected,
47,74,Undirected,
47,75,Undirected,
47,88,Undirected,
47,89,Undirected,
47,96,Undirected,
47,131,Undirected,
47,140,Undirected,
47,142,Undirected,
47,146,Undirected,
48,58,Undirected,
48,59,Undirected,
48,66,Undirected,
48,67,Undirected,
48,70,Undirected,
48,72,Undirected,
48,73,Undirected,
48,74,Undirected,
48,75,Undirected,
48,88,Undirected,
48,89,Undirected,
48,91,Undirected,
48,131,Undirected,
48,140,Undirected,
48,142,Undirected,
48,146,Undirected,
49,52,Undirected,
49,56,Undirected,
49,59,Undirected,
49,64,Undirected,
49,65,Undirected,
49,67,Undirected,
49,81,Undirected,
49,84,Undirected,
49,89,Undirected,
49,101,Undirected,
49,105,Undirected,
49,133,Undirected,
49,136,Undirected,
49,160,Undirected,
50,51,Undirected,
50,55,Undirected,
50,73,Undirected,
50,79,Undirected,
50,123,Undirected,
50,137,Undirected,
50,138,Undirected,
50,139,Undirected,
50,144,Undirected,
50,147,Undirected,
50,148,Undirected,
50,150,Undirected,
50,151,Undirected,
50,152,Undirected,
50,153,Undirected,
50,154,Undirected,
51,55,Undirected,
51,79,Undirected,
51,123,Undirected,
51,137,Undirected,
51,138,Undirected,
51,139,Undirected,
51,144,Undirected,
51,147,Undirected,
51,148,Undirected,
51,150,Undirected,
51,151,Undirected,
51,153,Undirected,
51,154,Undirected,
52,56,Undirected,
52,57,Undirected,
52,58,Undirected,
52,59,Undirected,
52,65,Undirected,
52,66,Undirected,
52,67,Undirected,
52,72,Undirected,
52,73,Undirected,
52,75,Undirected,
52,84,Undirected,
52,86,Undirected,
52,88,Undirected,
52,89,Undirected,
52,101,Undirected,
52,105,Undirected,
52,133,Undirected,
52,134,Undirected,
52,136,Undirected,
52,140,Undirected,
53,54,Undirected,
53,55,Undirected,
53,56,Undirected,
53,57,Undirected,
53,125,Undirected,
53,133,Undirected,
53,134,Undirected,
53,136,Undirected,
53,144,Undirected,
53,156,Undirected,
53,158,Undirected,
54,55,Undirected,
54,56,Undirected,
54,57,Undirected,
54,77,Undirected,
54,125,Undirected,
54,136,Undirected,
54,144,Undirected,
54,156,Undirected,
55,57,Undirected,
55,79,Undirected,
55,80,Undirected,
55,95,Undirected,
55,96,Undirected,
55,137,Undirected,
55,138,Undirected,
55,139,Undirected,
55,144,Undirected,
56,57,Undirected,
56,65,Undirected,
56,66,Undirected,
56,67,Undirected,
56,84,Undirected,
56,89,Undirected,
56,99,Undirected,
56,100,Undirected,
56,101,Undirected,
56,105,Undirected,
56,131,Undirected,
56,133,Undirected,
56,134,Undirected,
56,135,Undirected,
56,136,Undirected,
56,140,Undirected,
56,156,Undirected,
57,58,Undirected,
57,59,Undirected,
57,64,Undirected,
57,65,Undirected,
57,66,Undirected,
57,67,Undirected,
57,76,Undirected,
57,81,Undirected,
57,84,Undirected,
57,86,Undirected,
57,89,Undirected,
57,98,Undirected,
57,101,Undirected,
57,105,Undirected,
57,133,Undirected,
57,134,Undirected,
57,136,Undirected,
57,140,Undirected,
57,146,Undirected,
57,156,Undirected,
58,59,Undirected,
58,61,Undirected,
58,66,Undirected,
58,67,Undirected,
58,70,Undirected,
58,72,Undirected,
58,73,Undirected,
58,75,Undirected,
58,76,Undirected,
58,80,Undirected,
58,84,Undirected,
58,86,Undirected,
58,88,Undirected,
58,89,Undirected,
58,96,Undirected,
58,136,Undirected,
58,140,Undirected,
58,146,Undirected,
59,61,Undirected,
59,65,Undirected,
59,66,Undirected,
59,67,Undirected,
59,70,Undirected,
59,72,Undirected,
59,73,Undirected,
59,74,Undirected,
59,75,Undirected,
59,76,Undirected,
59,81,Undirected,
59,84,Undirected,
59,86,Undirected,
59,88,Undirected,
59,89,Undirected,
59,96,Undirected,
59,136,Undirected,
59,140,Undirected,
59,142,Undirected,
59,146,Undirected,
59,159,Undirected,
59,160,Undirected,
59,161,Undirected,
60,61,Undirected,
60,72,Undirected,
60,76,Undirected,
60,82,Undirected,
60,83,Undirected,
60,96,Undirected,
60,102,Undirected,
60,103,Undirected,
60,106,Undirected,
60,117,Undirected,
60,142,Undirected,
60,143,Undirected,
60,154,Undirected,
60,162,Undirected,
61,64,Undirected,
61,65,Undirected,
61,67,Undirected,
61,70,Undirected,
61,72,Undirected,
61,88,Undirected,
61,100,Undirected,
61,102,Undirected,
61,103,Undirected,
61,106,Undirected,
61,140,Undirected,
61,142,Undirected,
61,159,Undirected,
61,161,Undirected,
62,63,Undirected,
62,80,Undirected,
62,84,Undirected,
62,85,Undirected,
62,86,Undirected,
62,87,Undirected,
62,109,Undirected,
62,134,Undirected,
62,135,Undirected,
62,136,Undirected,
62,157,Undirected,
63,69,Undirected,
63,70,Undirected,
63,71,Undirected,
63,85,Undirected,
63,87,Undirected,
63,90,Undirected,
63,107,Undirected,
63,109,Undirected,
63,118,Undirected,
63,128,Undirected,
63,134,Undirected,
63,141,Undirected,
63,155,Undirected,
63,157,Undirected,
63,164,Undirected,
64,65,Undirected,
64,66,Undirected,
64,71,Undirected,
64,72,Undirected,
64,85,Undirected,
64,100,Undirected,
64,101,Undirected,
64,106,Undirected,
64,110,Undirected,
64,112,Undirected,
64,134,Undirected,
64,136,Undirected,
64,142,Undirected,
65,66,Undirected,
65,67,Undirected,
65,71,Undirected,
65,72,Undirected,
65,74,Undirected,
65,75,Undirected,
65,81,Undirected,
65,100,Undirected,
65,101,Undirected,
65,102,Undirected,
65,103,Undirected,
65,106,Undirected,
65,133,Undirected,
65,134,Undirected,
65,135,Undirected,
65,136,Undirected,
65,140,Undirected,
65,142,Undirected,
65,155,Undirected,
65,159,Undirected,
66,67,Undirected,
66,70,Undirected,
66,71,Undirected,
66,72,Undirected,
66,73,Undirected,
66,74,Undirected,
66,75,Undirected,
66,84,Undirected,
66,86,Undirected,
66,87,Undirected,
66,88,Undirected,
66,89,Undirected,
66,90,Undirected,
66,91,Undirected,
66,96,Undirected,
66,118,Undirected,
66,136,Undirected,
66,140,Undirected,
66,142,Undirected,
66,143,Undirected,
66,146,Undirected,
66,155,Undirected,
67,72,Undirected,
67,73,Undirected,
67,74,Undirected,
67,75,Undirected,
67,88,Undirected,
67,89,Undirected,
67,136,Undirected,
67,140,Undirected,
67,142,Undirected,
67,143,Undirected,
67,146,Undirected,
68,69,Undirected,
68,70,Undirected,
68,109,Undirected,
68,118,Undirected,
68,130,Undirected,
68,161,Undirected,
68,162,Undirected,
68,163,Undirected,
68,164,Undirected,
69,70,Undirected,
69,107,Undirected,
69,109,Undirected,
69,126,Undirected,
69,129,Undirected,
69,130,Undirected,
69,141,Undirected,
69,162,Undirected,
69,164,Undirected,
70,72,Undirected,
70,74,Undirected,
70,75,Undirected,
70,77,Undirected,
70,87,Undirected,
70,91,Undirected,
70,93,Undirected,
70,97,Undirected,
70,102,Undirected,
70,109,Undirected,
70,118,Undirected,
70,140,Undirected,
70,141,Undirected,
70,142,Undirected,
70,143,Undirected,
70,155,Undirected,
70,157,Undirected,
70,159,Undirected,
70,161,Undirected,
70,164,Undirected,
71,72,Undirected,
71,73,Undirected,
71,91,Undirected,
71,100,Undirected,
71,134,Undirected,
71,135,Undirected,
71,142,Undirected,
71,152,Undirected,
71,155,Undirected,
72,73,Undirected,
72,74,Undirected,
72,75,Undirected,
72,88,Undirected,
72,89,Undirected,
72,91,Undirected,
72,100,Undirected,
72,102,Undirected,
72,135,Undirected,
72,140,Undirected,
72,141,Undirected,
72,142,Undirected,
72,143,Undirected,
72,155,Undirected,
72,159,Undirected,
73,74,Undirected,
73,75,Undirected,
73,90,Undirected,
73,91,Undirected,
73,113,Undirected,
73,128,Undirected,
73,139,Undirected,
73,140,Undirected,
73,142,Undirected,
73,143,Undirected,
74,75,Undirected,
74,90,Undirected,
74,91,Undirected,
74,93,Undirected,
74,107,Undirected,
74,109,Undirected,
74,129,Undirected,
74,133,Undirected,
74,140,Undirected,
74,141,Undirected,
74,142,Undirected,
74,143,Undirected,
74,155,Undirected,
74,157,Undirected,
74,160,Undirected,
74,164,Undirected,
75,88,Undirected,
75,90,Undirected,
75,91,Undirected,
75,104,Undirected,
75,133,Undirected,
75,135,Undirected,
75,140,Undirected,
75,141,Undirected,
75,142,Undirected,
75,143,Undirected,
75,160,Undirected,
76,77,Undirected,
76,78,Undirected,
76,80,Undirected,
76,84,Undirected,
76,85,Undirected,
76,86,Undirected,
76,87,Undirected,
76,89,Undirected,
76,92,Undirected,
76,111,Undirected,
76,112,Undirected,
76,125,Undirected,
76,145,Undirected,
76,146,Undirected,
76,159,Undirected,
76,160,Undirected,
77,78,Undirected,
77,79,Undirected,
77,85,Undirected,
77,87,Undirected,
77,92,Undirected,
77,93,Undirected,
77,97,Undirected,
77,111,Undirected,
77,125,Undirected,
77,126,Undirected,
77,145,Undirected,
77,159,Undirected,
78,79,Undirected,
78,80,Undirected,
78,85,Undirected,
78,87,Undirected,
78,92,Undirected,
78,125,Undirected,
78,138,Undirected,
78,145,Undirected,
78,146,Undirected,
78,148,Undirected,
78,150,Undirected,
79,80,Undirected,
79,81,Undirected,
79,137,Undirected,
79,138,Undirected,
79,139,Undirected,
79,151,Undirected,
79,153,Undirected,
80,81,Undirected,
80,82,Undirected,
80,84,Undirected,
80,85,Undirected,
80,86,Undirected,
80,87,Undirected,
80,113,Undirected,
80,119,Undirected,
80,138,Undirected,
80,146,Undirected,
80,150,Undirected,
81,89,Undirected,
81,105,Undirected,
82,83,Undirected,
82,95,Undirected,
82,102,Undirected,
82,114,Undirected,
82,119,Undirected,
82,122,Undirected,
82,127,Undirected,
82,138,Undirected,
82,144,Undirected,
82,150,Undirected,
83,93,Undirected,
83,99,Undirected,
83,102,Undirected,
83,117,Undirected,
83,159,Undirected,
83,160,Undirected,
83,162,Undirected,
84,85,Undirected,
84,86,Undirected,
84,87,Undirected,
84,88,Undirected,
84,89,Undirected,
84,96,Undirected,
84,98,Undirected,
84,99,Undirected,
84,105,Undirected,
84,135,Undirected,
84,136,Undirected,
84,140,Undirected,
84,146,Undirected,
84,156,Undirected,
84,160,Undirected,
85,86,Undirected,
85,87,Undirected,
85,138,Undirected,
85,145,Undirected,
85,146,Undirected,
85,159,Undirected,
86,87,Undirected,
86,88,Undirected,
86,89,Undirected,
86,99,Undirected,
86,134,Undirected,
86,135,Undirected,
86,136,Undirected,
86,140,Undirected,
86,146,Undirected,
86,160,Undirected,
87,97,Undirected,
87,101,Undirected,
87,138,Undirected,
87,145,Undirected,
87,157,Undirected,
87,159,Undirected,
88,89,Undirected,
88,96,Undirected,
88,98,Undirected,
88,131,Undirected,
88,140,Undirected,
88,146,Undirected,
88,160,Undirected,
88,161,Undirected,
89,98,Undirected,
89,136,Undirected,
89,140,Undirected,
89,146,Undirected,
89,160,Undirected,
89,161,Undirected,
90,91,Undirected,
90,107,Undirected,
90,108,Undirected,
90,129,Undirected,
90,133,Undirected,
90,140,Undirected,
90,141,Undirected,
90,142,Undirected,
90,143,Undirected,
90,157,Undirected,
90,164,Undirected,
91,104,Undirected,
91,107,Undirected,
91,123,Undirected,
91,129,Undirected,
91,135,Undirected,
91,140,Undirected,
91,141,Undirected,
91,142,Undirected,
91,143,Undirected,
91,157,Undirected,
91,164,Undirected,
92,93,Undirected,
92,94,Undirected,
92,96,Undirected,
92,97,Undirected,
92,99,Undirected,
92,109,Undirected,
92,125,Undirected,
92,145,Undirected,
92,152,Undirected,
93,96,Undirected,
93,97,Undirected,
93,141,Undirected,
93,143,Undirected,
93,145,Undirected,
93,152,Undirected,
93,159,Undirected,
94,95,Undirected,
94,116,Undirected,
95,96,Undirected,
95,97,Undirected,
95,144,Undirected,
96,97,Undirected,
96,98,Undirected,
96,99,Undirected,
96,144,Undirected,
96,145,Undirected,
96,146,Undirected,
96,154,Undirected,
97,99,Undirected,
97,102,Undirected,
97,105,Undirected,
97,145,Undirected,
97,159,Undirected,
97,160,Undirected,
98,99,Undirected,
98,105,Undirected,
98,113,Undirected,
98,120,Undirected,
98,127,Undirected,
98,130,Undirected,
98,131,Undirected,
98,146,Undirected,
98,149,Undirected,
99,102,Undirected,
99,105,Undirected,
99,156,Undirected,
99,159,Undirected,
99,160,Undirected,
100,101,Undirected,
100,102,Undirected,
100,103,Undirected,
100,106,Undirected,
100,134,Undirected,
100,135,Undirected,
100,136,Undirected,
101,102,Undirected,
101,103,Undirected,
101,105,Undirected,
101,106,Undirected,
101,133,Undirected,
101,134,Undirected,
101,136,Undirected,
102,103,Undirected,
102,159,Undirected,
103,106,Undirected,
103,142,Undirected,
104,105,Undirected,
104,133,Undirected,
105,133,Undirected,
105,136,Undirected,
106,111,Undirected,
106,112,Undirected,
106,126,Undirected,
106,129,Undirected,
106,132,Undirected,
106,133,Undirected,
107,108,Undirected,
107,109,Undirected,
107,115,Undirected,
107,116,Undirected,
107,123,Undirected,
107,128,Undirected,
107,129,Undirected,
107,141,Undirected,
107,155,Undirected,
107,157,Undirected,
107,163,Undirected,
107,164,Undirected,
108,109,Undirected,
108,115,Undirected,
108,116,Undirected,
108,128,Undirected,
108,129,Undirected,
108,141,Undirected,
108,163,Undirected,
108,164,Undirected,
109,111,Undirected,
109,118,Undirected,
109,129,Undirected,
109,141,Undirected,
109,155,Undirected,
109,157,Undirected,
109,162,Undirected,
109,164,Undirected,
110,118,Undirected,
110,120,Undirected,
110,124,Undirected,
111,112,Undirected,
111,125,Undirected,
111,126,Undirected,
111,159,Undirected,
112,114,Undirected,
112,125,Undirected,
112,126,Undirected,
113,114,Undirected,
113,115,Undirected,
113,121,Undirected,
113,127,Undirected,
113,128,Undirected,
113,130,Undirected,
113,131,Undirected,
113,150,Undirected,
113,163,Undirected,
114,115,Undirected,
114,116,Undirected,
114,128,Undirected,
114,130,Undirected,
114,148,Undirected,
114,150,Undirected,
114,163,Undirected,
115,116,Undirected,
115,120,Undirected,
115,121,Undirected,
115,123,Undirected,
115,128,Undirected,
115,129,Undirected,
115,130,Undirected,
115,139,Undirected,
115,148,Undirected,
115,150,Undirected,
115,162,Undirected,
115,163,Undirected,
115,164,Undirected,
116,123,Undirected,
116,128,Undirected,
116,129,Undirected,
116,130,Undirected,
116,141,Undirected,
116,148,Undirected,
116,163,Undirected,
116,164,Undirected,
117,149,Undirected,
117,162,Undirected,
118,155,Undirected,
118,164,Undirected,
119,120,Undirected,
119,121,Undirected,
119,122,Undirected,
119,147,Undirected,
119,148,Undirected,
119,150,Undirected,
119,151,Undirected,
120,121,Undirected,
120,122,Undirected,
120,123,Undirected,
120,124,Undirected,
120,132,Undirected,
120,150,Undirected,
120,151,Undirected,
120,163,Undirected,
121,122,Undirected,
121,127,Undirected,
121,130,Undirected,
121,131,Undirected,
121,132,Undirected,
121,163,Undirected,
122,127,Undirected,
122,131,Undirected,
122,132,Undirected,
122,163,Undirected,
123,124,Undirected,
123,128,Undirected,
123,130,Undirected,
123,138,Undirected,
123,139,Undirected,
123,141,Undirected,
123,148,Undirected,
123,152,Undirected,
123,154,Undirected,
123,157,Undirected,
123,163,Undirected,
124,128,Undirected,
124,152,Undirected,
126,149,Undirected,
127,130,Undirected,
127,131,Undirected,
127,163,Undirected,
128,129,Undirected,
128,148,Undirected,
128,163,Undirected,
128,164,Undirected,
129,130,Undirected,
129,141,Undirected,
129,143,Undirected,
129,163,Undirected,
129,164,Undirected,
130,131,Undirected,
130,132,Undirected,
130,149,Undirected,
130,162,Undirected,
130,163,Undirected,
131,132,Undirected,
131,163,Undirected,
132,163,Undirected,
133,134,Undirected,
133,136,Undirected,
133,140,Undirected,
133,160,Undirected,
134,135,Undirected,
134,136,Undirected,
134,156,Undirected,
135,136,Undirected,
135,152,Undirected,
135,157,Undirected,
136,140,Undirected,
136,156,Undirected,
137,138,Undirected,
137,139,Undirected,
137,153,Undirected,
138,139,Undirected,
138,144,Undirected,
138,145,Undirected,
138,148,Undirected,
138,150,Undirected,
138,151,Undirected,
138,153,Undirected,
138,154,Undirected,
139,144,Undirected,
139,147,Undirected,
139,148,Undirected,
139,150,Undirected,
139,151,Undirected,
139,153,Undirected,
139,154,Undirected,
140,142,Undirected,
140,143,Undirected,
140,146,Undirected,
140,160,Undirected,
141,142,Undirected,
141,143,Undirected,
141,155,Undirected,
141,157,Undirected,
141,164,Undirected,
142,143,Undirected,
142,155,Undirected,
143,152,Undirected,
143,154,Undirected,
144,147,Undirected,
144,148,Undirected,
144,150,Undirected,
144,151,Undirected,
144,153,Undirected,
144,154,Undirected,
145,146,Undirected,
145,153,Undirected,
145,159,Undirected,
145,160,Undirected,
145,161,Undirected,
146,160,Undirected,
146,161,Undirected,
147,148,Undirected,
147,151,Undirected,
148,150,Undirected,
148,151,Undirected,
148,153,Undirected,
148,154,Undirected,
149,150,Undirected,
149,159,Undirected,
149,161,Undirected,
149,162,Undirected,
150,154,Undirected,
151,152,Undirected,
151,153,Undirected,
152,153,Undirected,
152,154,Undirected,
153,154,Undirected,
155,157,Undirected,
155,159,Undirected,
155,164,Undirected,
157,164,Undirected,
159,160,Undirected,
159,161,Undirected,
159,162,Undirected,
160,161,Undirected,
160,162,Undirected,
161,162,Undirected,
161,163,Undirected,
162,163,Undirected,
163,164,Undirected,
