Source,Target,Type,Id,timeset
1,2,Undirected,22158,
1,5,Undirected,22159,
1,6,Undirected,22160,
1,7,Undirected,22161,
1,8,Undirected,22162,
1,10,Undirected,22163,
1,11,Undirected,22164,
1,12,Undirected,22165,
1,13,Undirected,22166,
1,14,Undirected,22167,
1,32,Undirected,22168,
1,36,Undirected,22169,
1,37,Undirected,22170,
1,39,Undirected,22171,
1,41,Undirected,22172,
1,53,Undirected,22173,
1,60,Undirected,22174,
1,62,Undirected,22175,
1,71,Undirected,22176,
1,106,Undirected,22177,
1,108,Undirected,22178,
1,110,Undirected,22179,
1,120,Undirected,22180,
1,121,Undirected,22181,
1,131,Undirected,22182,
1,133,Undirected,22183,
1,146,Undirected,22184,
1,147,Undirected,22185,
1,148,Undirected,22186,
1,152,Undirected,22187,
1,155,Undirected,22188,
1,156,Undirected,22189,
1,157,Undirected,22190,
1,158,Undirected,22191,
1,163,Undirected,22192,
1,164,Undirected,22193,
2,6,Undirected,22195,
2,7,Undirected,22196,
2,8,Undirected,22197,
2,10,Undirected,22198,
2,12,Undirected,22199,
2,14,Undirected,22200,
2,32,Undirected,22201,
2,33,Undirected,22202,
2,39,Undirected,22203,
2,42,Undirected,22204,
2,44,Undirected,22205,
2,51,Undirected,22206,
2,53,Undirected,22207,
2,54,Undirected,22208,
2,55,Undirected,22209,
2,60,Undirected,22210,
2,61,Undirected,22211,
2,77,Undirected,22212,
2,108,Undirected,22213,
2,110,Undirected,22214,
2,144,Undirected,22215,
2,145,Undirected,22216,
2,146,Undirected,22217,
2,147,Undirected,22218,
2,148,Undirected,22219,
2,151,Undirected,22220,
2,154,Undirected,22221,
2,155,Undirected,22222,
2,156,Undirected,22223,
2,157,Undirected,22224,
2,158,Undirected,22225,
2,159,Undirected,22226,
2,164,Undirected,22227,
3,4,Undirected,22228,
3,9,Undirected,22229,
3,11,Undirected,22230,
3,30,Undirected,22231,
3,37,Undirected,22232,
3,39,Undirected,22233,
3,45,Undirected,22234,
3,55,Undirected,22235,
3,60,Undirected,22236,
3,76,Undirected,22237,
3,78,Undirected,22238,
3,80,Undirected,22239,
3,82,Undirected,22240,
3,84,Undirected,22241,
3,86,Undirected,22242,
3,96,Undirected,22243,
3,97,Undirected,22244,
3,99,Undirected,22245,
3,102,Undirected,22246,
3,105,Undirected,22247,
3,138,Undirected,22248,
3,145,Undirected,22249,
3,146,Undirected,22250,
3,160,Undirected,22251,
4,8,Undirected,22253,
4,37,Undirected,22254,
4,38,Undirected,22255,
4,39,Undirected,22256,
4,40,Undirected,22257,
4,41,Undirected,22258,
4,61,Undirected,22259,
4,76,Undirected,22260,
4,77,Undirected,22261,
4,79,Undirected,22262,
4,81,Undirected,22263,
4,85,Undirected,22264,
4,87,Undirected,22265,
4,92,Undirected,22266,
4,93,Undirected,22267,
4,96,Undirected,22268,
4,97,Undirected,22269,
4,99,Undirected,22270,
4,102,Undirected,22271,
4,137,Undirected,22272,
4,145,Undirected,22273,
4,146,Undirected,22274,
4,149,Undirected,22275,
4,150,Undirected,22276,
4,155,Undirected,22277,
5,6,Undirected,22279,
5,7,Undirected,22280,
5,8,Undirected,22281,
5,13,Undirected,22282,
5,14,Undirected,22283,
5,25,Undirected,22284,
5,33,Undirected,22285,
5,35,Undirected,22286,
5,37,Undirected,22287,
5,40,Undirected,22288,
5,50,Undirected,22289,
5,51,Undirected,22290,
5,53,Undirected,22291,
5,54,Undirected,22292,
5,60,Undirected,22293,
5,61,Undirected,22294,
5,72,Undirected,22295,
5,99,Undirected,22296,
5,107,Undirected,22297,
5,139,Undirected,22298,
5,143,Undirected,22299,
5,144,Undirected,22300,
5,147,Undirected,22301,
5,148,Undirected,22302,
5,151,Undirected,22303,
5,152,Undirected,22304,
5,153,Undirected,22305,
5,154,Undirected,22306,
6,7,Undirected,22310,
6,8,Undirected,22311,
6,13,Undirected,22312,
6,14,Undirected,22313,
6,15,Undirected,22314,
6,25,Undirected,22315,
6,33,Undirected,22316,
6,35,Undirected,22317,
6,36,Undirected,22318,
6,40,Undirected,22319,
6,50,Undirected,22320,
6,51,Undirected,22321,
6,53,Undirected,22322,
6,54,Undirected,22323,
6,60,Undirected,22324,
6,61,Undirected,22325,
6,107,Undirected,22326,
6,139,Undirected,22327,
6,144,Undirected,22328,
6,147,Undirected,22329,
6,148,Undirected,22330,
6,151,Undirected,22331,
6,152,Undirected,22332,
6,153,Undirected,22333,
6,154,Undirected,22334,
7,8,Undirected,22339,
7,11,Undirected,22340,
7,12,Undirected,22341,
7,13,Undirected,22342,
7,14,Undirected,22343,
7,15,Undirected,22344,
7,31,Undirected,22345,
7,32,Undirected,22346,
7,35,Undirected,22347,
7,36,Undirected,22348,
7,37,Undirected,22349,
7,38,Undirected,22350,
7,39,Undirected,22351,
7,40,Undirected,22352,
7,41,Undirected,22353,
7,51,Undirected,22354,
7,53,Undirected,22355,
7,60,Undirected,22356,
7,62,Undirected,22357,
7,107,Undirected,22358,
7,116,Undirected,22359,
7,120,Undirected,22360,
7,121,Undirected,22361,
7,131,Undirected,22362,
7,146,Undirected,22363,
7,147,Undirected,22364,
7,148,Undirected,22365,
7,150,Undirected,22366,
7,151,Undirected,22367,
7,152,Undirected,22368,
7,153,Undirected,22369,
7,154,Undirected,22370,
7,155,Undirected,22371,
7,156,Undirected,22372,
7,157,Undirected,22373,
7,158,Undirected,22374,
7,163,Undirected,22375,
8,12,Undirected,22382,
8,14,Undirected,22383,
8,29,Undirected,22384,
8,31,Undirected,22385,
8,35,Undirected,22386,
8,36,Undirected,22387,
8,37,Undirected,22388,
8,39,Undirected,22389,
8,40,Undirected,22390,
8,41,Undirected,22391,
8,43,Undirected,22392,
8,44,Undirected,22393,
8,51,Undirected,22394,
8,53,Undirected,22395,
8,54,Undirected,22396,
8,61,Undirected,22397,
8,98,Undirected,22398,
8,99,Undirected,22399,
8,144,Undirected,22400,
8,147,Undirected,22401,
8,148,Undirected,22402,
8,151,Undirected,22403,
8,152,Undirected,22404,
8,153,Undirected,22405,
8,154,Undirected,22406,
8,155,Undirected,22407,
8,156,Undirected,22408,
8,157,Undirected,22409,
8,158,Undirected,22410,
9,10,Undirected,22412,
9,11,Undirected,22413,
9,12,Undirected,22414,
9,41,Undirected,22415,
9,76,Undirected,22416,
9,77,Undirected,22417,
9,78,Undirected,22418,
9,79,Undirected,22419,
9,80,Undirected,22420,
9,92,Undirected,22421,
9,133,Undirected,22422,
9,138,Undirected,22423,
9,141,Undirected,22424,
9,145,Undirected,22425,
9,146,Undirected,22426,
9,150,Undirected,22427,
9,155,Undirected,22428,
9,159,Undirected,22429,
9,160,Undirected,22430,
10,11,Undirected,22434,
10,12,Undirected,22435,
10,14,Undirected,22436,
10,42,Undirected,22437,
10,44,Undirected,22438,
10,51,Undirected,22439,
10,56,Undirected,22440,
10,76,Undirected,22441,
10,77,Undirected,22442,
10,78,Undirected,22443,
10,79,Undirected,22444,
10,137,Undirected,22445,
10,138,Undirected,22446,
10,145,Undirected,22447,
10,146,Undirected,22448,
10,147,Undirected,22449,
10,155,Undirected,22450,
10,157,Undirected,22451,
10,159,Undirected,22452,
10,160,Undirected,22453,
11,12,Undirected,22459,
11,13,Undirected,22460,
11,37,Undirected,22461,
11,39,Undirected,22462,
11,41,Undirected,22463,
11,50,Undirected,22464,
11,51,Undirected,22465,
11,76,Undirected,22466,
11,77,Undirected,22467,
11,78,Undirected,22468,
11,98,Undirected,22469,
11,109,Undirected,22470,
11,138,Undirected,22471,
11,146,Undirected,22472,
11,150,Undirected,22473,
11,158,Undirected,22474,
11,159,Undirected,22475,
11,160,Undirected,22476,
12,13,Undirected,22484,
12,14,Undirected,22485,
12,33,Undirected,22486,
12,34,Undirected,22487,
12,39,Undirected,22488,
12,42,Undirected,22489,
12,44,Undirected,22490,
12,77,Undirected,22491,
12,78,Undirected,22492,
12,79,Undirected,22493,
12,94,Undirected,22494,
12,137,Undirected,22495,
12,138,Undirected,22496,
12,145,Undirected,22497,
12,147,Undirected,22498,
12,150,Undirected,22499,
12,155,Undirected,22500,
12,157,Undirected,22501,
12,158,Undirected,22502,
12,159,Undirected,22503,
12,160,Undirected,22504,
12,161,Undirected,22505,
13,14,Undirected,22512,
13,20,Undirected,22513,
13,25,Undirected,22514,
13,33,Undirected,22515,
13,34,Undirected,22516,
13,35,Undirected,22517,
13,36,Undirected,22518,
13,37,Undirected,22519,
13,38,Undirected,22520,
13,39,Undirected,22521,
13,40,Undirected,22522,
13,45,Undirected,22523,
13,46,Undirected,22524,
13,50,Undirected,22525,
13,51,Undirected,22526,
13,53,Undirected,22527,
13,77,Undirected,22528,
13,86,Undirected,22529,
13,87,Undirected,22530,
13,107,Undirected,22531,
13,132,Undirected,22532,
13,137,Undirected,22533,
13,138,Undirected,22534,
13,139,Undirected,22535,
13,141,Undirected,22536,
13,147,Undirected,22537,
13,148,Undirected,22538,
13,150,Undirected,22539,
13,151,Undirected,22540,
13,152,Undirected,22541,
13,153,Undirected,22542,
13,154,Undirected,22543,
13,162,Undirected,22544,
14,19,Undirected,22554,
14,29,Undirected,22555,
14,33,Undirected,22556,
14,34,Undirected,22557,
14,35,Undirected,22558,
14,36,Undirected,22559,
14,37,Undirected,22560,
14,38,Undirected,22561,
14,39,Undirected,22562,
14,40,Undirected,22563,
14,42,Undirected,22564,
14,50,Undirected,22565,
14,51,Undirected,22566,
14,53,Undirected,22567,
14,77,Undirected,22568,
14,87,Undirected,22569,
14,107,Undirected,22570,
14,115,Undirected,22571,
14,119,Undirected,22572,
14,137,Undirected,22573,
14,138,Undirected,22574,
14,139,Undirected,22575,
14,144,Undirected,22576,
14,147,Undirected,22577,
14,148,Undirected,22578,
14,150,Undirected,22579,
14,151,Undirected,22580,
14,152,Undirected,22581,
14,153,Undirected,22582,
14,154,Undirected,22583,
14,155,Undirected,22584,
14,156,Undirected,22585,
14,157,Undirected,22586,
14,158,Undirected,22587,
14,159,Undirected,22588,
15,16,Undirected,22591,
15,22,Undirected,22592,
15,36,Undirected,22593,
15,38,Undirected,22594,
15,41,Undirected,22595,
15,60,Undirected,22596,
15,62,Undirected,22597,
15,63,Undirected,22598,
15,73,Undirected,22599,
15,100,Undirected,22600,
15,101,Undirected,22601,
15,102,Undirected,22602,
15,106,Undirected,22603,
15,107,Undirected,22604,
15,108,Undirected,22605,
15,115,Undirected,22606,
15,116,Undirected,22607,
15,120,Undirected,22608,
15,128,Undirected,22609,
15,131,Undirected,22610,
15,153,Undirected,22611,
15,156,Undirected,22612,
15,158,Undirected,22613,
15,163,Undirected,22614,
15,164,Undirected,22615,
16,27,Undirected,22617,
16,28,Undirected,22618,
16,41,Undirected,22619,
16,60,Undirected,22620,
16,62,Undirected,22621,
16,63,Undirected,22622,
16,70,Undirected,22623,
16,73,Undirected,22624,
16,100,Undirected,22625,
16,101,Undirected,22626,
16,102,Undirected,22627,
16,103,Undirected,22628,
16,106,Undirected,22629,
16,107,Undirected,22630,
16,108,Undirected,22631,
16,115,Undirected,22632,
16,116,Undirected,22633,
16,120,Undirected,22634,
16,121,Undirected,22635,
16,128,Undirected,22636,
16,131,Undirected,22637,
16,132,Undirected,22638,
16,152,Undirected,22639,
16,158,Undirected,22640,
16,163,Undirected,22641,
16,164,Undirected,22642,
17,18,Undirected,22643,
17,19,Undirected,22644,
17,20,Undirected,22645,
17,24,Undirected,22646,
17,45,Undirected,22647,
17,47,Undirected,22648,
17,48,Undirected,22649,
17,49,Undirected,22650,
17,86,Undirected,22651,
17,87,Undirected,22652,
17,90,Undirected,22653,
17,140,Undirected,22654,
17,143,Undirected,22655,
18,19,Undirected,22657,
18,20,Undirected,22658,
18,24,Undirected,22659,
18,45,Undirected,22660,
18,66,Undirected,22661,
18,82,Undirected,22662,
18,83,Undirected,22663,
18,85,Undirected,22664,
18,86,Undirected,22665,
18,87,Undirected,22666,
18,90,Undirected,22667,
18,91,Undirected,22668,
18,140,Undirected,22669,
18,142,Undirected,22670,
18,143,Undirected,22671,
18,162,Undirected,22672,
19,20,Undirected,22676,
19,34,Undirected,22677,
19,66,Undirected,22678,
19,67,Undirected,22679,
19,83,Undirected,22680,
19,84,Undirected,22681,
19,85,Undirected,22682,
19,86,Undirected,22683,
19,87,Undirected,22684,
19,128,Undirected,22685,
19,137,Undirected,22686,
19,138,Undirected,22687,
19,162,Undirected,22688,
20,25,Undirected,22693,
20,39,Undirected,22694,
20,40,Undirected,22695,
20,45,Undirected,22696,
20,50,Undirected,22697,
20,74,Undirected,22698,
20,75,Undirected,22699,
20,83,Undirected,22700,
20,84,Undirected,22701,
20,85,Undirected,22702,
20,86,Undirected,22703,
20,87,Undirected,22704,
20,90,Undirected,22705,
20,115,Undirected,22706,
20,128,Undirected,22707,
20,137,Undirected,22708,
20,138,Undirected,22709,
20,140,Undirected,22710,
20,143,Undirected,22711,
20,150,Undirected,22712,
20,161,Undirected,22713,
20,162,Undirected,22714,
21,22,Undirected,22715,
21,23,Undirected,22716,
21,26,Undirected,22717,
21,28,Undirected,22718,
21,48,Undirected,22719,
21,64,Undirected,22720,
21,65,Undirected,22721,
21,66,Undirected,22722,
21,67,Undirected,22723,
21,68,Undirected,22724,
21,69,Undirected,22725,
21,70,Undirected,22726,
21,100,Undirected,22727,
21,101,Undirected,22728,
21,106,Undirected,22729,
21,111,Undirected,22730,
21,113,Undirected,22731,
21,114,Undirected,22732,
21,122,Undirected,22733,
21,127,Undirected,22734,
21,128,Undirected,22735,
22,24,Undirected,22738,
22,26,Undirected,22739,
22,28,Undirected,22740,
22,47,Undirected,22741,
22,48,Undirected,22742,
22,62,Undirected,22743,
22,64,Undirected,22744,
22,65,Undirected,22745,
22,67,Undirected,22746,
22,68,Undirected,22747,
22,69,Undirected,22748,
22,100,Undirected,22749,
22,101,Undirected,22750,
22,106,Undirected,22751,
22,108,Undirected,22752,
22,113,Undirected,22753,
22,122,Undirected,22754,
22,125,Undirected,22755,
22,128,Undirected,22756,
22,164,Undirected,22757,
23,24,Undirected,22759,
23,49,Undirected,22760,
23,134,Undirected,22761,
23,136,Undirected,22762,
24,26,Undirected,22767,
24,28,Undirected,22768,
24,44,Undirected,22769,
24,48,Undirected,22770,
24,65,Undirected,22771,
24,66,Undirected,22772,
24,67,Undirected,22773,
24,68,Undirected,22774,
24,71,Undirected,22775,
24,113,Undirected,22776,
24,134,Undirected,22777,
24,140,Undirected,22778,
25,26,Undirected,22783,
25,35,Undirected,22784,
25,45,Undirected,22785,
25,50,Undirected,22786,
25,51,Undirected,22787,
25,107,Undirected,22788,
25,108,Undirected,22789,
25,115,Undirected,22790,
25,116,Undirected,22791,
25,128,Undirected,22792,
25,139,Undirected,22793,
25,143,Undirected,22794,
25,150,Undirected,22795,
25,152,Undirected,22796,
25,161,Undirected,22797,
25,162,Undirected,22798,
25,164,Undirected,22799,
26,28,Undirected,22804,
26,32,Undirected,22805,
26,41,Undirected,22806,
26,42,Undirected,22807,
26,46,Undirected,22808,
26,62,Undirected,22809,
26,67,Undirected,22810,
26,69,Undirected,22811,
26,71,Undirected,22812,
26,106,Undirected,22813,
26,107,Undirected,22814,
26,108,Undirected,22815,
26,113,Undirected,22816,
26,115,Undirected,22817,
26,120,Undirected,22818,
26,121,Undirected,22819,
26,122,Undirected,22820,
26,123,Undirected,22821,
26,127,Undirected,22822,
26,131,Undirected,22823,
26,157,Undirected,22824,
26,158,Undirected,22825,
26,161,Undirected,22826,
26,163,Undirected,22827,
26,164,Undirected,22828,
27,28,Undirected,22830,
27,62,Undirected,22831,
27,63,Undirected,22832,
27,68,Undirected,22833,
27,69,Undirected,22834,
27,70,Undirected,22835,
27,101,Undirected,22836,
27,103,Undirected,22837,
28,30,Undirected,22844,
28,62,Undirected,22845,
28,63,Undirected,22846,
28,64,Undirected,22847,
28,68,Undirected,22848,
28,69,Undirected,22849,
28,70,Undirected,22850,
28,71,Undirected,22851,
28,73,Undirected,22852,
28,101,Undirected,22853,
28,106,Undirected,22854,
28,108,Undirected,22855,
28,121,Undirected,22856,
28,122,Undirected,22857,
28,128,Undirected,22858,
28,134,Undirected,22859,
28,152,Undirected,22860,
29,31,Undirected,22863,
29,40,Undirected,22864,
29,42,Undirected,22865,
29,43,Undirected,22866,
29,57,Undirected,22867,
29,79,Undirected,22868,
29,81,Undirected,22869,
29,87,Undirected,22870,
29,119,Undirected,22871,
29,124,Undirected,22872,
29,135,Undirected,22873,
29,136,Undirected,22874,
29,155,Undirected,22875,
29,161,Undirected,22876,
30,32,Undirected,22879,
30,46,Undirected,22880,
30,62,Undirected,22881,
30,63,Undirected,22882,
30,69,Undirected,22883,
30,71,Undirected,22884,
30,86,Undirected,22885,
30,106,Undirected,22886,
30,121,Undirected,22887,
30,123,Undirected,22888,
30,134,Undirected,22889,
30,138,Undirected,22890,
30,161,Undirected,22891,
30,162,Undirected,22892,
31,32,Undirected,22896,
31,36,Undirected,22897,
31,38,Undirected,22898,
31,39,Undirected,22899,
31,40,Undirected,22900,
31,41,Undirected,22901,
31,42,Undirected,22902,
31,43,Undirected,22903,
31,44,Undirected,22904,
31,52,Undirected,22905,
31,61,Undirected,22906,
31,72,Undirected,22907,
31,73,Undirected,22908,
31,75,Undirected,22909,
31,107,Undirected,22910,
31,119,Undirected,22911,
31,124,Undirected,22912,
31,142,Undirected,22913,
31,143,Undirected,22914,
31,149,Undirected,22915,
31,153,Undirected,22916,
31,154,Undirected,22917,
31,155,Undirected,22918,
31,156,Undirected,22919,
31,157,Undirected,22920,
31,158,Undirected,22921,
32,39,Undirected,22928,
32,41,Undirected,22929,
32,42,Undirected,22930,
32,44,Undirected,22931,
32,62,Undirected,22932,
32,63,Undirected,22933,
32,69,Undirected,22934,
32,71,Undirected,22935,
32,73,Undirected,22936,
32,75,Undirected,22937,
32,85,Undirected,22938,
32,91,Undirected,22939,
32,107,Undirected,22940,
32,108,Undirected,22941,
32,113,Undirected,22942,
32,115,Undirected,22943,
32,117,Undirected,22944,
32,120,Undirected,22945,
32,121,Undirected,22946,
32,123,Undirected,22947,
32,155,Undirected,22948,
32,156,Undirected,22949,
32,157,Undirected,22950,
32,158,Undirected,22951,
32,163,Undirected,22952,
33,34,Undirected,22959,
33,35,Undirected,22960,
33,36,Undirected,22961,
33,37,Undirected,22962,
33,39,Undirected,22963,
33,46,Undirected,22964,
33,50,Undirected,22965,
33,51,Undirected,22966,
33,53,Undirected,22967,
33,71,Undirected,22968,
33,77,Undirected,22969,
33,78,Undirected,22970,
33,86,Undirected,22971,
33,87,Undirected,22972,
33,137,Undirected,22973,
33,138,Undirected,22974,
33,139,Undirected,22975,
33,141,Undirected,22976,
33,144,Undirected,22977,
33,145,Undirected,22978,
33,147,Undirected,22979,
33,151,Undirected,22980,
33,152,Undirected,22981,
33,153,Undirected,22982,
33,154,Undirected,22983,
34,35,Undirected,22989,
34,36,Undirected,22990,
34,38,Undirected,22991,
34,40,Undirected,22992,
34,53,Undirected,22993,
34,55,Undirected,22994,
34,75,Undirected,22995,
34,78,Undirected,22996,
34,84,Undirected,22997,
34,137,Undirected,22998,
34,138,Undirected,22999,
34,139,Undirected,23000,
34,144,Undirected,23001,
34,151,Undirected,23002,
34,153,Undirected,23003,
34,154,Undirected,23004,
35,36,Undirected,23014,
35,37,Undirected,23015,
35,38,Undirected,23016,
35,39,Undirected,23017,
35,40,Undirected,23018,
35,45,Undirected,23019,
35,46,Undirected,23020,
35,50,Undirected,23021,
35,51,Undirected,23022,
35,53,Undirected,23023,
35,55,Undirected,23024,
35,86,Undirected,23025,
35,138,Undirected,23026,
35,139,Undirected,23027,
35,142,Undirected,23028,
35,143,Undirected,23029,
35,144,Undirected,23030,
35,147,Undirected,23031,
35,150,Undirected,23032,
35,151,Undirected,23033,
35,152,Undirected,23034,
35,153,Undirected,23035,
35,154,Undirected,23036,
36,37,Undirected,23048,
36,38,Undirected,23049,
36,39,Undirected,23050,
36,40,Undirected,23051,
36,41,Undirected,23052,
36,43,Undirected,23053,
36,53,Undirected,23054,
36,132,Undirected,23055,
36,139,Undirected,23056,
36,147,Undirected,23057,
36,148,Undirected,23058,
36,151,Undirected,23059,
36,152,Undirected,23060,
36,153,Undirected,23061,
36,154,Undirected,23062,
36,156,Undirected,23063,
36,157,Undirected,23064,
36,158,Undirected,23065,
37,38,Undirected,23078,
37,39,Undirected,23079,
37,40,Undirected,23080,
37,41,Undirected,23081,
37,86,Undirected,23082,
37,87,Undirected,23083,
37,107,Undirected,23084,
37,123,Undirected,23085,
37,132,Undirected,23086,
37,138,Undirected,23087,
37,139,Undirected,23088,
37,143,Undirected,23089,
37,146,Undirected,23090,
37,149,Undirected,23091,
37,150,Undirected,23092,
37,152,Undirected,23093,
37,153,Undirected,23094,
37,154,Undirected,23095,
37,155,Undirected,23096,
37,158,Undirected,23097,
38,39,Undirected,23108,
38,40,Undirected,23109,
38,41,Undirected,23110,
38,55,Undirected,23111,
38,73,Undirected,23112,
38,87,Undirected,23113,
38,102,Undirected,23114,
38,119,Undirected,23115,
38,137,Undirected,23116,
38,143,Undirected,23117,
38,149,Undirected,23118,
38,150,Undirected,23119,
38,152,Undirected,23120,
38,153,Undirected,23121,
38,154,Undirected,23122,
38,156,Undirected,23123,
38,158,Undirected,23124,
39,40,Undirected,23143,
39,41,Undirected,23144,
39,42,Undirected,23145,
39,43,Undirected,23146,
39,44,Undirected,23147,
39,50,Undirected,23148,
39,51,Undirected,23149,
39,85,Undirected,23150,
39,87,Undirected,23151,
39,91,Undirected,23152,
39,107,Undirected,23153,
39,117,Undirected,23154,
39,118,Undirected,23155,
39,119,Undirected,23156,
39,120,Undirected,23157,
39,137,Undirected,23158,
39,138,Undirected,23159,
39,143,Undirected,23160,
39,146,Undirected,23161,
39,148,Undirected,23162,
39,149,Undirected,23163,
39,150,Undirected,23164,
39,153,Undirected,23165,
39,154,Undirected,23166,
39,155,Undirected,23167,
39,156,Undirected,23168,
39,157,Undirected,23169,
39,158,Undirected,23170,
39,161,Undirected,23171,
39,162,Undirected,23172,
40,41,Undirected,23189,
40,42,Undirected,23190,
40,43,Undirected,23191,
40,44,Undirected,23192,
40,50,Undirected,23193,
40,81,Undirected,23194,
40,87,Undirected,23195,
40,119,Undirected,23196,
40,137,Undirected,23197,
40,143,Undirected,23198,
40,149,Undirected,23199,
40,150,Undirected,23200,
40,153,Undirected,23201,
40,154,Undirected,23202,
40,156,Undirected,23203,
40,157,Undirected,23204,
40,158,Undirected,23205,
40,161,Undirected,23206,
41,42,Undirected,23223,
41,43,Undirected,23224,
41,44,Undirected,23225,
41,87,Undirected,23226,
41,118,Undirected,23227,
41,119,Undirected,23228,
41,120,Undirected,23229,
41,135,Undirected,23230,
41,146,Undirected,23231,
41,149,Undirected,23232,
41,150,Undirected,23233,
41,155,Undirected,23234,
41,156,Undirected,23235,
41,157,Undirected,23236,
41,158,Undirected,23237,
41,161,Undirected,23238,
41,162,Undirected,23239,
42,43,Undirected,23251,
42,44,Undirected,23252,
42,81,Undirected,23253,
42,118,Undirected,23254,
42,119,Undirected,23255,
42,134,Undirected,23256,
42,150,Undirected,23257,
42,155,Undirected,23258,
42,156,Undirected,23259,
42,157,Undirected,23260,
42,158,Undirected,23261,
42,161,Undirected,23262,
42,162,Undirected,23263,
43,44,Undirected,23272,
43,56,Undirected,23273,
43,57,Undirected,23274,
43,58,Undirected,23275,
43,59,Undirected,23276,
43,117,Undirected,23277,
43,118,Undirected,23278,
43,119,Undirected,23279,
43,124,Undirected,23280,
43,134,Undirected,23281,
43,135,Undirected,23282,
43,136,Undirected,23283,
43,142,Undirected,23284,
43,143,Undirected,23285,
43,150,Undirected,23286,
43,153,Undirected,23287,
43,154,Undirected,23288,
43,155,Undirected,23289,
43,156,Undirected,23290,
43,157,Undirected,23291,
43,158,Undirected,23292,
44,59,Undirected,23305,
44,61,Undirected,23306,
44,107,Undirected,23307,
44,117,Undirected,23308,
44,119,Undirected,23309,
44,120,Undirected,23310,
44,124,Undirected,23311,
44,134,Undirected,23312,
44,136,Undirected,23313,
44,145,Undirected,23314,
44,149,Undirected,23315,
44,155,Undirected,23316,
44,156,Undirected,23317,
44,157,Undirected,23318,
44,158,Undirected,23319,
44,161,Undirected,23320,
45,46,Undirected,23328,
45,50,Undirected,23329,
45,58,Undirected,23330,
45,72,Undirected,23331,
45,74,Undirected,23332,
45,75,Undirected,23333,
45,78,Undirected,23334,
45,79,Undirected,23335,
45,80,Undirected,23336,
45,81,Undirected,23337,
45,86,Undirected,23338,
45,87,Undirected,23339,
45,90,Undirected,23340,
45,92,Undirected,23341,
45,137,Undirected,23342,
45,138,Undirected,23343,
45,142,Undirected,23344,
45,143,Undirected,23345,
45,150,Undirected,23346,
45,162,Undirected,23347,
46,74,Undirected,23354,
46,78,Undirected,23355,
46,80,Undirected,23356,
46,86,Undirected,23357,
46,138,Undirected,23358,
46,139,Undirected,23359,
46,141,Undirected,23360,
46,142,Undirected,23361,
46,143,Undirected,23362,
46,154,Undirected,23363,
46,162,Undirected,23364,
47,48,Undirected,23367,
47,65,Undirected,23368,
47,66,Undirected,23369,
47,67,Undirected,23370,
47,82,Undirected,23371,
47,83,Undirected,23372,
47,88,Undirected,23373,
47,89,Undirected,23374,
47,91,Undirected,23375,
47,100,Undirected,23376,
47,101,Undirected,23377,
47,140,Undirected,23378,
48,65,Undirected,23384,
48,66,Undirected,23385,
48,67,Undirected,23386,
48,68,Undirected,23387,
48,82,Undirected,23388,
48,83,Undirected,23389,
48,88,Undirected,23390,
48,89,Undirected,23391,
48,91,Undirected,23392,
48,100,Undirected,23393,
48,101,Undirected,23394,
48,140,Undirected,23395,
49,52,Undirected,23398,
49,54,Undirected,23399,
49,61,Undirected,23400,
49,105,Undirected,23401,
49,133,Undirected,23402,
49,160,Undirected,23403,
50,51,Undirected,23416,
50,77,Undirected,23417,
50,87,Undirected,23418,
50,90,Undirected,23419,
50,107,Undirected,23420,
50,132,Undirected,23421,
50,138,Undirected,23422,
50,139,Undirected,23423,
50,143,Undirected,23424,
50,144,Undirected,23425,
50,147,Undirected,23426,
50,150,Undirected,23427,
50,151,Undirected,23428,
50,152,Undirected,23429,
50,154,Undirected,23430,
50,161,Undirected,23431,
50,162,Undirected,23432,
51,53,Undirected,23447,
51,54,Undirected,23448,
51,77,Undirected,23449,
51,99,Undirected,23450,
51,107,Undirected,23451,
51,108,Undirected,23452,
51,132,Undirected,23453,
51,138,Undirected,23454,
51,139,Undirected,23455,
51,144,Undirected,23456,
51,145,Undirected,23457,
51,147,Undirected,23458,
51,148,Undirected,23459,
51,150,Undirected,23460,
51,152,Undirected,23461,
51,154,Undirected,23462,
52,61,Undirected,23465,
52,124,Undirected,23466,
52,149,Undirected,23467,
53,54,Undirected,23481,
53,55,Undirected,23482,
53,133,Undirected,23483,
53,139,Undirected,23484,
53,144,Undirected,23485,
53,147,Undirected,23486,
53,148,Undirected,23487,
53,151,Undirected,23488,
53,152,Undirected,23489,
53,153,Undirected,23490,
53,154,Undirected,23491,
53,157,Undirected,23492,
54,55,Undirected,23500,
54,61,Undirected,23501,
54,144,Undirected,23502,
54,147,Undirected,23503,
54,148,Undirected,23504,
54,151,Undirected,23505,
55,76,Undirected,23513,
55,96,Undirected,23514,
55,97,Undirected,23515,
55,144,Undirected,23516,
55,148,Undirected,23517,
55,153,Undirected,23518,
56,57,Undirected,23521,
56,58,Undirected,23522,
56,76,Undirected,23523,
56,78,Undirected,23524,
56,79,Undirected,23525,
56,80,Undirected,23526,
56,81,Undirected,23527,
56,92,Undirected,23528,
56,93,Undirected,23529,
56,94,Undirected,23530,
56,135,Undirected,23531,
56,136,Undirected,23532,
57,58,Undirected,23536,
57,59,Undirected,23537,
57,66,Undirected,23538,
57,67,Undirected,23539,
57,80,Undirected,23540,
57,95,Undirected,23541,
57,98,Undirected,23542,
57,118,Undirected,23543,
57,124,Undirected,23544,
57,127,Undirected,23545,
57,136,Undirected,23546,
57,140,Undirected,23547,
58,59,Undirected,23552,
58,66,Undirected,23553,
58,74,Undirected,23554,
58,75,Undirected,23555,
58,78,Undirected,23556,
58,79,Undirected,23557,
58,80,Undirected,23558,
58,81,Undirected,23559,
58,88,Undirected,23560,
58,89,Undirected,23561,
58,90,Undirected,23562,
58,92,Undirected,23563,
58,118,Undirected,23564,
58,124,Undirected,23565,
58,136,Undirected,23566,
58,137,Undirected,23567,
58,140,Undirected,23568,
58,143,Undirected,23569,
58,162,Undirected,23570,
59,66,Undirected,23575,
59,74,Undirected,23576,
59,75,Undirected,23577,
59,78,Undirected,23578,
59,79,Undirected,23579,
59,80,Undirected,23580,
59,81,Undirected,23581,
59,85,Undirected,23582,
59,86,Undirected,23583,
59,88,Undirected,23584,
59,89,Undirected,23585,
59,124,Undirected,23586,
59,136,Undirected,23587,
59,137,Undirected,23588,
59,138,Undirected,23589,
59,140,Undirected,23590,
59,143,Undirected,23591,
59,161,Undirected,23592,
59,162,Undirected,23593,
60,61,Undirected,23602,
60,62,Undirected,23603,
60,68,Undirected,23604,
60,96,Undirected,23605,
60,100,Undirected,23606,
60,102,Undirected,23607,
60,106,Undirected,23608,
60,131,Undirected,23609,
60,146,Undirected,23610,
60,149,Undirected,23611,
60,151,Undirected,23612,
60,152,Undirected,23613,
60,164,Undirected,23614,
61,99,Undirected,23626,
61,102,Undirected,23627,
61,145,Undirected,23628,
61,149,Undirected,23629,
61,158,Undirected,23630,
62,63,Undirected,23642,
62,64,Undirected,23643,
62,68,Undirected,23644,
62,69,Undirected,23645,
62,70,Undirected,23646,
62,71,Undirected,23647,
62,72,Undirected,23648,
62,73,Undirected,23649,
62,100,Undirected,23650,
62,101,Undirected,23651,
62,103,Undirected,23652,
62,106,Undirected,23653,
62,107,Undirected,23654,
62,108,Undirected,23655,
62,115,Undirected,23656,
62,116,Undirected,23657,
62,120,Undirected,23658,
62,121,Undirected,23659,
62,122,Undirected,23660,
62,128,Undirected,23661,
62,131,Undirected,23662,
62,132,Undirected,23663,
62,152,Undirected,23664,
62,157,Undirected,23665,
62,163,Undirected,23666,
62,164,Undirected,23667,
63,64,Undirected,23675,
63,68,Undirected,23676,
63,69,Undirected,23677,
63,70,Undirected,23678,
63,71,Undirected,23679,
63,72,Undirected,23680,
63,73,Undirected,23681,
63,101,Undirected,23682,
63,103,Undirected,23683,
63,106,Undirected,23684,
63,107,Undirected,23685,
63,108,Undirected,23686,
63,114,Undirected,23687,
63,115,Undirected,23688,
63,116,Undirected,23689,
63,120,Undirected,23690,
63,121,Undirected,23691,
63,128,Undirected,23692,
63,130,Undirected,23693,
63,131,Undirected,23694,
63,163,Undirected,23695,
63,164,Undirected,23696,
64,65,Undirected,23702,
64,67,Undirected,23703,
64,68,Undirected,23704,
64,69,Undirected,23705,
64,70,Undirected,23706,
64,73,Undirected,23707,
64,100,Undirected,23708,
64,101,Undirected,23709,
64,106,Undirected,23710,
64,108,Undirected,23711,
64,111,Undirected,23712,
64,112,Undirected,23713,
64,113,Undirected,23714,
64,114,Undirected,23715,
64,125,Undirected,23716,
64,127,Undirected,23717,
64,152,Undirected,23718,
65,66,Undirected,23725,
65,67,Undirected,23726,
65,68,Undirected,23727,
65,69,Undirected,23728,
65,71,Undirected,23729,
65,73,Undirected,23730,
65,100,Undirected,23731,
65,101,Undirected,23732,
65,106,Undirected,23733,
65,111,Undirected,23734,
65,112,Undirected,23735,
65,113,Undirected,23736,
65,114,Undirected,23737,
65,125,Undirected,23738,
65,127,Undirected,23739,
66,67,Undirected,23750,
66,74,Undirected,23751,
66,75,Undirected,23752,
66,88,Undirected,23753,
66,89,Undirected,23754,
66,95,Undirected,23755,
66,101,Undirected,23756,
66,111,Undirected,23757,
66,112,Undirected,23758,
66,113,Undirected,23759,
66,114,Undirected,23760,
66,126,Undirected,23761,
66,127,Undirected,23762,
66,128,Undirected,23763,
66,136,Undirected,23764,
66,140,Undirected,23765,
66,142,Undirected,23766,
67,73,Undirected,23778,
67,74,Undirected,23779,
67,75,Undirected,23780,
67,88,Undirected,23781,
67,89,Undirected,23782,
67,100,Undirected,23783,
67,101,Undirected,23784,
67,111,Undirected,23785,
67,112,Undirected,23786,
67,113,Undirected,23787,
67,114,Undirected,23788,
67,115,Undirected,23789,
67,116,Undirected,23790,
67,117,Undirected,23791,
67,120,Undirected,23792,
67,126,Undirected,23793,
67,127,Undirected,23794,
67,128,Undirected,23795,
67,129,Undirected,23796,
67,136,Undirected,23797,
67,140,Undirected,23798,
67,142,Undirected,23799,
68,69,Undirected,23811,
68,70,Undirected,23812,
68,71,Undirected,23813,
68,100,Undirected,23814,
68,101,Undirected,23815,
68,103,Undirected,23816,
68,106,Undirected,23817,
68,108,Undirected,23818,
68,121,Undirected,23819,
68,122,Undirected,23820,
68,131,Undirected,23821,
68,164,Undirected,23822,
69,70,Undirected,23835,
69,71,Undirected,23836,
69,100,Undirected,23837,
69,101,Undirected,23838,
69,103,Undirected,23839,
69,106,Undirected,23840,
69,107,Undirected,23841,
69,108,Undirected,23842,
69,113,Undirected,23843,
69,115,Undirected,23844,
69,116,Undirected,23845,
69,121,Undirected,23846,
69,122,Undirected,23847,
69,128,Undirected,23848,
69,129,Undirected,23849,
69,131,Undirected,23850,
69,132,Undirected,23851,
69,152,Undirected,23852,
69,163,Undirected,23853,
69,164,Undirected,23854,
70,71,Undirected,23864,
70,72,Undirected,23865,
70,73,Undirected,23866,
70,97,Undirected,23867,
70,114,Undirected,23868,
70,115,Undirected,23869,
70,116,Undirected,23870,
70,128,Undirected,23871,
70,129,Undirected,23872,
70,130,Undirected,23873,
70,131,Undirected,23874,
70,151,Undirected,23875,
70,152,Undirected,23876,
70,163,Undirected,23877,
71,73,Undirected,23891,
71,106,Undirected,23892,
71,107,Undirected,23893,
71,108,Undirected,23894,
71,113,Undirected,23895,
71,115,Undirected,23896,
71,116,Undirected,23897,
71,120,Undirected,23898,
71,121,Undirected,23899,
71,122,Undirected,23900,
71,128,Undirected,23901,
71,129,Undirected,23902,
71,131,Undirected,23903,
71,157,Undirected,23904,
71,163,Undirected,23905,
71,164,Undirected,23906,
72,73,Undirected,23913,
72,74,Undirected,23914,
72,75,Undirected,23915,
72,112,Undirected,23916,
72,114,Undirected,23917,
72,115,Undirected,23918,
72,116,Undirected,23919,
72,128,Undirected,23920,
72,129,Undirected,23921,
72,130,Undirected,23922,
72,131,Undirected,23923,
72,142,Undirected,23924,
72,143,Undirected,23925,
72,153,Undirected,23926,
72,163,Undirected,23927,
73,75,Undirected,23942,
73,107,Undirected,23943,
73,108,Undirected,23944,
73,111,Undirected,23945,
73,112,Undirected,23946,
73,113,Undirected,23947,
73,114,Undirected,23948,
73,115,Undirected,23949,
73,116,Undirected,23950,
73,119,Undirected,23951,
73,120,Undirected,23952,
73,127,Undirected,23953,
73,128,Undirected,23954,
73,129,Undirected,23955,
73,131,Undirected,23956,
73,149,Undirected,23957,
73,156,Undirected,23958,
73,163,Undirected,23959,
74,75,Undirected,23968,
74,80,Undirected,23969,
74,86,Undirected,23970,
74,87,Undirected,23971,
74,90,Undirected,23972,
74,116,Undirected,23973,
74,128,Undirected,23974,
74,137,Undirected,23975,
74,140,Undirected,23976,
74,141,Undirected,23977,
74,142,Undirected,23978,
74,143,Undirected,23979,
75,85,Undirected,23992,
75,90,Undirected,23993,
75,107,Undirected,23994,
75,108,Undirected,23995,
75,115,Undirected,23996,
75,116,Undirected,23997,
75,117,Undirected,23998,
75,119,Undirected,23999,
75,120,Undirected,24000,
75,128,Undirected,24001,
75,129,Undirected,24002,
75,137,Undirected,24003,
75,140,Undirected,24004,
75,142,Undirected,24005,
75,143,Undirected,24006,
76,77,Undirected,24014,
76,78,Undirected,24015,
76,79,Undirected,24016,
76,80,Undirected,24017,
76,81,Undirected,24018,
76,92,Undirected,24019,
76,94,Undirected,24020,
76,96,Undirected,24021,
76,105,Undirected,24022,
76,138,Undirected,24023,
76,141,Undirected,24024,
76,145,Undirected,24025,
76,146,Undirected,24026,
76,159,Undirected,24027,
76,160,Undirected,24028,
77,78,Undirected,24041,
77,79,Undirected,24042,
77,80,Undirected,24043,
77,81,Undirected,24044,
77,137,Undirected,24045,
77,138,Undirected,24046,
77,139,Undirected,24047,
77,145,Undirected,24048,
77,146,Undirected,24049,
77,155,Undirected,24050,
77,159,Undirected,24051,
77,160,Undirected,24052,
78,79,Undirected,24067,
78,80,Undirected,24068,
78,81,Undirected,24069,
78,85,Undirected,24070,
78,86,Undirected,24071,
78,90,Undirected,24072,
78,92,Undirected,24073,
78,94,Undirected,24074,
78,137,Undirected,24075,
78,138,Undirected,24076,
78,141,Undirected,24077,
78,145,Undirected,24078,
78,146,Undirected,24079,
78,159,Undirected,24080,
78,160,Undirected,24081,
78,162,Undirected,24082,
79,80,Undirected,24095,
79,81,Undirected,24096,
79,85,Undirected,24097,
79,87,Undirected,24098,
79,92,Undirected,24099,
79,93,Undirected,24100,
79,137,Undirected,24101,
79,138,Undirected,24102,
79,141,Undirected,24103,
79,145,Undirected,24104,
79,159,Undirected,24105,
79,160,Undirected,24106,
79,161,Undirected,24107,
79,162,Undirected,24108,
80,81,Undirected,24122,
80,86,Undirected,24123,
80,87,Undirected,24124,
80,90,Undirected,24125,
80,92,Undirected,24126,
80,93,Undirected,24127,
80,137,Undirected,24128,
80,138,Undirected,24129,
80,141,Undirected,24130,
80,150,Undirected,24131,
80,159,Undirected,24132,
80,162,Undirected,24133,
81,87,Undirected,24147,
81,92,Undirected,24148,
81,93,Undirected,24149,
81,97,Undirected,24150,
81,118,Undirected,24151,
81,137,Undirected,24152,
81,138,Undirected,24153,
81,145,Undirected,24154,
81,150,Undirected,24155,
81,161,Undirected,24156,
81,162,Undirected,24157,
82,83,Undirected,24162,
82,88,Undirected,24163,
82,89,Undirected,24164,
82,91,Undirected,24165,
82,102,Undirected,24166,
82,104,Undirected,24167,
83,85,Undirected,24174,
83,87,Undirected,24175,
83,88,Undirected,24176,
83,89,Undirected,24177,
83,93,Undirected,24178,
83,94,Undirected,24179,
83,117,Undirected,24180,
83,126,Undirected,24181,
83,140,Undirected,24182,
83,162,Undirected,24183,
84,85,Undirected,24188,
84,86,Undirected,24189,
84,87,Undirected,24190,
84,94,Undirected,24191,
84,95,Undirected,24192,
84,96,Undirected,24193,
84,137,Undirected,24194,
84,138,Undirected,24195,
85,86,Undirected,24208,
85,87,Undirected,24209,
85,117,Undirected,24210,
85,135,Undirected,24211,
85,137,Undirected,24212,
85,138,Undirected,24213,
85,140,Undirected,24214,
85,145,Undirected,24215,
85,150,Undirected,24216,
85,161,Undirected,24217,
85,162,Undirected,24218,
86,87,Undirected,24237,
86,137,Undirected,24238,
86,138,Undirected,24239,
86,139,Undirected,24240,
86,143,Undirected,24241,
86,160,Undirected,24242,
86,161,Undirected,24243,
86,162,Undirected,24244,
87,97,Undirected,24269,
87,137,Undirected,24270,
87,138,Undirected,24271,
87,139,Undirected,24272,
87,143,Undirected,24273,
87,149,Undirected,24274,
87,150,Undirected,24275,
87,161,Undirected,24276,
87,162,Undirected,24277,
88,89,Undirected,24286,
88,90,Undirected,24287,
88,91,Undirected,24288,
88,101,Undirected,24289,
88,113,Undirected,24290,
88,127,Undirected,24291,
88,140,Undirected,24292,
88,162,Undirected,24293,
89,91,Undirected,24303,
89,101,Undirected,24304,
89,110,Undirected,24305,
89,121,Undirected,24306,
89,140,Undirected,24307,
89,161,Undirected,24308,
89,162,Undirected,24309,
90,91,Undirected,24321,
90,140,Undirected,24322,
90,141,Undirected,24323,
90,162,Undirected,24324,
91,117,Undirected,24334,
91,140,Undirected,24335,
91,141,Undirected,24336,
91,155,Undirected,24337,
91,162,Undirected,24338,
92,93,Undirected,24349,
92,94,Undirected,24350,
92,95,Undirected,24351,
92,96,Undirected,24352,
92,97,Undirected,24353,
92,98,Undirected,24354,
92,104,Undirected,24355,
92,105,Undirected,24356,
92,126,Undirected,24357,
92,160,Undirected,24358,
93,94,Undirected,24366,
93,96,Undirected,24367,
93,97,Undirected,24368,
93,105,Undirected,24369,
93,126,Undirected,24370,
93,160,Undirected,24371,
94,95,Undirected,24380,
95,113,Undirected,24386,
95,140,Undirected,24387,
96,97,Undirected,24396,
96,98,Undirected,24397,
96,99,Undirected,24398,
96,105,Undirected,24399,
97,98,Undirected,24409,
97,99,Undirected,24410,
97,105,Undirected,24411,
98,99,Undirected,24418,
98,104,Undirected,24419,
98,105,Undirected,24420,
98,136,Undirected,24421,
98,147,Undirected,24422,
100,101,Undirected,24445,
100,102,Undirected,24446,
100,103,Undirected,24447,
100,104,Undirected,24448,
100,106,Undirected,24449,
100,108,Undirected,24450,
100,110,Undirected,24451,
100,122,Undirected,24452,
100,125,Undirected,24453,
100,164,Undirected,24454,
101,103,Undirected,24474,
101,106,Undirected,24475,
101,108,Undirected,24476,
101,113,Undirected,24477,
101,114,Undirected,24478,
101,121,Undirected,24479,
101,122,Undirected,24480,
101,125,Undirected,24481,
101,127,Undirected,24482,
101,164,Undirected,24483,
102,103,Undirected,24493,
102,149,Undirected,24494,
103,106,Undirected,24504,
103,121,Undirected,24505,
103,122,Undirected,24506,
103,131,Undirected,24507,
104,105,Undirected,24512,
104,122,Undirected,24513,
104,125,Undirected,24514,
104,133,Undirected,24515,
106,108,Undirected,24544,
106,121,Undirected,24545,
106,122,Undirected,24546,
106,125,Undirected,24547,
106,131,Undirected,24548,
106,163,Undirected,24549,
106,164,Undirected,24550,
107,108,Undirected,24573,
107,115,Undirected,24574,
107,116,Undirected,24575,
107,117,Undirected,24576,
107,121,Undirected,24577,
107,128,Undirected,24578,
107,129,Undirected,24579,
107,131,Undirected,24580,
107,132,Undirected,24581,
107,139,Undirected,24582,
107,153,Undirected,24583,
107,154,Undirected,24584,
107,156,Undirected,24585,
107,157,Undirected,24586,
107,163,Undirected,24587,
107,164,Undirected,24588,
108,110,Undirected,24611,
108,113,Undirected,24612,
108,115,Undirected,24613,
108,116,Undirected,24614,
108,117,Undirected,24615,
108,120,Undirected,24616,
108,121,Undirected,24617,
108,122,Undirected,24618,
108,123,Undirected,24619,
108,128,Undirected,24620,
108,129,Undirected,24621,
108,131,Undirected,24622,
108,132,Undirected,24623,
108,163,Undirected,24624,
108,164,Undirected,24625,
109,110,Undirected,24627,
109,122,Undirected,24628,
109,164,Undirected,24629,
110,120,Undirected,24636,
110,121,Undirected,24637,
110,122,Undirected,24638,
110,161,Undirected,24639,
110,164,Undirected,24640,
111,112,Undirected,24647,
111,113,Undirected,24648,
111,114,Undirected,24649,
111,125,Undirected,24650,
111,127,Undirected,24651,
112,113,Undirected,24659,
112,114,Undirected,24660,
112,125,Undirected,24661,
112,126,Undirected,24662,
112,127,Undirected,24663,
113,114,Undirected,24682,
113,115,Undirected,24683,
113,116,Undirected,24684,
113,126,Undirected,24685,
113,127,Undirected,24686,
113,128,Undirected,24687,
113,129,Undirected,24688,
113,140,Undirected,24689,
114,115,Undirected,24703,
114,116,Undirected,24704,
114,126,Undirected,24705,
114,127,Undirected,24706,
114,128,Undirected,24707,
114,130,Undirected,24708,
114,163,Undirected,24709,
115,116,Undirected,24730,
115,117,Undirected,24731,
115,120,Undirected,24732,
115,128,Undirected,24733,
115,129,Undirected,24734,
115,163,Undirected,24735,
116,128,Undirected,24755,
116,129,Undirected,24756,
116,130,Undirected,24757,
116,131,Undirected,24758,
116,147,Undirected,24759,
116,148,Undirected,24760,
116,163,Undirected,24761,
116,164,Undirected,24762,
117,118,Undirected,24775,
117,119,Undirected,24776,
117,120,Undirected,24777,
117,121,Undirected,24778,
117,123,Undirected,24779,
117,124,Undirected,24780,
117,129,Undirected,24781,
117,137,Undirected,24782,
117,140,Undirected,24783,
117,142,Undirected,24784,
117,150,Undirected,24785,
117,158,Undirected,24786,
117,162,Undirected,24787,
118,119,Undirected,24796,
118,124,Undirected,24797,
118,136,Undirected,24798,
118,150,Undirected,24799,
118,162,Undirected,24800,
119,120,Undirected,24815,
119,124,Undirected,24816,
119,136,Undirected,24817,
119,142,Undirected,24818,
119,143,Undirected,24819,
119,150,Undirected,24820,
119,153,Undirected,24821,
119,156,Undirected,24822,
119,158,Undirected,24823,
120,121,Undirected,24844,
120,122,Undirected,24845,
120,131,Undirected,24846,
120,142,Undirected,24847,
120,156,Undirected,24848,
120,158,Undirected,24849,
120,163,Undirected,24850,
121,122,Undirected,24872,
121,123,Undirected,24873,
121,130,Undirected,24874,
121,131,Undirected,24875,
121,152,Undirected,24876,
121,157,Undirected,24877,
121,163,Undirected,24878,
121,164,Undirected,24879,
122,130,Undirected,24898,
122,131,Undirected,24899,
122,133,Undirected,24900,
122,163,Undirected,24901,
122,164,Undirected,24902,
123,142,Undirected,24910,
123,150,Undirected,24911,
124,127,Undirected,24923,
124,136,Undirected,24924,
124,140,Undirected,24925,
126,127,Undirected,24943,
126,162,Undirected,24944,
127,128,Undirected,24961,
127,130,Undirected,24962,
127,136,Undirected,24963,
127,140,Undirected,24964,
128,129,Undirected,24991,
128,130,Undirected,24992,
128,131,Undirected,24993,
128,163,Undirected,24994,
128,164,Undirected,24995,
129,130,Undirected,25010,
129,131,Undirected,25011,
129,163,Undirected,25012,
130,131,Undirected,25023,
130,142,Undirected,25024,
130,163,Undirected,25025,
131,132,Undirected,25051,
131,146,Undirected,25052,
131,163,Undirected,25053,
131,164,Undirected,25054,
132,152,Undirected,25066,
132,153,Undirected,25067,
132,154,Undirected,25068,
132,163,Undirected,25069,
132,164,Undirected,25070,
133,135,Undirected,25077,
133,159,Undirected,25078,
133,160,Undirected,25079,
134,135,Undirected,25087,
134,136,Undirected,25088,
134,145,Undirected,25089,
134,157,Undirected,25090,
135,160,Undirected,25098,
136,140,Undirected,25115,
137,138,Undirected,25143,
137,139,Undirected,25144,
137,141,Undirected,25145,
137,150,Undirected,25146,
137,153,Undirected,25147,
137,159,Undirected,25148,
137,161,Undirected,25149,
137,162,Undirected,25150,
138,139,Undirected,25182,
138,141,Undirected,25183,
138,145,Undirected,25184,
138,146,Undirected,25185,
138,150,Undirected,25186,
138,154,Undirected,25187,
138,159,Undirected,25188,
138,160,Undirected,25189,
138,161,Undirected,25190,
138,162,Undirected,25191,
139,144,Undirected,25212,
139,151,Undirected,25213,
139,152,Undirected,25214,
139,153,Undirected,25215,
139,154,Undirected,25216,
139,162,Undirected,25217,
140,142,Undirected,25243,
140,143,Undirected,25244,
140,162,Undirected,25245,
141,159,Undirected,25259,
141,160,Undirected,25260,
141,162,Undirected,25261,
142,143,Undirected,25279,
142,149,Undirected,25280,
142,154,Undirected,25281,
143,149,Undirected,25307,
143,150,Undirected,25308,
143,153,Undirected,25309,
143,154,Undirected,25310,
143,162,Undirected,25311,
144,147,Undirected,25326,
144,148,Undirected,25327,
144,151,Undirected,25328,
144,153,Undirected,25329,
144,154,Undirected,25330,
144,156,Undirected,25331,
145,146,Undirected,25350,
145,149,Undirected,25351,
145,155,Undirected,25352,
145,159,Undirected,25353,
145,160,Undirected,25354,
146,149,Undirected,25373,
146,150,Undirected,25374,
146,155,Undirected,25375,
146,160,Undirected,25376,
147,148,Undirected,25397,
147,151,Undirected,25398,
147,152,Undirected,25399,
147,154,Undirected,25400,
147,155,Undirected,25401,
147,157,Undirected,25402,
148,152,Undirected,25420,
148,153,Undirected,25421,
148,156,Undirected,25422,
148,157,Undirected,25423,
148,163,Undirected,25424,
149,150,Undirected,25443,
149,153,Undirected,25444,
149,154,Undirected,25445,
149,156,Undirected,25446,
149,158,Undirected,25447,
150,154,Undirected,25481,
150,155,Undirected,25482,
150,156,Undirected,25483,
150,157,Undirected,25484,
150,158,Undirected,25485,
150,161,Undirected,25486,
150,162,Undirected,25487,
151,152,Undirected,25507,
151,153,Undirected,25508,
151,154,Undirected,25509,
152,153,Undirected,25539,
152,154,Undirected,25540,
152,157,Undirected,25541,
152,163,Undirected,25542,
153,154,Undirected,25574,
153,156,Undirected,25575,
153,158,Undirected,25576,
153,163,Undirected,25577,
154,156,Undirected,25612,
154,158,Undirected,25613,
155,156,Undirected,25638,
155,157,Undirected,25639,
155,158,Undirected,25640,
155,159,Undirected,25641,
156,157,Undirected,25669,
156,158,Undirected,25670,
157,158,Undirected,25700,
157,163,Undirected,25701,
159,160,Undirected,25751,
161,162,Undirected,25795,
163,164,Undirected,25864,
