Source,Target,Type,timeset
1,2,Undirected,
1,20,Undirected,
1,30,Undirected,
1,42,Undirected,
1,44,Undirected,
1,46,Undirected,
1,49,Undirected,
1,53,Undirected,
1,56,Undirected,
1,69,Undirected,
1,74,Undirected,
1,90,Undirected,
1,91,Undirected,
1,133,Undirected,
1,141,Undirected,
1,147,Undirected,
1,148,Undirected,
1,155,Undirected,
1,156,Undirected,
1,157,Undirected,
2,5,Undirected,
2,6,Undirected,
2,8,Undirected,
2,27,Undirected,
2,30,Undirected,
2,42,Undirected,
2,43,Undirected,
2,44,Undirected,
2,47,Undirected,
2,49,Undirected,
2,54,Undirected,
2,70,Undirected,
2,71,Undirected,
2,74,Undirected,
2,90,Undirected,
2,91,Undirected,
2,108,Undirected,
2,133,Undirected,
2,134,Undirected,
2,135,Undirected,
2,140,Undirected,
2,141,Undirected,
2,147,Undirected,
2,155,Undirected,
2,156,Undirected,
2,157,Undirected,
2,164,Undirected,
3,4,Undirected,
3,11,Undirected,
3,13,Undirected,
3,14,Undirected,
3,15,Undirected,
3,22,Undirected,
3,33,Undirected,
3,51,Undirected,
3,76,Undirected,
3,78,Undirected,
3,79,Undirected,
3,80,Undirected,
3,81,Undirected,
3,82,Undirected,
3,83,Undirected,
3,84,Undirected,
3,85,Undirected,
3,86,Undirected,
3,92,Undirected,
3,96,Undirected,
3,97,Undirected,
3,98,Undirected,
3,99,Undirected,
3,102,Undirected,
3,103,Undirected,
3,105,Undirected,
3,112,Undirected,
3,137,Undirected,
3,138,Undirected,
3,145,Undirected,
3,146,Undirected,
3,151,Undirected,
3,162,Undirected,
4,11,Undirected,
4,15,Undirected,
4,76,Undirected,
4,78,Undirected,
4,79,Undirected,
4,80,Undirected,
4,81,Undirected,
4,82,Undirected,
4,83,Undirected,
4,84,Undirected,
4,92,Undirected,
4,93,Undirected,
4,96,Undirected,
4,97,Undirected,
4,98,Undirected,
4,99,Undirected,
4,103,Undirected,
4,138,Undirected,
4,145,Undirected,
4,146,Undirected,
5,6,Undirected,
5,7,Undirected,
5,8,Undirected,
5,10,Undirected,
5,11,Undirected,
5,12,Undirected,
5,13,Undirected,
5,31,Undirected,
5,50,Undirected,
5,51,Undirected,
5,53,Undirected,
5,54,Undirected,
5,55,Undirected,
5,70,Undirected,
5,90,Undirected,
5,91,Undirected,
5,112,Undirected,
5,139,Undirected,
5,144,Undirected,
5,151,Undirected,
5,155,Undirected,
5,157,Undirected,
6,7,Undirected,
6,8,Undirected,
6,12,Undirected,
6,27,Undirected,
6,28,Undirected,
6,31,Undirected,
6,47,Undirected,
6,48,Undirected,
6,54,Undirected,
6,61,Undirected,
6,66,Undirected,
6,70,Undirected,
6,74,Undirected,
6,75,Undirected,
6,77,Undirected,
6,90,Undirected,
6,91,Undirected,
6,94,Undirected,
6,107,Undirected,
6,108,Undirected,
6,109,Undirected,
6,110,Undirected,
6,115,Undirected,
6,116,Undirected,
6,118,Undirected,
6,119,Undirected,
6,120,Undirected,
6,129,Undirected,
6,140,Undirected,
6,141,Undirected,
6,147,Undirected,
6,155,Undirected,
6,157,Undirected,
6,163,Undirected,
6,164,Undirected,
7,8,Undirected,
7,11,Undirected,
7,12,Undirected,
7,32,Undirected,
7,35,Undirected,
7,36,Undirected,
7,47,Undirected,
7,48,Undirected,
7,50,Undirected,
7,53,Undirected,
7,54,Undirected,
7,90,Undirected,
7,91,Undirected,
7,134,Undirected,
7,141,Undirected,
7,155,Undirected,
7,157,Undirected,
8,10,Undirected,
8,12,Undirected,
8,31,Undirected,
8,32,Undirected,
8,47,Undirected,
8,48,Undirected,
8,53,Undirected,
8,54,Undirected,
8,66,Undirected,
8,70,Undirected,
8,74,Undirected,
8,77,Undirected,
8,90,Undirected,
8,91,Undirected,
8,94,Undirected,
8,107,Undirected,
8,108,Undirected,
8,109,Undirected,
8,110,Undirected,
8,115,Undirected,
8,116,Undirected,
8,118,Undirected,
8,119,Undirected,
8,120,Undirected,
8,121,Undirected,
8,123,Undirected,
8,131,Undirected,
8,140,Undirected,
8,141,Undirected,
8,147,Undirected,
8,155,Undirected,
8,156,Undirected,
8,157,Undirected,
8,163,Undirected,
8,164,Undirected,
9,11,Undirected,
9,23,Undirected,
9,24,Undirected,
9,40,Undirected,
9,42,Undirected,
9,46,Undirected,
9,58,Undirected,
9,85,Undirected,
9,87,Undirected,
9,108,Undirected,
9,110,Undirected,
9,160,Undirected,
9,161,Undirected,
9,164,Undirected,
10,11,Undirected,
10,12,Undirected,
10,14,Undirected,
10,25,Undirected,
10,26,Undirected,
10,31,Undirected,
10,32,Undirected,
10,43,Undirected,
10,45,Undirected,
10,76,Undirected,
10,77,Undirected,
10,78,Undirected,
10,82,Undirected,
10,84,Undirected,
10,85,Undirected,
10,87,Undirected,
10,137,Undirected,
10,155,Undirected,
10,159,Undirected,
11,12,Undirected,
11,13,Undirected,
11,14,Undirected,
11,33,Undirected,
11,35,Undirected,
11,50,Undirected,
11,51,Undirected,
11,55,Undirected,
11,78,Undirected,
11,139,Undirected,
11,144,Undirected,
11,146,Undirected,
11,149,Undirected,
11,151,Undirected,
11,159,Undirected,
12,14,Undirected,
12,31,Undirected,
12,47,Undirected,
12,77,Undirected,
12,90,Undirected,
12,145,Undirected,
12,155,Undirected,
13,14,Undirected,
13,15,Undirected,
13,33,Undirected,
13,34,Undirected,
13,50,Undirected,
13,51,Undirected,
13,73,Undirected,
13,78,Undirected,
13,80,Undirected,
13,81,Undirected,
13,84,Undirected,
13,85,Undirected,
13,86,Undirected,
13,100,Undirected,
13,102,Undirected,
13,103,Undirected,
13,112,Undirected,
13,114,Undirected,
13,137,Undirected,
13,138,Undirected,
13,139,Undirected,
13,149,Undirected,
13,151,Undirected,
14,15,Undirected,
14,33,Undirected,
14,34,Undirected,
14,36,Undirected,
14,50,Undirected,
14,51,Undirected,
14,73,Undirected,
14,78,Undirected,
14,79,Undirected,
14,80,Undirected,
14,81,Undirected,
14,83,Undirected,
14,84,Undirected,
14,85,Undirected,
14,86,Undirected,
14,102,Undirected,
14,103,Undirected,
14,114,Undirected,
14,137,Undirected,
14,138,Undirected,
14,139,Undirected,
14,149,Undirected,
14,151,Undirected,
14,153,Undirected,
15,16,Undirected,
15,19,Undirected,
15,25,Undirected,
15,33,Undirected,
15,34,Undirected,
15,72,Undirected,
15,78,Undirected,
15,79,Undirected,
15,80,Undirected,
15,81,Undirected,
15,82,Undirected,
15,83,Undirected,
15,84,Undirected,
15,85,Undirected,
15,86,Undirected,
15,87,Undirected,
15,100,Undirected,
15,102,Undirected,
15,103,Undirected,
15,106,Undirected,
15,111,Undirected,
15,112,Undirected,
15,114,Undirected,
15,137,Undirected,
15,138,Undirected,
15,143,Undirected,
15,153,Undirected,
15,162,Undirected,
16,20,Undirected,
16,25,Undirected,
16,36,Undirected,
16,71,Undirected,
16,72,Undirected,
16,82,Undirected,
16,83,Undirected,
16,86,Undirected,
16,87,Undirected,
16,100,Undirected,
16,102,Undirected,
16,103,Undirected,
16,106,Undirected,
16,111,Undirected,
16,113,Undirected,
16,114,Undirected,
16,118,Undirected,
16,127,Undirected,
16,137,Undirected,
16,143,Undirected,
16,153,Undirected,
17,19,Undirected,
17,52,Undirected,
17,57,Undirected,
17,58,Undirected,
17,59,Undirected,
17,80,Undirected,
17,82,Undirected,
17,83,Undirected,
17,84,Undirected,
17,85,Undirected,
17,86,Undirected,
17,87,Undirected,
17,136,Undirected,
17,142,Undirected,
17,162,Undirected,
18,23,Undirected,
18,58,Undirected,
18,79,Undirected,
18,160,Undirected,
19,23,Undirected,
19,24,Undirected,
19,25,Undirected,
19,57,Undirected,
19,58,Undirected,
19,59,Undirected,
19,78,Undirected,
19,79,Undirected,
19,80,Undirected,
19,81,Undirected,
19,82,Undirected,
19,83,Undirected,
19,85,Undirected,
19,86,Undirected,
19,87,Undirected,
19,136,Undirected,
19,137,Undirected,
19,138,Undirected,
19,142,Undirected,
19,143,Undirected,
19,146,Undirected,
19,149,Undirected,
19,162,Undirected,
20,43,Undirected,
20,49,Undirected,
20,56,Undirected,
20,87,Undirected,
20,133,Undirected,
20,143,Undirected,
21,31,Undirected,
21,43,Undirected,
21,87,Undirected,
21,135,Undirected,
21,161,Undirected,
21,162,Undirected,
22,78,Undirected,
22,117,Undirected,
22,124,Undirected,
23,24,Undirected,
23,41,Undirected,
23,52,Undirected,
23,86,Undirected,
23,150,Undirected,
23,158,Undirected,
23,162,Undirected,
24,40,Undirected,
24,41,Undirected,
24,162,Undirected,
25,43,Undirected,
25,45,Undirected,
25,78,Undirected,
25,79,Undirected,
25,80,Undirected,
25,81,Undirected,
25,82,Undirected,
25,85,Undirected,
25,86,Undirected,
25,87,Undirected,
25,137,Undirected,
25,144,Undirected,
25,161,Undirected,
25,162,Undirected,
26,86,Undirected,
26,99,Undirected,
26,145,Undirected,
26,162,Undirected,
27,28,Undirected,
27,30,Undirected,
27,44,Undirected,
27,63,Undirected,
27,68,Undirected,
27,90,Undirected,
27,94,Undirected,
27,108,Undirected,
27,109,Undirected,
27,110,Undirected,
27,115,Undirected,
27,116,Undirected,
27,118,Undirected,
27,120,Undirected,
27,128,Undirected,
27,153,Undirected,
27,156,Undirected,
27,164,Undirected,
28,30,Undirected,
28,58,Undirected,
28,66,Undirected,
28,67,Undirected,
28,74,Undirected,
28,94,Undirected,
28,107,Undirected,
28,108,Undirected,
28,109,Undirected,
28,115,Undirected,
28,116,Undirected,
28,118,Undirected,
28,120,Undirected,
28,140,Undirected,
28,141,Undirected,
28,163,Undirected,
28,164,Undirected,
29,75,Undirected,
29,108,Undirected,
29,115,Undirected,
29,164,Undirected,
30,44,Undirected,
30,62,Undirected,
30,71,Undirected,
30,72,Undirected,
30,75,Undirected,
30,108,Undirected,
30,115,Undirected,
30,156,Undirected,
31,32,Undirected,
31,36,Undirected,
31,43,Undirected,
31,54,Undirected,
31,66,Undirected,
31,70,Undirected,
31,71,Undirected,
31,77,Undirected,
31,90,Undirected,
31,107,Undirected,
31,108,Undirected,
31,116,Undirected,
31,118,Undirected,
31,119,Undirected,
31,121,Undirected,
31,140,Undirected,
31,147,Undirected,
31,150,Undirected,
31,153,Undirected,
31,155,Undirected,
31,163,Undirected,
31,164,Undirected,
32,43,Undirected,
32,44,Undirected,
32,47,Undirected,
32,58,Undirected,
32,66,Undirected,
32,76,Undirected,
32,90,Undirected,
32,107,Undirected,
32,108,Undirected,
32,109,Undirected,
32,115,Undirected,
32,116,Undirected,
32,119,Undirected,
32,130,Undirected,
32,135,Undirected,
32,140,Undirected,
32,141,Undirected,
32,155,Undirected,
32,156,Undirected,
32,157,Undirected,
32,163,Undirected,
32,164,Undirected,
33,34,Undirected,
33,50,Undirected,
33,51,Undirected,
33,78,Undirected,
33,80,Undirected,
33,81,Undirected,
33,83,Undirected,
33,85,Undirected,
33,86,Undirected,
33,102,Undirected,
33,103,Undirected,
33,106,Undirected,
33,114,Undirected,
33,137,Undirected,
33,138,Undirected,
33,139,Undirected,
33,142,Undirected,
33,149,Undirected,
33,151,Undirected,
34,36,Undirected,
34,50,Undirected,
34,51,Undirected,
34,59,Undirected,
34,78,Undirected,
34,80,Undirected,
34,81,Undirected,
34,89,Undirected,
34,103,Undirected,
34,124,Undirected,
34,137,Undirected,
34,138,Undirected,
34,139,Undirected,
34,149,Undirected,
34,151,Undirected,
34,153,Undirected,
35,36,Undirected,
35,153,Undirected,
35,154,Undirected,
36,42,Undirected,
36,43,Undirected,
36,44,Undirected,
36,58,Undirected,
36,66,Undirected,
36,108,Undirected,
36,110,Undirected,
36,116,Undirected,
36,118,Undirected,
36,119,Undirected,
36,120,Undirected,
36,121,Undirected,
36,122,Undirected,
36,128,Undirected,
36,129,Undirected,
36,130,Undirected,
36,143,Undirected,
36,153,Undirected,
36,154,Undirected,
36,163,Undirected,
36,164,Undirected,
37,138,Undirected,
37,154,Undirected,
38,39,Undirected,
38,46,Undirected,
38,142,Undirected,
38,149,Undirected,
38,153,Undirected,
38,161,Undirected,
38,162,Undirected,
39,41,Undirected,
39,42,Undirected,
39,46,Undirected,
39,53,Undirected,
39,55,Undirected,
39,59,Undirected,
39,78,Undirected,
39,80,Undirected,
39,86,Undirected,
39,105,Undirected,
39,142,Undirected,
39,146,Undirected,
39,149,Undirected,
39,150,Undirected,
39,154,Undirected,
39,158,Undirected,
39,161,Undirected,
39,162,Undirected,
40,42,Undirected,
40,53,Undirected,
40,87,Undirected,
40,144,Undirected,
40,149,Undirected,
40,161,Undirected,
41,55,Undirected,
41,56,Undirected,
41,57,Undirected,
41,76,Undirected,
41,98,Undirected,
41,105,Undirected,
41,133,Undirected,
41,135,Undirected,
41,146,Undirected,
41,158,Undirected,
41,162,Undirected,
42,43,Undirected,
42,44,Undirected,
42,58,Undirected,
42,59,Undirected,
42,74,Undirected,
42,90,Undirected,
42,108,Undirected,
42,134,Undirected,
42,140,Undirected,
42,141,Undirected,
42,146,Undirected,
42,153,Undirected,
42,156,Undirected,
42,161,Undirected,
42,162,Undirected,
43,44,Undirected,
43,45,Undirected,
43,57,Undirected,
43,58,Undirected,
43,71,Undirected,
43,72,Undirected,
43,82,Undirected,
43,135,Undirected,
43,136,Undirected,
43,143,Undirected,
43,147,Undirected,
43,162,Undirected,
44,45,Undirected,
44,56,Undirected,
44,57,Undirected,
44,58,Undirected,
44,67,Undirected,
44,72,Undirected,
44,74,Undirected,
44,75,Undirected,
44,90,Undirected,
44,91,Undirected,
44,108,Undirected,
44,110,Undirected,
44,115,Undirected,
44,118,Undirected,
44,120,Undirected,
44,134,Undirected,
44,136,Undirected,
44,140,Undirected,
44,141,Undirected,
44,142,Undirected,
44,143,Undirected,
44,155,Undirected,
44,156,Undirected,
44,157,Undirected,
44,161,Undirected,
44,164,Undirected,
45,46,Undirected,
45,58,Undirected,
45,59,Undirected,
45,67,Undirected,
45,72,Undirected,
45,79,Undirected,
45,80,Undirected,
45,81,Undirected,
45,82,Undirected,
45,83,Undirected,
45,85,Undirected,
45,87,Undirected,
45,90,Undirected,
45,91,Undirected,
45,137,Undirected,
45,138,Undirected,
45,141,Undirected,
45,142,Undirected,
45,143,Undirected,
45,161,Undirected,
45,162,Undirected,
46,57,Undirected,
46,58,Undirected,
46,79,Undirected,
46,80,Undirected,
46,81,Undirected,
46,83,Undirected,
46,85,Undirected,
46,86,Undirected,
46,87,Undirected,
46,137,Undirected,
46,142,Undirected,
46,143,Undirected,
46,149,Undirected,
46,153,Undirected,
46,161,Undirected,
46,162,Undirected,
47,48,Undirected,
47,60,Undirected,
47,61,Undirected,
47,66,Undirected,
47,67,Undirected,
47,74,Undirected,
47,77,Undirected,
47,88,Undirected,
47,90,Undirected,
47,91,Undirected,
47,93,Undirected,
47,94,Undirected,
47,95,Undirected,
47,107,Undirected,
47,108,Undirected,
47,109,Undirected,
47,116,Undirected,
47,140,Undirected,
47,141,Undirected,
47,145,Undirected,
47,148,Undirected,
47,155,Undirected,
47,156,Undirected,
47,157,Undirected,
47,164,Undirected,
48,60,Undirected,
48,61,Undirected,
48,66,Undirected,
48,67,Undirected,
48,74,Undirected,
48,75,Undirected,
48,88,Undirected,
48,90,Undirected,
48,91,Undirected,
48,93,Undirected,
48,94,Undirected,
48,95,Undirected,
48,109,Undirected,
48,118,Undirected,
48,140,Undirected,
48,141,Undirected,
48,145,Undirected,
48,155,Undirected,
48,157,Undirected,
49,52,Undirected,
49,60,Undirected,
49,104,Undirected,
49,133,Undirected,
49,135,Undirected,
50,51,Undirected,
50,53,Undirected,
50,54,Undirected,
50,55,Undirected,
50,78,Undirected,
50,112,Undirected,
50,122,Undirected,
50,131,Undirected,
50,132,Undirected,
50,133,Undirected,
50,139,Undirected,
50,144,Undirected,
50,149,Undirected,
50,151,Undirected,
51,78,Undirected,
51,137,Undirected,
51,139,Undirected,
51,144,Undirected,
51,149,Undirected,
51,151,Undirected,
52,97,Undirected,
53,54,Undirected,
53,55,Undirected,
53,56,Undirected,
53,91,Undirected,
53,131,Undirected,
53,132,Undirected,
53,133,Undirected,
53,144,Undirected,
53,147,Undirected,
53,148,Undirected,
53,157,Undirected,
53,158,Undirected,
54,77,Undirected,
54,133,Undirected,
54,135,Undirected,
54,144,Undirected,
54,147,Undirected,
54,155,Undirected,
55,56,Undirected,
55,78,Undirected,
55,80,Undirected,
55,133,Undirected,
55,144,Undirected,
55,146,Undirected,
55,150,Undirected,
55,158,Undirected,
55,162,Undirected,
56,57,Undirected,
56,60,Undirected,
56,133,Undirected,
56,134,Undirected,
56,136,Undirected,
57,58,Undirected,
57,59,Undirected,
57,79,Undirected,
57,80,Undirected,
57,85,Undirected,
57,86,Undirected,
57,87,Undirected,
57,88,Undirected,
57,134,Undirected,
57,136,Undirected,
57,142,Undirected,
57,150,Undirected,
57,161,Undirected,
57,162,Undirected,
58,59,Undirected,
58,66,Undirected,
58,67,Undirected,
58,71,Undirected,
58,74,Undirected,
58,75,Undirected,
58,79,Undirected,
58,82,Undirected,
58,83,Undirected,
58,85,Undirected,
58,86,Undirected,
58,87,Undirected,
58,88,Undirected,
58,108,Undirected,
58,136,Undirected,
58,137,Undirected,
58,140,Undirected,
58,141,Undirected,
58,142,Undirected,
58,143,Undirected,
58,153,Undirected,
58,161,Undirected,
58,164,Undirected,
59,67,Undirected,
59,79,Undirected,
59,80,Undirected,
59,81,Undirected,
59,82,Undirected,
59,83,Undirected,
59,84,Undirected,
59,85,Undirected,
59,86,Undirected,
59,87,Undirected,
59,88,Undirected,
59,89,Undirected,
59,137,Undirected,
59,138,Undirected,
59,142,Undirected,
59,143,Undirected,
59,149,Undirected,
59,152,Undirected,
60,159,Undirected,
61,91,Undirected,
61,104,Undirected,
61,118,Undirected,
61,127,Undirected,
61,140,Undirected,
61,141,Undirected,
62,64,Undirected,
62,68,Undirected,
62,72,Undirected,
62,82,Undirected,
62,106,Undirected,
62,111,Undirected,
62,114,Undirected,
62,118,Undirected,
62,125,Undirected,
62,126,Undirected,
63,64,Undirected,
63,65,Undirected,
63,68,Undirected,
63,70,Undirected,
63,126,Undirected,
63,128,Undirected,
64,65,Undirected,
64,70,Undirected,
64,106,Undirected,
64,111,Undirected,
64,112,Undirected,
64,113,Undirected,
64,114,Undirected,
64,126,Undirected,
64,127,Undirected,
64,128,Undirected,
64,147,Undirected,
65,66,Undirected,
65,70,Undirected,
65,101,Undirected,
65,105,Undirected,
65,111,Undirected,
65,113,Undirected,
65,114,Undirected,
65,115,Undirected,
65,116,Undirected,
65,127,Undirected,
65,128,Undirected,
66,67,Undirected,
66,71,Undirected,
66,74,Undirected,
66,75,Undirected,
66,88,Undirected,
66,89,Undirected,
66,90,Undirected,
66,94,Undirected,
66,107,Undirected,
66,108,Undirected,
66,109,Undirected,
66,110,Undirected,
66,113,Undirected,
66,115,Undirected,
66,116,Undirected,
66,118,Undirected,
66,119,Undirected,
66,120,Undirected,
66,127,Undirected,
66,128,Undirected,
66,129,Undirected,
66,130,Undirected,
66,131,Undirected,
66,140,Undirected,
66,141,Undirected,
66,155,Undirected,
66,163,Undirected,
66,164,Undirected,
67,71,Undirected,
67,74,Undirected,
67,75,Undirected,
67,90,Undirected,
67,107,Undirected,
67,108,Undirected,
67,109,Undirected,
67,110,Undirected,
67,115,Undirected,
67,116,Undirected,
67,118,Undirected,
67,127,Undirected,
67,128,Undirected,
67,129,Undirected,
67,140,Undirected,
67,141,Undirected,
67,164,Undirected,
68,70,Undirected,
68,72,Undirected,
68,101,Undirected,
68,106,Undirected,
68,111,Undirected,
68,114,Undirected,
68,118,Undirected,
68,126,Undirected,
69,96,Undirected,
69,102,Undirected,
69,104,Undirected,
69,123,Undirected,
70,71,Undirected,
70,72,Undirected,
70,110,Undirected,
70,111,Undirected,
70,112,Undirected,
70,113,Undirected,
70,114,Undirected,
70,115,Undirected,
70,116,Undirected,
70,121,Undirected,
70,123,Undirected,
70,124,Undirected,
70,128,Undirected,
70,131,Undirected,
70,132,Undirected,
70,147,Undirected,
70,155,Undirected,
70,163,Undirected,
71,72,Undirected,
71,108,Undirected,
71,110,Undirected,
71,111,Undirected,
71,113,Undirected,
71,114,Undirected,
71,116,Undirected,
71,143,Undirected,
72,75,Undirected,
72,87,Undirected,
72,100,Undirected,
72,106,Undirected,
72,111,Undirected,
72,112,Undirected,
72,113,Undirected,
72,114,Undirected,
72,116,Undirected,
72,118,Undirected,
72,120,Undirected,
72,122,Undirected,
72,125,Undirected,
72,127,Undirected,
72,128,Undirected,
72,143,Undirected,
72,153,Undirected,
73,86,Undirected,
73,103,Undirected,
73,125,Undirected,
73,138,Undirected,
73,151,Undirected,
73,152,Undirected,
74,75,Undirected,
74,88,Undirected,
74,90,Undirected,
74,91,Undirected,
74,94,Undirected,
74,107,Undirected,
74,108,Undirected,
74,109,Undirected,
74,115,Undirected,
74,116,Undirected,
74,119,Undirected,
74,120,Undirected,
74,140,Undirected,
74,141,Undirected,
74,145,Undirected,
74,147,Undirected,
74,148,Undirected,
74,155,Undirected,
74,156,Undirected,
74,157,Undirected,
74,163,Undirected,
74,164,Undirected,
75,94,Undirected,
75,107,Undirected,
75,108,Undirected,
75,109,Undirected,
75,110,Undirected,
75,115,Undirected,
75,116,Undirected,
75,118,Undirected,
75,119,Undirected,
75,120,Undirected,
75,127,Undirected,
75,128,Undirected,
75,129,Undirected,
75,130,Undirected,
75,140,Undirected,
75,141,Undirected,
75,156,Undirected,
75,157,Undirected,
75,163,Undirected,
75,164,Undirected,
76,77,Undirected,
76,145,Undirected,
76,146,Undirected,
76,158,Undirected,
76,159,Undirected,
77,82,Undirected,
77,84,Undirected,
77,90,Undirected,
77,91,Undirected,
77,94,Undirected,
77,95,Undirected,
77,118,Undirected,
77,140,Undirected,
77,141,Undirected,
77,145,Undirected,
77,155,Undirected,
78,79,Undirected,
78,80,Undirected,
78,81,Undirected,
78,82,Undirected,
78,83,Undirected,
78,84,Undirected,
78,85,Undirected,
78,86,Undirected,
78,87,Undirected,
78,96,Undirected,
78,102,Undirected,
78,103,Undirected,
78,137,Undirected,
78,138,Undirected,
78,139,Undirected,
78,146,Undirected,
78,149,Undirected,
78,151,Undirected,
78,162,Undirected,
79,80,Undirected,
79,81,Undirected,
79,82,Undirected,
79,83,Undirected,
79,85,Undirected,
79,86,Undirected,
79,87,Undirected,
79,88,Undirected,
79,136,Undirected,
79,137,Undirected,
79,138,Undirected,
79,142,Undirected,
79,143,Undirected,
79,146,Undirected,
79,149,Undirected,
79,150,Undirected,
79,161,Undirected,
79,162,Undirected,
80,81,Undirected,
80,82,Undirected,
80,83,Undirected,
80,84,Undirected,
80,85,Undirected,
80,86,Undirected,
80,87,Undirected,
80,96,Undirected,
80,102,Undirected,
80,136,Undirected,
80,137,Undirected,
80,138,Undirected,
80,142,Undirected,
80,143,Undirected,
80,146,Undirected,
80,149,Undirected,
80,150,Undirected,
80,151,Undirected,
80,161,Undirected,
80,162,Undirected,
81,82,Undirected,
81,83,Undirected,
81,84,Undirected,
81,85,Undirected,
81,86,Undirected,
81,87,Undirected,
81,96,Undirected,
81,137,Undirected,
81,138,Undirected,
81,142,Undirected,
81,146,Undirected,
81,149,Undirected,
81,151,Undirected,
81,161,Undirected,
82,83,Undirected,
82,84,Undirected,
82,85,Undirected,
82,86,Undirected,
82,87,Undirected,
82,97,Undirected,
82,114,Undirected,
82,125,Undirected,
82,137,Undirected,
82,138,Undirected,
82,142,Undirected,
82,143,Undirected,
82,149,Undirected,
82,161,Undirected,
82,162,Undirected,
83,84,Undirected,
83,85,Undirected,
83,86,Undirected,
83,87,Undirected,
83,96,Undirected,
83,97,Undirected,
83,103,Undirected,
83,137,Undirected,
83,138,Undirected,
83,142,Undirected,
83,143,Undirected,
83,149,Undirected,
83,153,Undirected,
83,162,Undirected,
84,85,Undirected,
84,86,Undirected,
84,87,Undirected,
84,96,Undirected,
84,97,Undirected,
84,102,Undirected,
84,103,Undirected,
84,137,Undirected,
84,138,Undirected,
84,159,Undirected,
85,86,Undirected,
85,87,Undirected,
85,137,Undirected,
85,138,Undirected,
85,139,Undirected,
85,142,Undirected,
85,143,Undirected,
85,149,Undirected,
85,151,Undirected,
85,161,Undirected,
85,162,Undirected,
86,87,Undirected,
86,88,Undirected,
86,96,Undirected,
86,102,Undirected,
86,103,Undirected,
86,136,Undirected,
86,137,Undirected,
86,138,Undirected,
86,142,Undirected,
86,146,Undirected,
86,149,Undirected,
86,150,Undirected,
86,161,Undirected,
86,162,Undirected,
87,136,Undirected,
87,137,Undirected,
87,138,Undirected,
87,142,Undirected,
87,143,Undirected,
87,149,Undirected,
87,150,Undirected,
87,160,Undirected,
87,161,Undirected,
87,162,Undirected,
88,99,Undirected,
88,136,Undirected,
88,140,Undirected,
88,145,Undirected,
88,146,Undirected,
88,152,Undirected,
89,103,Undirected,
90,91,Undirected,
90,93,Undirected,
90,94,Undirected,
90,107,Undirected,
90,108,Undirected,
90,109,Undirected,
90,110,Undirected,
90,115,Undirected,
90,116,Undirected,
90,119,Undirected,
90,134,Undirected,
90,140,Undirected,
90,141,Undirected,
90,145,Undirected,
90,147,Undirected,
90,148,Undirected,
90,155,Undirected,
90,156,Undirected,
90,157,Undirected,
90,163,Undirected,
90,164,Undirected,
91,93,Undirected,
91,134,Undirected,
91,140,Undirected,
91,141,Undirected,
91,147,Undirected,
91,148,Undirected,
91,155,Undirected,
91,156,Undirected,
91,157,Undirected,
91,161,Undirected,
92,93,Undirected,
92,96,Undirected,
92,98,Undirected,
92,99,Undirected,
92,100,Undirected,
92,126,Undirected,
93,96,Undirected,
93,97,Undirected,
93,98,Undirected,
93,99,Undirected,
93,145,Undirected,
93,148,Undirected,
94,95,Undirected,
94,107,Undirected,
94,108,Undirected,
94,109,Undirected,
94,110,Undirected,
94,115,Undirected,
94,116,Undirected,
94,118,Undirected,
94,119,Undirected,
94,120,Undirected,
94,129,Undirected,
94,140,Undirected,
94,141,Undirected,
94,155,Undirected,
94,157,Undirected,
94,163,Undirected,
94,164,Undirected,
95,107,Undirected,
95,119,Undirected,
95,140,Undirected,
95,141,Undirected,
95,148,Undirected,
95,157,Undirected,
95,164,Undirected,
96,97,Undirected,
96,98,Undirected,
96,102,Undirected,
96,103,Undirected,
96,145,Undirected,
96,146,Undirected,
97,145,Undirected,
98,99,Undirected,
98,104,Undirected,
98,105,Undirected,
98,145,Undirected,
98,146,Undirected,
98,152,Undirected,
99,104,Undirected,
99,105,Undirected,
99,145,Undirected,
99,146,Undirected,
100,101,Undirected,
100,102,Undirected,
100,103,Undirected,
100,105,Undirected,
101,126,Undirected,
102,103,Undirected,
102,104,Undirected,
102,105,Undirected,
102,111,Undirected,
102,112,Undirected,
102,113,Undirected,
102,138,Undirected,
102,162,Undirected,
103,106,Undirected,
103,111,Undirected,
103,112,Undirected,
103,114,Undirected,
103,138,Undirected,
104,105,Undirected,
104,146,Undirected,
105,123,Undirected,
105,146,Undirected,
105,158,Undirected,
106,110,Undirected,
106,111,Undirected,
106,112,Undirected,
106,113,Undirected,
106,114,Undirected,
106,115,Undirected,
106,116,Undirected,
106,120,Undirected,
106,121,Undirected,
106,122,Undirected,
106,123,Undirected,
106,124,Undirected,
106,128,Undirected,
106,129,Undirected,
106,130,Undirected,
106,131,Undirected,
106,132,Undirected,
106,153,Undirected,
106,163,Undirected,
107,108,Undirected,
107,109,Undirected,
107,110,Undirected,
107,115,Undirected,
107,116,Undirected,
107,117,Undirected,
107,118,Undirected,
107,119,Undirected,
107,120,Undirected,
107,121,Undirected,
107,128,Undirected,
107,129,Undirected,
107,130,Undirected,
107,131,Undirected,
107,140,Undirected,
107,141,Undirected,
107,148,Undirected,
107,155,Undirected,
107,157,Undirected,
107,163,Undirected,
107,164,Undirected,
108,109,Undirected,
108,110,Undirected,
108,113,Undirected,
108,115,Undirected,
108,116,Undirected,
108,118,Undirected,
108,119,Undirected,
108,120,Undirected,
108,121,Undirected,
108,122,Undirected,
108,124,Undirected,
108,128,Undirected,
108,129,Undirected,
108,130,Undirected,
108,131,Undirected,
108,140,Undirected,
108,141,Undirected,
108,147,Undirected,
108,153,Undirected,
108,155,Undirected,
108,156,Undirected,
108,157,Undirected,
108,163,Undirected,
108,164,Undirected,
109,110,Undirected,
109,115,Undirected,
109,116,Undirected,
109,118,Undirected,
109,119,Undirected,
109,120,Undirected,
109,121,Undirected,
109,122,Undirected,
109,124,Undirected,
109,127,Undirected,
109,128,Undirected,
109,129,Undirected,
109,130,Undirected,
109,131,Undirected,
109,140,Undirected,
109,141,Undirected,
109,148,Undirected,
109,155,Undirected,
109,157,Undirected,
109,163,Undirected,
109,164,Undirected,
110,113,Undirected,
110,114,Undirected,
110,115,Undirected,
110,116,Undirected,
110,118,Undirected,
110,119,Undirected,
110,120,Undirected,
110,121,Undirected,
110,124,Undirected,
110,127,Undirected,
110,128,Undirected,
110,129,Undirected,
110,130,Undirected,
110,140,Undirected,
110,141,Undirected,
110,153,Undirected,
110,155,Undirected,
110,163,Undirected,
110,164,Undirected,
111,112,Undirected,
111,113,Undirected,
111,114,Undirected,
111,123,Undirected,
111,124,Undirected,
111,125,Undirected,
111,126,Undirected,
111,128,Undirected,
111,132,Undirected,
112,113,Undirected,
112,114,Undirected,
112,125,Undirected,
112,126,Undirected,
112,132,Undirected,
112,150,Undirected,
113,114,Undirected,
113,115,Undirected,
113,116,Undirected,
113,121,Undirected,
113,122,Undirected,
113,123,Undirected,
113,124,Undirected,
113,125,Undirected,
113,126,Undirected,
113,127,Undirected,
113,128,Undirected,
113,129,Undirected,
113,130,Undirected,
113,131,Undirected,
113,163,Undirected,
114,116,Undirected,
114,118,Undirected,
114,120,Undirected,
114,125,Undirected,
114,126,Undirected,
114,127,Undirected,
114,128,Undirected,
114,138,Undirected,
114,153,Undirected,
115,116,Undirected,
115,118,Undirected,
115,119,Undirected,
115,120,Undirected,
115,121,Undirected,
115,122,Undirected,
115,123,Undirected,
115,124,Undirected,
115,127,Undirected,
115,128,Undirected,
115,129,Undirected,
115,130,Undirected,
115,131,Undirected,
115,132,Undirected,
115,140,Undirected,
115,141,Undirected,
115,147,Undirected,
115,148,Undirected,
115,155,Undirected,
115,156,Undirected,
115,157,Undirected,
115,163,Undirected,
115,164,Undirected,
116,118,Undirected,
116,119,Undirected,
116,120,Undirected,
116,121,Undirected,
116,122,Undirected,
116,123,Undirected,
116,124,Undirected,
116,127,Undirected,
116,128,Undirected,
116,129,Undirected,
116,130,Undirected,
116,131,Undirected,
116,132,Undirected,
116,140,Undirected,
116,141,Undirected,
116,153,Undirected,
116,155,Undirected,
116,157,Undirected,
116,163,Undirected,
116,164,Undirected,
118,119,Undirected,
118,120,Undirected,
118,121,Undirected,
118,122,Undirected,
118,128,Undirected,
118,129,Undirected,
118,130,Undirected,
118,140,Undirected,
118,141,Undirected,
118,155,Undirected,
118,163,Undirected,
118,164,Undirected,
119,120,Undirected,
119,121,Undirected,
119,122,Undirected,
119,123,Undirected,
119,124,Undirected,
119,128,Undirected,
119,129,Undirected,
119,130,Undirected,
119,131,Undirected,
119,140,Undirected,
119,141,Undirected,
119,147,Undirected,
119,155,Undirected,
119,157,Undirected,
119,163,Undirected,
119,164,Undirected,
120,121,Undirected,
120,122,Undirected,
120,124,Undirected,
120,128,Undirected,
120,129,Undirected,
120,130,Undirected,
120,131,Undirected,
120,140,Undirected,
120,141,Undirected,
120,153,Undirected,
120,157,Undirected,
120,163,Undirected,
120,164,Undirected,
121,122,Undirected,
121,123,Undirected,
121,124,Undirected,
121,128,Undirected,
121,129,Undirected,
121,130,Undirected,
121,131,Undirected,
121,132,Undirected,
121,155,Undirected,
121,163,Undirected,
121,164,Undirected,
122,123,Undirected,
122,124,Undirected,
122,128,Undirected,
122,129,Undirected,
122,130,Undirected,
122,131,Undirected,
122,132,Undirected,
122,153,Undirected,
122,163,Undirected,
122,164,Undirected,
123,124,Undirected,
123,128,Undirected,
123,129,Undirected,
123,130,Undirected,
123,131,Undirected,
123,132,Undirected,
123,163,Undirected,
124,127,Undirected,
124,128,Undirected,
124,129,Undirected,
124,130,Undirected,
124,131,Undirected,
124,132,Undirected,
124,163,Undirected,
124,164,Undirected,
125,127,Undirected,
125,138,Undirected,
125,151,Undirected,
125,152,Undirected,
126,127,Undirected,
127,128,Undirected,
127,163,Undirected,
128,129,Undirected,
128,130,Undirected,
128,131,Undirected,
128,132,Undirected,
128,153,Undirected,
128,163,Undirected,
128,164,Undirected,
129,130,Undirected,
129,131,Undirected,
129,132,Undirected,
129,163,Undirected,
129,164,Undirected,
130,131,Undirected,
130,132,Undirected,
130,163,Undirected,
130,164,Undirected,
131,132,Undirected,
131,163,Undirected,
131,164,Undirected,
132,158,Undirected,
132,163,Undirected,
134,136,Undirected,
134,141,Undirected,
134,156,Undirected,
134,157,Undirected,
135,162,Undirected,
136,142,Undirected,
136,143,Undirected,
136,150,Undirected,
136,161,Undirected,
136,162,Undirected,
137,138,Undirected,
137,139,Undirected,
137,142,Undirected,
137,143,Undirected,
137,146,Undirected,
137,149,Undirected,
137,151,Undirected,
137,161,Undirected,
137,162,Undirected,
138,139,Undirected,
138,142,Undirected,
138,149,Undirected,
138,151,Undirected,
139,149,Undirected,
139,151,Undirected,
140,141,Undirected,
140,145,Undirected,
140,155,Undirected,
140,156,Undirected,
140,157,Undirected,
140,163,Undirected,
140,164,Undirected,
141,147,Undirected,
141,148,Undirected,
141,155,Undirected,
141,156,Undirected,
141,157,Undirected,
141,163,Undirected,
141,164,Undirected,
142,143,Undirected,
142,149,Undirected,
142,161,Undirected,
142,162,Undirected,
143,153,Undirected,
143,162,Undirected,
144,161,Undirected,
145,146,Undirected,
146,149,Undirected,
146,158,Undirected,
146,161,Undirected,
146,162,Undirected,
147,155,Undirected,
147,156,Undirected,
147,158,Undirected,
147,164,Undirected,
148,157,Undirected,
148,158,Undirected,
148,164,Undirected,
149,151,Undirected,
149,152,Undirected,
149,161,Undirected,
150,162,Undirected,
151,152,Undirected,
153,154,Undirected,
153,161,Undirected,
153,163,Undirected,
154,155,Undirected,
154,157,Undirected,
155,156,Undirected,
155,157,Undirected,
155,163,Undirected,
155,164,Undirected,
156,157,Undirected,
156,164,Undirected,
157,163,Undirected,
157,164,Undirected,
159,160,Undirected,
161,162,Undirected,
163,164,Undirected,
