Source,Target,Type,timeset
1,2,Undirected,
1,5,Undirected,
1,6,Undirected,
1,7,Undirected,
1,8,Undirected,
1,9,Undirected,
1,15,Undirected,
1,24,Undirected,
1,26,Undirected,
1,30,Undirected,
1,31,Undirected,
1,35,Undirected,
1,36,Undirected,
1,41,Undirected,
1,44,Undirected,
1,46,Undirected,
1,52,Undirected,
1,53,Undirected,
1,60,Undirected,
1,61,Undirected,
1,71,Undirected,
1,72,Undirected,
1,91,Undirected,
1,98,Undirected,
1,99,Undirected,
1,133,Undirected,
1,141,Undirected,
1,147,Undirected,
1,148,Undirected,
1,152,Undirected,
1,153,Undirected,
1,155,Undirected,
1,157,Undirected,
2,5,Undirected,
2,6,Undirected,
2,7,Undirected,
2,8,Undirected,
2,12,Undirected,
2,30,Undirected,
2,36,Undirected,
2,39,Undirected,
2,41,Undirected,
2,50,Undirected,
2,53,Undirected,
2,54,Undirected,
2,61,Undirected,
2,71,Undirected,
2,72,Undirected,
2,97,Undirected,
2,147,Undirected,
2,148,Undirected,
2,151,Undirected,
2,152,Undirected,
2,155,Undirected,
2,157,Undirected,
2,158,Undirected,
3,4,Undirected,
3,37,Undirected,
3,38,Undirected,
3,77,Undirected,
3,78,Undirected,
3,80,Undirected,
3,84,Undirected,
3,86,Undirected,
3,92,Undirected,
3,93,Undirected,
3,94,Undirected,
3,95,Undirected,
3,96,Undirected,
3,97,Undirected,
3,104,Undirected,
3,105,Undirected,
3,138,Undirected,
3,145,Undirected,
3,146,Undirected,
3,150,Undirected,
3,159,Undirected,
4,12,Undirected,
4,38,Undirected,
4,61,Undirected,
4,70,Undirected,
4,77,Undirected,
4,79,Undirected,
4,80,Undirected,
4,81,Undirected,
4,92,Undirected,
4,93,Undirected,
4,96,Undirected,
4,97,Undirected,
4,104,Undirected,
4,105,Undirected,
4,145,Undirected,
4,149,Undirected,
4,150,Undirected,
4,159,Undirected,
5,6,Undirected,
5,7,Undirected,
5,8,Undirected,
5,35,Undirected,
5,36,Undirected,
5,38,Undirected,
5,41,Undirected,
5,50,Undirected,
5,52,Undirected,
5,53,Undirected,
5,54,Undirected,
5,90,Undirected,
5,91,Undirected,
5,98,Undirected,
5,110,Undirected,
5,141,Undirected,
5,147,Undirected,
5,148,Undirected,
5,151,Undirected,
5,152,Undirected,
5,153,Undirected,
5,154,Undirected,
5,155,Undirected,
5,157,Undirected,
5,158,Undirected,
6,7,Undirected,
6,8,Undirected,
6,13,Undirected,
6,14,Undirected,
6,32,Undirected,
6,35,Undirected,
6,36,Undirected,
6,41,Undirected,
6,50,Undirected,
6,51,Undirected,
6,52,Undirected,
6,53,Undirected,
6,54,Undirected,
6,60,Undirected,
6,61,Undirected,
6,91,Undirected,
6,98,Undirected,
6,109,Undirected,
6,110,Undirected,
6,141,Undirected,
6,144,Undirected,
6,147,Undirected,
6,148,Undirected,
6,151,Undirected,
6,152,Undirected,
6,153,Undirected,
6,155,Undirected,
6,157,Undirected,
6,158,Undirected,
7,8,Undirected,
7,30,Undirected,
7,32,Undirected,
7,35,Undirected,
7,36,Undirected,
7,41,Undirected,
7,44,Undirected,
7,50,Undirected,
7,53,Undirected,
7,54,Undirected,
7,74,Undirected,
7,91,Undirected,
7,98,Undirected,
7,110,Undirected,
7,118,Undirected,
7,141,Undirected,
7,144,Undirected,
7,147,Undirected,
7,148,Undirected,
7,151,Undirected,
7,152,Undirected,
7,153,Undirected,
7,155,Undirected,
7,157,Undirected,
8,14,Undirected,
8,19,Undirected,
8,32,Undirected,
8,41,Undirected,
8,50,Undirected,
8,51,Undirected,
8,52,Undirected,
8,53,Undirected,
8,54,Undirected,
8,60,Undirected,
8,61,Undirected,
8,90,Undirected,
8,91,Undirected,
8,96,Undirected,
8,97,Undirected,
8,98,Undirected,
8,109,Undirected,
8,110,Undirected,
8,117,Undirected,
8,118,Undirected,
8,141,Undirected,
8,144,Undirected,
8,147,Undirected,
8,151,Undirected,
8,152,Undirected,
8,155,Undirected,
8,157,Undirected,
8,158,Undirected,
9,10,Undirected,
9,11,Undirected,
9,12,Undirected,
9,13,Undirected,
9,14,Undirected,
9,33,Undirected,
9,50,Undirected,
9,52,Undirected,
9,53,Undirected,
9,60,Undirected,
9,61,Undirected,
9,76,Undirected,
9,94,Undirected,
9,95,Undirected,
9,133,Undirected,
9,138,Undirected,
9,141,Undirected,
9,146,Undirected,
9,159,Undirected,
9,160,Undirected,
10,12,Undirected,
10,14,Undirected,
10,36,Undirected,
10,102,Undirected,
10,159,Undirected,
11,13,Undirected,
11,14,Undirected,
11,50,Undirected,
11,55,Undirected,
11,76,Undirected,
11,86,Undirected,
11,94,Undirected,
11,95,Undirected,
11,104,Undirected,
11,133,Undirected,
11,146,Undirected,
11,160,Undirected,
12,15,Undirected,
12,16,Undirected,
12,18,Undirected,
12,21,Undirected,
12,23,Undirected,
12,39,Undirected,
12,52,Undirected,
12,60,Undirected,
12,61,Undirected,
12,76,Undirected,
12,77,Undirected,
12,78,Undirected,
12,83,Undirected,
12,94,Undirected,
12,104,Undirected,
12,133,Undirected,
12,137,Undirected,
12,145,Undirected,
12,146,Undirected,
12,159,Undirected,
12,160,Undirected,
12,162,Undirected,
13,14,Undirected,
13,33,Undirected,
13,34,Undirected,
13,35,Undirected,
13,37,Undirected,
13,50,Undirected,
13,51,Undirected,
13,53,Undirected,
13,54,Undirected,
13,55,Undirected,
13,133,Undirected,
13,137,Undirected,
13,138,Undirected,
13,139,Undirected,
13,144,Undirected,
13,151,Undirected,
13,152,Undirected,
13,153,Undirected,
13,154,Undirected,
13,160,Undirected,
14,33,Undirected,
14,34,Undirected,
14,37,Undirected,
14,49,Undirected,
14,50,Undirected,
14,51,Undirected,
14,53,Undirected,
14,54,Undirected,
14,55,Undirected,
14,60,Undirected,
14,76,Undirected,
14,86,Undirected,
14,109,Undirected,
14,133,Undirected,
14,137,Undirected,
14,138,Undirected,
14,139,Undirected,
14,141,Undirected,
14,146,Undirected,
14,151,Undirected,
14,152,Undirected,
14,155,Undirected,
14,159,Undirected,
14,160,Undirected,
15,16,Undirected,
15,17,Undirected,
15,18,Undirected,
15,19,Undirected,
15,20,Undirected,
15,21,Undirected,
15,23,Undirected,
15,24,Undirected,
15,26,Undirected,
15,39,Undirected,
15,46,Undirected,
15,49,Undirected,
15,52,Undirected,
15,60,Undirected,
15,61,Undirected,
15,77,Undirected,
15,79,Undirected,
15,87,Undirected,
15,98,Undirected,
15,134,Undirected,
15,137,Undirected,
15,146,Undirected,
15,161,Undirected,
15,162,Undirected,
16,17,Undirected,
16,18,Undirected,
16,20,Undirected,
16,21,Undirected,
16,22,Undirected,
16,23,Undirected,
16,24,Undirected,
16,25,Undirected,
16,26,Undirected,
16,39,Undirected,
16,58,Undirected,
16,59,Undirected,
16,61,Undirected,
16,62,Undirected,
16,79,Undirected,
16,83,Undirected,
16,87,Undirected,
16,100,Undirected,
16,102,Undirected,
16,103,Undirected,
16,137,Undirected,
16,145,Undirected,
16,161,Undirected,
16,162,Undirected,
17,18,Undirected,
17,19,Undirected,
17,20,Undirected,
17,21,Undirected,
17,23,Undirected,
17,25,Undirected,
17,26,Undirected,
17,39,Undirected,
17,46,Undirected,
17,52,Undirected,
17,60,Undirected,
17,79,Undirected,
17,82,Undirected,
17,87,Undirected,
17,98,Undirected,
17,134,Undirected,
17,137,Undirected,
17,161,Undirected,
17,162,Undirected,
18,19,Undirected,
18,20,Undirected,
18,21,Undirected,
18,22,Undirected,
18,23,Undirected,
18,25,Undirected,
18,26,Undirected,
18,27,Undirected,
18,39,Undirected,
18,49,Undirected,
18,52,Undirected,
18,60,Undirected,
18,61,Undirected,
18,76,Undirected,
18,77,Undirected,
18,79,Undirected,
18,83,Undirected,
18,87,Undirected,
18,135,Undirected,
18,137,Undirected,
18,161,Undirected,
18,162,Undirected,
19,20,Undirected,
19,21,Undirected,
19,23,Undirected,
19,26,Undirected,
19,39,Undirected,
19,60,Undirected,
19,61,Undirected,
19,82,Undirected,
19,87,Undirected,
19,98,Undirected,
19,137,Undirected,
19,155,Undirected,
19,161,Undirected,
19,162,Undirected,
20,21,Undirected,
20,22,Undirected,
20,23,Undirected,
20,25,Undirected,
20,26,Undirected,
20,42,Undirected,
20,44,Undirected,
20,52,Undirected,
20,76,Undirected,
20,83,Undirected,
20,87,Undirected,
20,90,Undirected,
20,109,Undirected,
20,134,Undirected,
20,137,Undirected,
20,161,Undirected,
20,162,Undirected,
21,23,Undirected,
21,49,Undirected,
21,52,Undirected,
21,60,Undirected,
21,61,Undirected,
21,76,Undirected,
21,87,Undirected,
21,100,Undirected,
21,133,Undirected,
21,134,Undirected,
21,137,Undirected,
21,139,Undirected,
21,159,Undirected,
21,162,Undirected,
22,24,Undirected,
22,25,Undirected,
22,26,Undirected,
22,27,Undirected,
22,28,Undirected,
22,58,Undirected,
22,65,Undirected,
22,111,Undirected,
22,127,Undirected,
22,161,Undirected,
23,25,Undirected,
23,27,Undirected,
23,39,Undirected,
23,41,Undirected,
23,42,Undirected,
23,60,Undirected,
23,61,Undirected,
23,62,Undirected,
23,77,Undirected,
23,83,Undirected,
23,87,Undirected,
23,135,Undirected,
23,161,Undirected,
23,162,Undirected,
24,26,Undirected,
24,28,Undirected,
24,30,Undirected,
24,31,Undirected,
24,40,Undirected,
24,41,Undirected,
24,42,Undirected,
24,45,Undirected,
24,48,Undirected,
24,63,Undirected,
24,71,Undirected,
24,72,Undirected,
24,73,Undirected,
24,79,Undirected,
24,92,Undirected,
24,98,Undirected,
24,99,Undirected,
24,113,Undirected,
24,114,Undirected,
24,116,Undirected,
24,127,Undirected,
24,128,Undirected,
24,132,Undirected,
24,142,Undirected,
24,143,Undirected,
24,157,Undirected,
24,161,Undirected,
25,26,Undirected,
25,27,Undirected,
25,39,Undirected,
25,40,Undirected,
25,42,Undirected,
25,45,Undirected,
25,62,Undirected,
25,68,Undirected,
25,70,Undirected,
25,76,Undirected,
25,83,Undirected,
25,87,Undirected,
25,101,Undirected,
25,135,Undirected,
25,137,Undirected,
25,159,Undirected,
25,161,Undirected,
25,162,Undirected,
26,28,Undirected,
26,30,Undirected,
26,42,Undirected,
26,46,Undirected,
26,69,Undirected,
26,71,Undirected,
26,73,Undirected,
26,87,Undirected,
26,134,Undirected,
26,157,Undirected,
26,161,Undirected,
27,29,Undirected,
27,42,Undirected,
27,68,Undirected,
27,70,Undirected,
27,122,Undirected,
27,132,Undirected,
27,135,Undirected,
27,161,Undirected,
27,162,Undirected,
27,163,Undirected,
28,30,Undirected,
28,31,Undirected,
28,69,Undirected,
28,71,Undirected,
28,73,Undirected,
28,98,Undirected,
28,111,Undirected,
28,113,Undirected,
28,115,Undirected,
28,123,Undirected,
28,128,Undirected,
28,132,Undirected,
28,142,Undirected,
28,149,Undirected,
28,157,Undirected,
29,31,Undirected,
29,42,Undirected,
29,63,Undirected,
29,69,Undirected,
29,70,Undirected,
29,71,Undirected,
29,101,Undirected,
29,106,Undirected,
29,111,Undirected,
29,112,Undirected,
29,124,Undirected,
29,126,Undirected,
29,127,Undirected,
29,132,Undirected,
30,31,Undirected,
30,32,Undirected,
30,41,Undirected,
30,46,Undirected,
30,67,Undirected,
30,69,Undirected,
30,71,Undirected,
30,72,Undirected,
30,73,Undirected,
30,74,Undirected,
30,75,Undirected,
30,98,Undirected,
30,115,Undirected,
30,116,Undirected,
30,123,Undirected,
30,124,Undirected,
30,128,Undirected,
30,132,Undirected,
30,142,Undirected,
30,143,Undirected,
30,147,Undirected,
30,148,Undirected,
30,149,Undirected,
30,157,Undirected,
31,32,Undirected,
31,36,Undirected,
31,40,Undirected,
31,47,Undirected,
31,48,Undirected,
31,57,Undirected,
31,63,Undirected,
31,66,Undirected,
31,67,Undirected,
31,69,Undirected,
31,71,Undirected,
31,72,Undirected,
31,73,Undirected,
31,74,Undirected,
31,75,Undirected,
31,88,Undirected,
31,98,Undirected,
31,107,Undirected,
31,108,Undirected,
31,113,Undirected,
31,114,Undirected,
31,115,Undirected,
31,116,Undirected,
31,119,Undirected,
31,120,Undirected,
31,121,Undirected,
31,124,Undirected,
31,127,Undirected,
31,128,Undirected,
31,130,Undirected,
31,132,Undirected,
31,136,Undirected,
31,140,Undirected,
31,142,Undirected,
31,143,Undirected,
31,148,Undirected,
31,156,Undirected,
31,157,Undirected,
31,163,Undirected,
32,43,Undirected,
32,44,Undirected,
32,45,Undirected,
32,46,Undirected,
32,69,Undirected,
32,71,Undirected,
32,73,Undirected,
32,74,Undirected,
32,75,Undirected,
32,98,Undirected,
32,99,Undirected,
32,108,Undirected,
32,115,Undirected,
32,116,Undirected,
32,121,Undirected,
32,123,Undirected,
32,124,Undirected,
32,130,Undirected,
32,131,Undirected,
32,140,Undirected,
32,142,Undirected,
32,143,Undirected,
32,147,Undirected,
32,156,Undirected,
32,157,Undirected,
33,34,Undirected,
33,35,Undirected,
33,36,Undirected,
33,37,Undirected,
33,49,Undirected,
33,58,Undirected,
33,90,Undirected,
33,91,Undirected,
33,109,Undirected,
33,133,Undirected,
33,137,Undirected,
33,138,Undirected,
33,139,Undirected,
33,152,Undirected,
33,153,Undirected,
33,154,Undirected,
33,160,Undirected,
34,35,Undirected,
34,36,Undirected,
34,37,Undirected,
34,49,Undirected,
34,50,Undirected,
34,59,Undirected,
34,78,Undirected,
34,79,Undirected,
34,133,Undirected,
34,137,Undirected,
34,138,Undirected,
34,139,Undirected,
34,146,Undirected,
34,150,Undirected,
34,151,Undirected,
34,152,Undirected,
34,153,Undirected,
34,154,Undirected,
35,36,Undirected,
35,43,Undirected,
35,44,Undirected,
35,47,Undirected,
35,52,Undirected,
35,56,Undirected,
35,90,Undirected,
35,91,Undirected,
35,139,Undirected,
35,140,Undirected,
35,141,Undirected,
35,152,Undirected,
35,153,Undirected,
35,154,Undirected,
35,156,Undirected,
35,157,Undirected,
36,41,Undirected,
36,44,Undirected,
36,47,Undirected,
36,56,Undirected,
36,74,Undirected,
36,75,Undirected,
36,140,Undirected,
36,143,Undirected,
36,148,Undirected,
36,151,Undirected,
36,152,Undirected,
36,153,Undirected,
36,154,Undirected,
36,156,Undirected,
36,157,Undirected,
36,158,Undirected,
37,56,Undirected,
37,58,Undirected,
37,59,Undirected,
37,76,Undirected,
37,78,Undirected,
37,80,Undirected,
37,94,Undirected,
37,95,Undirected,
37,137,Undirected,
37,138,Undirected,
37,139,Undirected,
37,146,Undirected,
37,150,Undirected,
37,153,Undirected,
37,154,Undirected,
37,159,Undirected,
37,160,Undirected,
38,79,Undirected,
38,81,Undirected,
38,92,Undirected,
38,93,Undirected,
38,149,Undirected,
38,152,Undirected,
38,153,Undirected,
39,61,Undirected,
39,70,Undirected,
39,77,Undirected,
39,79,Undirected,
39,84,Undirected,
39,86,Undirected,
39,87,Undirected,
39,137,Undirected,
39,145,Undirected,
39,146,Undirected,
39,150,Undirected,
39,159,Undirected,
39,161,Undirected,
39,162,Undirected,
40,42,Undirected,
40,45,Undirected,
40,46,Undirected,
40,73,Undirected,
40,101,Undirected,
40,107,Undirected,
40,117,Undirected,
40,119,Undirected,
40,120,Undirected,
40,123,Undirected,
40,142,Undirected,
40,156,Undirected,
40,161,Undirected,
41,42,Undirected,
41,53,Undirected,
41,98,Undirected,
41,147,Undirected,
41,155,Undirected,
41,156,Undirected,
41,158,Undirected,
41,162,Undirected,
42,101,Undirected,
42,107,Undirected,
42,108,Undirected,
42,119,Undirected,
42,127,Undirected,
42,132,Undirected,
42,156,Undirected,
42,161,Undirected,
42,162,Undirected,
43,44,Undirected,
43,45,Undirected,
43,47,Undirected,
43,57,Undirected,
43,58,Undirected,
43,66,Undirected,
43,88,Undirected,
43,90,Undirected,
43,91,Undirected,
43,134,Undirected,
43,135,Undirected,
43,136,Undirected,
43,140,Undirected,
43,141,Undirected,
43,142,Undirected,
43,143,Undirected,
43,156,Undirected,
44,46,Undirected,
44,52,Undirected,
44,60,Undirected,
44,90,Undirected,
44,91,Undirected,
44,99,Undirected,
44,108,Undirected,
44,109,Undirected,
44,110,Undirected,
44,117,Undirected,
44,118,Undirected,
44,134,Undirected,
44,141,Undirected,
44,142,Undirected,
44,143,Undirected,
44,154,Undirected,
44,156,Undirected,
44,157,Undirected,
44,164,Undirected,
45,46,Undirected,
45,71,Undirected,
45,72,Undirected,
45,73,Undirected,
45,74,Undirected,
45,90,Undirected,
45,91,Undirected,
45,99,Undirected,
45,108,Undirected,
45,116,Undirected,
45,117,Undirected,
45,123,Undirected,
45,136,Undirected,
45,141,Undirected,
45,142,Undirected,
45,143,Undirected,
45,157,Undirected,
45,164,Undirected,
46,72,Undirected,
46,73,Undirected,
46,74,Undirected,
46,75,Undirected,
46,91,Undirected,
46,98,Undirected,
46,99,Undirected,
46,107,Undirected,
46,108,Undirected,
46,109,Undirected,
46,110,Undirected,
46,115,Undirected,
46,116,Undirected,
46,117,Undirected,
46,118,Undirected,
46,121,Undirected,
46,122,Undirected,
46,124,Undirected,
46,129,Undirected,
46,131,Undirected,
46,134,Undirected,
46,141,Undirected,
46,142,Undirected,
46,143,Undirected,
46,148,Undirected,
46,157,Undirected,
46,163,Undirected,
46,164,Undirected,
47,48,Undirected,
47,57,Undirected,
47,58,Undirected,
47,59,Undirected,
47,65,Undirected,
47,66,Undirected,
47,67,Undirected,
47,72,Undirected,
47,74,Undirected,
47,88,Undirected,
47,89,Undirected,
47,113,Undirected,
47,114,Undirected,
47,116,Undirected,
47,136,Undirected,
47,140,Undirected,
47,143,Undirected,
48,58,Undirected,
48,59,Undirected,
48,63,Undirected,
48,65,Undirected,
48,66,Undirected,
48,67,Undirected,
48,71,Undirected,
48,72,Undirected,
48,73,Undirected,
48,88,Undirected,
48,89,Undirected,
48,106,Undirected,
48,111,Undirected,
48,112,Undirected,
48,113,Undirected,
48,114,Undirected,
48,115,Undirected,
48,116,Undirected,
48,126,Undirected,
48,127,Undirected,
48,128,Undirected,
48,132,Undirected,
48,140,Undirected,
49,52,Undirected,
49,60,Undirected,
49,86,Undirected,
49,90,Undirected,
49,133,Undirected,
49,135,Undirected,
49,138,Undirected,
49,139,Undirected,
49,146,Undirected,
49,150,Undirected,
49,159,Undirected,
49,160,Undirected,
50,51,Undirected,
50,53,Undirected,
50,54,Undirected,
50,139,Undirected,
50,144,Undirected,
50,147,Undirected,
50,151,Undirected,
50,152,Undirected,
50,155,Undirected,
51,53,Undirected,
51,54,Undirected,
51,55,Undirected,
51,86,Undirected,
51,139,Undirected,
51,144,Undirected,
51,147,Undirected,
51,151,Undirected,
51,155,Undirected,
52,54,Undirected,
52,60,Undirected,
52,61,Undirected,
52,76,Undirected,
52,90,Undirected,
52,91,Undirected,
52,109,Undirected,
52,110,Undirected,
52,133,Undirected,
52,134,Undirected,
52,138,Undirected,
52,141,Undirected,
52,146,Undirected,
52,154,Undirected,
52,159,Undirected,
52,160,Undirected,
53,54,Undirected,
53,60,Undirected,
53,110,Undirected,
53,118,Undirected,
53,133,Undirected,
53,141,Undirected,
53,144,Undirected,
53,147,Undirected,
53,148,Undirected,
53,151,Undirected,
53,152,Undirected,
53,155,Undirected,
53,157,Undirected,
54,60,Undirected,
54,61,Undirected,
54,133,Undirected,
54,144,Undirected,
54,147,Undirected,
54,151,Undirected,
54,155,Undirected,
55,144,Undirected,
56,57,Undirected,
56,78,Undirected,
56,92,Undirected,
56,93,Undirected,
56,95,Undirected,
56,133,Undirected,
56,136,Undirected,
56,153,Undirected,
57,58,Undirected,
57,59,Undirected,
57,64,Undirected,
57,66,Undirected,
57,67,Undirected,
57,88,Undirected,
57,116,Undirected,
57,135,Undirected,
57,136,Undirected,
57,140,Undirected,
57,143,Undirected,
58,59,Undirected,
58,65,Undirected,
58,66,Undirected,
58,67,Undirected,
58,79,Undirected,
58,88,Undirected,
58,89,Undirected,
58,112,Undirected,
58,113,Undirected,
58,114,Undirected,
58,139,Undirected,
58,140,Undirected,
58,154,Undirected,
59,65,Undirected,
59,66,Undirected,
59,67,Undirected,
59,79,Undirected,
59,88,Undirected,
59,89,Undirected,
59,113,Undirected,
59,114,Undirected,
59,139,Undirected,
59,140,Undirected,
59,150,Undirected,
60,61,Undirected,
60,76,Undirected,
60,77,Undirected,
60,90,Undirected,
60,91,Undirected,
60,96,Undirected,
60,109,Undirected,
60,133,Undirected,
60,134,Undirected,
60,141,Undirected,
60,146,Undirected,
60,155,Undirected,
60,159,Undirected,
60,160,Undirected,
61,76,Undirected,
61,77,Undirected,
61,79,Undirected,
61,96,Undirected,
61,97,Undirected,
61,102,Undirected,
61,137,Undirected,
61,145,Undirected,
61,146,Undirected,
61,147,Undirected,
61,155,Undirected,
61,159,Undirected,
61,162,Undirected,
62,63,Undirected,
62,64,Undirected,
62,65,Undirected,
62,70,Undirected,
62,77,Undirected,
62,83,Undirected,
62,100,Undirected,
62,101,Undirected,
62,103,Undirected,
62,106,Undirected,
62,112,Undirected,
62,114,Undirected,
62,145,Undirected,
62,150,Undirected,
63,64,Undirected,
63,65,Undirected,
63,67,Undirected,
63,70,Undirected,
63,71,Undirected,
63,72,Undirected,
63,89,Undirected,
63,101,Undirected,
63,103,Undirected,
63,106,Undirected,
63,111,Undirected,
63,112,Undirected,
63,114,Undirected,
63,127,Undirected,
63,150,Undirected,
64,65,Undirected,
64,66,Undirected,
64,70,Undirected,
64,89,Undirected,
64,101,Undirected,
64,106,Undirected,
64,111,Undirected,
64,112,Undirected,
64,113,Undirected,
64,126,Undirected,
64,127,Undirected,
64,135,Undirected,
65,66,Undirected,
65,67,Undirected,
65,70,Undirected,
65,71,Undirected,
65,72,Undirected,
65,88,Undirected,
65,89,Undirected,
65,93,Undirected,
65,101,Undirected,
65,106,Undirected,
65,111,Undirected,
65,112,Undirected,
65,113,Undirected,
65,114,Undirected,
65,126,Undirected,
65,127,Undirected,
65,150,Undirected,
66,67,Undirected,
66,72,Undirected,
66,73,Undirected,
66,74,Undirected,
66,75,Undirected,
66,88,Undirected,
66,89,Undirected,
66,113,Undirected,
66,114,Undirected,
66,115,Undirected,
66,116,Undirected,
66,124,Undirected,
66,127,Undirected,
66,128,Undirected,
66,136,Undirected,
66,140,Undirected,
66,142,Undirected,
66,143,Undirected,
67,71,Undirected,
67,72,Undirected,
67,73,Undirected,
67,74,Undirected,
67,75,Undirected,
67,88,Undirected,
67,89,Undirected,
67,106,Undirected,
67,107,Undirected,
67,113,Undirected,
67,114,Undirected,
67,115,Undirected,
67,116,Undirected,
67,119,Undirected,
67,124,Undirected,
67,127,Undirected,
67,128,Undirected,
67,130,Undirected,
67,132,Undirected,
67,136,Undirected,
67,140,Undirected,
67,142,Undirected,
67,143,Undirected,
67,163,Undirected,
68,100,Undirected,
68,125,Undirected,
69,71,Undirected,
69,73,Undirected,
69,74,Undirected,
69,75,Undirected,
69,107,Undirected,
69,115,Undirected,
69,116,Undirected,
69,119,Undirected,
69,120,Undirected,
69,121,Undirected,
69,122,Undirected,
69,123,Undirected,
69,124,Undirected,
69,130,Undirected,
69,131,Undirected,
69,132,Undirected,
69,142,Undirected,
69,157,Undirected,
69,163,Undirected,
70,71,Undirected,
70,72,Undirected,
70,73,Undirected,
70,97,Undirected,
70,101,Undirected,
70,104,Undirected,
70,106,Undirected,
70,111,Undirected,
70,112,Undirected,
70,114,Undirected,
70,145,Undirected,
70,149,Undirected,
70,150,Undirected,
70,162,Undirected,
71,72,Undirected,
71,73,Undirected,
71,74,Undirected,
71,81,Undirected,
71,92,Undirected,
71,96,Undirected,
71,97,Undirected,
71,98,Undirected,
71,106,Undirected,
71,111,Undirected,
71,113,Undirected,
71,114,Undirected,
71,115,Undirected,
71,116,Undirected,
71,121,Undirected,
71,127,Undirected,
71,128,Undirected,
71,132,Undirected,
71,148,Undirected,
71,149,Undirected,
71,157,Undirected,
72,73,Undirected,
72,74,Undirected,
72,75,Undirected,
72,89,Undirected,
72,92,Undirected,
72,93,Undirected,
72,97,Undirected,
72,98,Undirected,
72,105,Undirected,
72,106,Undirected,
72,107,Undirected,
72,113,Undirected,
72,114,Undirected,
72,115,Undirected,
72,116,Undirected,
72,128,Undirected,
72,140,Undirected,
72,142,Undirected,
72,143,Undirected,
72,145,Undirected,
72,148,Undirected,
72,157,Undirected,
73,74,Undirected,
73,75,Undirected,
73,98,Undirected,
73,107,Undirected,
73,113,Undirected,
73,115,Undirected,
73,116,Undirected,
73,119,Undirected,
73,120,Undirected,
73,121,Undirected,
73,123,Undirected,
73,124,Undirected,
73,128,Undirected,
73,130,Undirected,
73,132,Undirected,
73,140,Undirected,
73,142,Undirected,
73,143,Undirected,
73,149,Undirected,
73,157,Undirected,
73,163,Undirected,
74,75,Undirected,
74,91,Undirected,
74,98,Undirected,
74,107,Undirected,
74,115,Undirected,
74,116,Undirected,
74,119,Undirected,
74,121,Undirected,
74,123,Undirected,
74,124,Undirected,
74,128,Undirected,
74,140,Undirected,
74,142,Undirected,
74,143,Undirected,
74,152,Undirected,
74,157,Undirected,
74,164,Undirected,
75,105,Undirected,
75,107,Undirected,
75,108,Undirected,
75,115,Undirected,
75,116,Undirected,
75,118,Undirected,
75,119,Undirected,
75,120,Undirected,
75,121,Undirected,
75,122,Undirected,
75,123,Undirected,
75,124,Undirected,
75,128,Undirected,
75,130,Undirected,
75,131,Undirected,
75,140,Undirected,
75,142,Undirected,
75,143,Undirected,
75,163,Undirected,
75,164,Undirected,
76,77,Undirected,
76,78,Undirected,
76,83,Undirected,
76,87,Undirected,
76,94,Undirected,
76,100,Undirected,
76,102,Undirected,
76,103,Undirected,
76,133,Undirected,
76,137,Undirected,
76,138,Undirected,
76,145,Undirected,
76,146,Undirected,
76,159,Undirected,
76,160,Undirected,
76,162,Undirected,
77,78,Undirected,
77,80,Undirected,
77,83,Undirected,
77,96,Undirected,
77,97,Undirected,
77,104,Undirected,
77,137,Undirected,
77,145,Undirected,
77,146,Undirected,
77,150,Undirected,
77,159,Undirected,
77,162,Undirected,
78,80,Undirected,
78,83,Undirected,
78,94,Undirected,
78,95,Undirected,
78,104,Undirected,
78,137,Undirected,
78,138,Undirected,
78,146,Undirected,
78,150,Undirected,
78,159,Undirected,
79,80,Undirected,
79,97,Undirected,
79,98,Undirected,
79,114,Undirected,
79,137,Undirected,
79,145,Undirected,
79,150,Undirected,
80,82,Undirected,
80,84,Undirected,
80,86,Undirected,
80,92,Undirected,
80,94,Undirected,
80,96,Undirected,
80,97,Undirected,
80,104,Undirected,
80,138,Undirected,
80,146,Undirected,
80,150,Undirected,
80,159,Undirected,
81,85,Undirected,
81,92,Undirected,
81,93,Undirected,
81,96,Undirected,
81,97,Undirected,
81,149,Undirected,
82,83,Undirected,
82,84,Undirected,
82,85,Undirected,
82,86,Undirected,
82,87,Undirected,
82,94,Undirected,
82,137,Undirected,
82,146,Undirected,
83,84,Undirected,
83,85,Undirected,
83,86,Undirected,
83,87,Undirected,
83,94,Undirected,
83,100,Undirected,
83,101,Undirected,
83,102,Undirected,
83,103,Undirected,
83,137,Undirected,
83,146,Undirected,
83,150,Undirected,
83,159,Undirected,
83,161,Undirected,
83,162,Undirected,
84,85,Undirected,
84,86,Undirected,
84,87,Undirected,
84,92,Undirected,
84,94,Undirected,
84,104,Undirected,
84,138,Undirected,
84,146,Undirected,
84,150,Undirected,
84,158,Undirected,
85,86,Undirected,
85,87,Undirected,
85,137,Undirected,
86,87,Undirected,
86,94,Undirected,
86,104,Undirected,
86,137,Undirected,
86,138,Undirected,
86,146,Undirected,
86,150,Undirected,
86,160,Undirected,
86,162,Undirected,
87,102,Undirected,
87,103,Undirected,
87,137,Undirected,
87,161,Undirected,
87,162,Undirected,
88,89,Undirected,
88,112,Undirected,
88,113,Undirected,
88,114,Undirected,
88,136,Undirected,
88,139,Undirected,
88,140,Undirected,
89,101,Undirected,
89,111,Undirected,
89,112,Undirected,
89,113,Undirected,
89,114,Undirected,
89,126,Undirected,
89,127,Undirected,
89,128,Undirected,
89,140,Undirected,
90,91,Undirected,
90,108,Undirected,
90,109,Undirected,
90,117,Undirected,
90,134,Undirected,
90,138,Undirected,
90,139,Undirected,
90,141,Undirected,
90,143,Undirected,
90,154,Undirected,
90,164,Undirected,
91,108,Undirected,
91,109,Undirected,
91,110,Undirected,
91,117,Undirected,
91,129,Undirected,
91,134,Undirected,
91,141,Undirected,
91,142,Undirected,
91,143,Undirected,
91,154,Undirected,
91,157,Undirected,
91,164,Undirected,
92,93,Undirected,
92,96,Undirected,
92,97,Undirected,
92,104,Undirected,
92,105,Undirected,
93,95,Undirected,
93,96,Undirected,
93,97,Undirected,
93,104,Undirected,
93,105,Undirected,
93,145,Undirected,
94,95,Undirected,
94,104,Undirected,
94,105,Undirected,
94,133,Undirected,
94,138,Undirected,
94,146,Undirected,
94,150,Undirected,
94,159,Undirected,
94,160,Undirected,
95,104,Undirected,
95,105,Undirected,
95,133,Undirected,
95,138,Undirected,
95,146,Undirected,
95,150,Undirected,
95,159,Undirected,
96,97,Undirected,
96,98,Undirected,
96,104,Undirected,
96,105,Undirected,
96,145,Undirected,
96,146,Undirected,
97,98,Undirected,
97,104,Undirected,
97,105,Undirected,
97,145,Undirected,
97,147,Undirected,
97,149,Undirected,
97,155,Undirected,
98,99,Undirected,
98,108,Undirected,
98,113,Undirected,
98,115,Undirected,
98,116,Undirected,
98,142,Undirected,
98,147,Undirected,
98,148,Undirected,
98,155,Undirected,
98,157,Undirected,
98,164,Undirected,
99,108,Undirected,
99,115,Undirected,
99,116,Undirected,
99,130,Undirected,
99,131,Undirected,
99,142,Undirected,
99,143,Undirected,
99,148,Undirected,
99,156,Undirected,
99,157,Undirected,
99,163,Undirected,
99,164,Undirected,
100,101,Undirected,
100,103,Undirected,
100,146,Undirected,
100,159,Undirected,
101,106,Undirected,
101,111,Undirected,
101,112,Undirected,
101,114,Undirected,
101,126,Undirected,
101,127,Undirected,
101,132,Undirected,
101,161,Undirected,
102,103,Undirected,
102,145,Undirected,
102,146,Undirected,
102,162,Undirected,
103,146,Undirected,
103,162,Undirected,
104,105,Undirected,
104,145,Undirected,
104,146,Undirected,
104,159,Undirected,
105,145,Undirected,
106,111,Undirected,
106,112,Undirected,
106,113,Undirected,
106,114,Undirected,
106,125,Undirected,
106,126,Undirected,
106,127,Undirected,
106,132,Undirected,
107,108,Undirected,
107,113,Undirected,
107,115,Undirected,
107,116,Undirected,
107,118,Undirected,
107,119,Undirected,
107,120,Undirected,
107,121,Undirected,
107,122,Undirected,
107,123,Undirected,
107,124,Undirected,
107,128,Undirected,
107,129,Undirected,
107,130,Undirected,
107,131,Undirected,
107,140,Undirected,
107,142,Undirected,
107,156,Undirected,
107,163,Undirected,
107,164,Undirected,
108,113,Undirected,
108,115,Undirected,
108,116,Undirected,
108,117,Undirected,
108,119,Undirected,
108,120,Undirected,
108,121,Undirected,
108,122,Undirected,
108,123,Undirected,
108,124,Undirected,
108,129,Undirected,
108,130,Undirected,
108,131,Undirected,
108,142,Undirected,
108,143,Undirected,
108,163,Undirected,
108,164,Undirected,
109,110,Undirected,
109,117,Undirected,
109,129,Undirected,
109,134,Undirected,
109,141,Undirected,
109,154,Undirected,
109,160,Undirected,
109,164,Undirected,
110,117,Undirected,
110,118,Undirected,
110,120,Undirected,
110,124,Undirected,
110,134,Undirected,
110,141,Undirected,
110,142,Undirected,
110,148,Undirected,
110,156,Undirected,
110,157,Undirected,
111,112,Undirected,
111,113,Undirected,
111,114,Undirected,
111,125,Undirected,
111,126,Undirected,
111,127,Undirected,
111,132,Undirected,
112,113,Undirected,
112,114,Undirected,
112,125,Undirected,
112,126,Undirected,
112,127,Undirected,
113,114,Undirected,
113,115,Undirected,
113,116,Undirected,
113,119,Undirected,
113,122,Undirected,
113,124,Undirected,
113,126,Undirected,
113,127,Undirected,
113,128,Undirected,
113,130,Undirected,
113,132,Undirected,
113,140,Undirected,
113,143,Undirected,
113,163,Undirected,
114,115,Undirected,
114,116,Undirected,
114,126,Undirected,
114,127,Undirected,
114,128,Undirected,
114,140,Undirected,
114,148,Undirected,
115,116,Undirected,
115,118,Undirected,
115,119,Undirected,
115,120,Undirected,
115,121,Undirected,
115,122,Undirected,
115,123,Undirected,
115,124,Undirected,
115,128,Undirected,
115,129,Undirected,
115,130,Undirected,
115,131,Undirected,
115,132,Undirected,
115,140,Undirected,
115,142,Undirected,
115,143,Undirected,
115,149,Undirected,
115,157,Undirected,
115,163,Undirected,
115,164,Undirected,
116,118,Undirected,
116,119,Undirected,
116,120,Undirected,
116,121,Undirected,
116,122,Undirected,
116,123,Undirected,
116,124,Undirected,
116,128,Undirected,
116,130,Undirected,
116,131,Undirected,
116,132,Undirected,
116,140,Undirected,
116,142,Undirected,
116,143,Undirected,
116,148,Undirected,
116,156,Undirected,
116,157,Undirected,
116,163,Undirected,
116,164,Undirected,
117,123,Undirected,
117,134,Undirected,
117,141,Undirected,
117,142,Undirected,
117,143,Undirected,
117,156,Undirected,
117,164,Undirected,
118,119,Undirected,
118,120,Undirected,
118,121,Undirected,
118,122,Undirected,
118,124,Undirected,
118,129,Undirected,
118,130,Undirected,
118,131,Undirected,
118,134,Undirected,
118,142,Undirected,
118,148,Undirected,
118,156,Undirected,
118,157,Undirected,
118,163,Undirected,
119,120,Undirected,
119,121,Undirected,
119,122,Undirected,
119,123,Undirected,
119,124,Undirected,
119,128,Undirected,
119,129,Undirected,
119,130,Undirected,
119,131,Undirected,
119,132,Undirected,
119,142,Undirected,
119,156,Undirected,
119,163,Undirected,
119,164,Undirected,
120,121,Undirected,
120,122,Undirected,
120,123,Undirected,
120,124,Undirected,
120,128,Undirected,
120,129,Undirected,
120,130,Undirected,
120,131,Undirected,
120,142,Undirected,
120,156,Undirected,
120,163,Undirected,
120,164,Undirected,
121,122,Undirected,
121,123,Undirected,
121,124,Undirected,
121,128,Undirected,
121,129,Undirected,
121,130,Undirected,
121,131,Undirected,
121,132,Undirected,
121,142,Undirected,
121,163,Undirected,
121,164,Undirected,
122,123,Undirected,
122,124,Undirected,
122,128,Undirected,
122,129,Undirected,
122,130,Undirected,
122,131,Undirected,
122,132,Undirected,
122,142,Undirected,
122,163,Undirected,
122,164,Undirected,
123,124,Undirected,
123,128,Undirected,
123,130,Undirected,
123,131,Undirected,
123,132,Undirected,
123,136,Undirected,
123,142,Undirected,
123,163,Undirected,
124,128,Undirected,
124,130,Undirected,
124,131,Undirected,
124,132,Undirected,
124,140,Undirected,
124,142,Undirected,
124,156,Undirected,
124,163,Undirected,
124,164,Undirected,
126,127,Undirected,
126,132,Undirected,
126,161,Undirected,
127,132,Undirected,
127,161,Undirected,
128,130,Undirected,
128,132,Undirected,
128,140,Undirected,
128,142,Undirected,
128,143,Undirected,
128,163,Undirected,
129,130,Undirected,
129,131,Undirected,
129,163,Undirected,
129,164,Undirected,
130,131,Undirected,
130,142,Undirected,
130,163,Undirected,
130,164,Undirected,
131,142,Undirected,
131,163,Undirected,
131,164,Undirected,
132,156,Undirected,
132,157,Undirected,
132,163,Undirected,
133,137,Undirected,
133,138,Undirected,
133,146,Undirected,
133,159,Undirected,
133,160,Undirected,
133,162,Undirected,
134,141,Undirected,
134,142,Undirected,
134,156,Undirected,
134,157,Undirected,
134,164,Undirected,
135,136,Undirected,
135,162,Undirected,
136,140,Undirected,
136,143,Undirected,
137,138,Undirected,
137,139,Undirected,
137,145,Undirected,
137,146,Undirected,
137,153,Undirected,
137,154,Undirected,
137,159,Undirected,
137,161,Undirected,
137,162,Undirected,
138,139,Undirected,
138,146,Undirected,
138,150,Undirected,
138,154,Undirected,
138,159,Undirected,
138,160,Undirected,
139,150,Undirected,
139,151,Undirected,
139,152,Undirected,
139,153,Undirected,
139,154,Undirected,
140,142,Undirected,
140,143,Undirected,
141,143,Undirected,
141,154,Undirected,
141,155,Undirected,
141,157,Undirected,
141,164,Undirected,
142,143,Undirected,
142,148,Undirected,
142,156,Undirected,
142,157,Undirected,
142,163,Undirected,
142,164,Undirected,
143,157,Undirected,
143,164,Undirected,
144,147,Undirected,
144,151,Undirected,
145,146,Undirected,
145,159,Undirected,
145,162,Undirected,
146,150,Undirected,
146,159,Undirected,
146,160,Undirected,
146,162,Undirected,
147,148,Undirected,
147,151,Undirected,
147,155,Undirected,
147,157,Undirected,
147,158,Undirected,
148,152,Undirected,
148,153,Undirected,
148,157,Undirected,
150,162,Undirected,
151,152,Undirected,
151,153,Undirected,
151,155,Undirected,
152,153,Undirected,
152,154,Undirected,
152,155,Undirected,
152,157,Undirected,
153,154,Undirected,
153,157,Undirected,
155,157,Undirected,
155,158,Undirected,
156,157,Undirected,
156,158,Undirected,
156,163,Undirected,
159,160,Undirected,
159,162,Undirected,
161,162,Undirected,
163,164,Undirected,
